CTID,species,tissue_class,tissue_type,uberonongology_id,cancer_type,major_cell_type,cell_name,cellontology_id,marker,Symbol,GeneID,Genetype,Genename,UNIPROTID,PMID,Paper_Title,journal,year,technology_type_for_discovery,technology_platform_for_discovery,Phenotype_type,Phenotype_label,model_type,technology_type_for_validation,technology_platform_for_validation,evidence_type,Phenotype_evidence,curator
CT001,Human,Liver,Liver,,Hepatocelluar carcinoma,Macrophages,SPP1+ macrophages,,,"SPP1,CD68,LUM,TIMP1",,,,,36708811,Identification of a tumour immune barrier in the HCC microenvironment that determines the efficacy of immunotherapy,Journal of hepatology,2023,spatial transcriptome,10 × Spatial,Clinical phenotype,shorter survival,clinical samples,survival analysis,analysis,clinical data,"Notably, patients with HCC and higher infiltration of SPP1+ macrophages had shorter overall survival in three independent cohorts (Fig. 3G and Fig. S4E-F) and shorter progression-free survival in the TCGA LIHC cohort (the only cohort with available progression-free survival information) (Fig. S4G).",
CT002,Human,Liver,Liver,,Hepatocelluar carcinoma,Macrophages,SPP1+ macrophages,,,"SPP1,CD68,LUM,TIMP1",,,,,36708811,Identification of a tumour immune barrier in the HCC microenvironment that determines the efficacy of immunotherapy,Journal of hepatology,2023,spatial transcriptome,10 × Spatial,Biological phenotype,immuno suppression,clinical samples,multiplex immunohistochemistry,"SignalStain® Boost
IHC",protein,"mIHC staining showed that SPP1+ macrophages tended to localize at the tumour boundary, whereas CD8+ T cells localized outside the TIB rather than in the tumour core of ICB non-responders (Fig. 5H), while there was less infiltration of SPP1+ macrophages and more infiltration of CD8+ T cells in the tumours of responders (Fig. 5I).",
CT003,Human,Liver,Liver,,Hepatocelluar carcinoma,Macrophages,SPP1+ macrophages,,,"SPP1,CD68,LUM,TIMP1",,,,,36708811,Identification of a tumour immune barrier in the HCC microenvironment that determines the efficacy of immunotherapy,Journal of hepatology,2023,spatial transcriptome,10 × Spatial,Biological phenotype,immuno suppression,mice,multiplex immunohistochemistry,"SignalStain® Boost
IHC",protein,"the anti-SPP1 and anti-PD-1 combination dramatically increased the overall survival of tumour-bearing GDL mice (Fig. 6I). Further-more, the combination of anti-SPP1 and anti-PD-1 treatment also markedly reduced the proportion of aSMA+ ﬁbroblasts and increased the proportion of CD8+ T cells in the tumour region (Fig. 6J). In addition, we validated the blockade of SPP1 (Fig. S8F-H) or conditional knockout of macrophage-speciﬁc deletion of Spp1 in mice",
CT004,Human,Liver,Liver,,Hepatocelluar carcinoma,Fibroblast,Cancer-associated fibroblast,,,"SPP1,CD68,LUM,TIMP2",,,,,36708811,Identification of a tumour immune barrier in the HCC microenvironment that determines the efficacy of immunotherapy,Journal of hepatology,2023,spatial transcriptome,10 × Spatial,Biological phenotype,immuno suppression,mice,multiplex immunohistochemistry,"SignalStain® Boost
IHC",protein,"the anti-SPP1 and anti-PD-1 combination dramatically increased the overall survival of tumour-bearing GDL mice (Fig. 6I). Further-more, the combination of anti-SPP1 and anti-PD-1 treatment also markedly reduced the proportion of aSMA+ ﬁbroblasts and increased the proportion of CD8+ T cells in the tumour region (Fig. 6J). In addition, we validated the blockade of SPP1 (Fig. S8F-H) or conditional knockout of macrophage-speciﬁc deletion of Spp1 in mice",
CT005,Human,Liver,Liver,,Hepatocelluar carcinoma,T cell,CD4+ TCM,,,"IL7R,ANXA1,CCR7,LTB,CXCR4,CRIP1,TSC22D3,CD2,RP11-138A9.2,CCR6",,,,,35933472,A single-cell atlas of the multicellular ecosystem of primary and metastatic hepatocellular carcinoma,nature communications,2022,single cell transcriptome,10× Genomics,Clinical phenotype,longer survival,clinical samples,survival analysis,analysis,clinical data,"Clinical relevance analysis showed that higher abundances of CD4+ TCM or CD20+ B cells in tumors are associated with improved patient’s survival (Fig. 2d and Supplementary Fig. 4e), supporting their antitumor activities.",
CT006,Human,Liver,Liver,,Hepatocelluar carcinoma,T cell,CD4+ TCM,,,"IL7R,ANXA1,CCR7,LTB,CXCR4,CRIP1,TSC22D3,CD2,RP11-138A9.2,CCR6",,,,,35933472,A single-cell atlas of the multicellular ecosystem of primary and metastatic hepatocellular carcinoma,nature communications,2022,single cell transcriptome,10× Genomics,Clinical phenotype,existence,clinical samples,immunohistochemistry,"IHC Kit (PerkinElmer, USA)",protein,"Indeed, the coexistence of CD8+ T, CD4+ TCM and CD20+ B cell aggregates is detected in four out of nine patients assessed by immunohistochemistry (IHC) assays (Fig. 2b and Supplementary Fig. 3d).",
CT007,Human,Liver,Liver,,Hepatocelluar carcinoma,B cell,CD20+ B cells,,,"MS4A1,CD79A,GPR183,BANK1,LY9,SMIM14,TNFRSF13C,RP5-887A10.1,EZR,CD37",,,,,35933472,A single-cell atlas of the multicellular ecosystem of primary and metastatic hepatocellular carcinoma,nature communications,2022,single cell transcriptome,10× Genomics,Clinical phenotype,longer survival,clinical samples,survival analysis,analysis,clinical data,"Clinical relevance analysis showed that higher abundances of CD4+ TCM or CD20+ B cells in tumors are associated with improved patient’s survival (Fig. 2d and Supplementary Fig. 4e), supporting their antitumor activities.",
CT008,Human,Liver,Liver,,Hepatocelluar carcinoma,B cell,CD20+ B cells,,,"MS4A1,CD79A,GPR183,BANK1,LY9,SMIM14,TNFRSF13C,RP5-887A10.1,EZR,CD37",,,,,35933472,A single-cell atlas of the multicellular ecosystem of primary and metastatic hepatocellular carcinoma,nature communications,2022,single cell transcriptome,10× Genomics,Clinical phenotype,existence,clinical samples,immunohistochemistry,"IHC Kit (PerkinElmer, USA)",clinical data,"Indeed, the coexistence of CD8+ T, CD4+ TCM and CD20+ B cell aggregates is detected in four out of nine patients assessed by immunohistochemistry (IHC) assays (Fig. 2b and Supplementary Fig. 3d).",
CT009,Human,Liver,Liver,,Hepatocelluar carcinoma,Macrophages,MMP9+ macrophages,,,"MMP9,SPP117,ITGAM,CD45,CD68",,,,,35933472,A single-cell atlas of the multicellular ecosystem of primary and metastatic hepatocellular carcinoma,nature communications,2022,single cell transcriptome,10× Genomics,Clinical phenotype,shorter survival,clinical samples,survival analysis,analysis,clinical data,We further examined the clinical relevance of these two subtypes of TAMs in two additional HCC cohorts and found that higher abundance of MMP9+ TAMs in tumors is strongly associated with worse overall survival.,
CT010,Human,Liver,Liver,,Hepatocelluar carcinoma,Macrophages,MMP9+ macrophages,,,"MMP9,SPP117,ITGAM,CD45,CD68",,,,,35933472,A single-cell atlas of the multicellular ecosystem of primary and metastatic hepatocellular carcinoma,nature communications,2022,single cell transcriptome,10× Genomics,Biological phenotype,migration,cell line,co-culture,"Proteintech,Abcam",protein,"We observed that co-culturing with MMP9+ TAMs significantly promoted themigration and invasion ofHCC cells and the tube formation of human umbilical vein endothelial cells (HUVECs) (Fig. 3d–f and Supplementary Fig. 7a, b), suggesting that the MMP9+ TAMs could promote HCC progression through inducing HCC cells migration, invasion, and tumor angiogenesis.",
CT011,Human,Liver,Liver,,Hepatocelluar carcinoma,Macrophages,MMP9+ macrophages,,,"MMP9,SPP117,ITGAM,CD45,CD68",,,,,35933472,A single-cell atlas of the multicellular ecosystem of primary and metastatic hepatocellular carcinoma,nature communications,2022,single cell transcriptome,10× Genomics,Biological phenotype,invasion,cell line,co-culture,"Proteintech,Abcam",protein,"We observed that co-culturing with MMP9+ TAMs significantly promoted themigration and invasion ofHCC cells and the tube formation of human umbilical vein endothelial cells (HUVECs) (Fig. 3d–f and Supplementary Fig. 7a, b), suggesting that the MMP9+ TAMs could promote HCC progression through inducing HCC cells migration, invasion, and tumor angiogenesis.",
CT012,Human,Liver,Liver,,Hepatocelluar carcinoma,Macrophages,MMP9+ macrophages,,,"MMP9,SPP117,ITGAM,CD45,CD68",,,,,35933472,A single-cell atlas of the multicellular ecosystem of primary and metastatic hepatocellular carcinoma,nature communications,2022,single cell transcriptome,10× Genomics,Biological phenotype,angiogenesis,cell line,co-culture,"Proteintech,Abcam",protein,"We observed that co-culturing with MMP9+ TAMs significantly promoted themigration and invasion ofHCC cells and the tube formation of human umbilical vein endothelial cells (HUVECs) (Fig. 3d–f and Supplementary Fig. 7a, b), suggesting that the MMP9+ TAMs could promote HCC progression through inducing HCC cells migration, invasion, and tumor angiogenesis.",
CT013,Human,Liver,Liver,,Hepatocelluar carcinoma,Macrophages,SPP1+ macrophages,,," CD68, MAFB, CSF1R, CD14 ",,,,,35303421,Immune phenotypic linkage between colorectal cancer and liver metastasis,Cancer Cell,2022,single cell transcriptome,10× Genomics and Smart-seq2,Clinical phenotype,shorter survival,clinical samples,survival analysis,analysis,clinical data,Patients with higher levels of SPP1 alone or of the signature of SPP1+ TAMs were associated with worse overall survival (OS) in treatment-naive patients (Figures 5E and 5F).,
CT014,Human,Liver,Liver,,Hepatocelluar carcinoma,Macrophages,SPP1+ macrophages,,," CD68, MAFB, CSF1R, CD14 ",,,,,35303421,Immune phenotypic linkage between colorectal cancer and liver metastasis,Cancer Cell,2022,single cell transcriptome,10× Genomics and Smart-seq2,Clinical phenotype,higher proportion,clinical samples,Flow cytometry,Flow cytometry,protein,"The florescence-activated cell sorting (FACS) analysis further validated that SPP1+ TAMs were enriched in Liv.Mets despite their absence in non-metastatic HCC, and such enrichment in metastatic tumors was even higher compared with matched primary CRC tumors",
CT015,Human,Liver,Liver,,Hepatocelluar carcinoma,Macrophages,SPP1+ macrophages,,," CD68, MAFB, CSF1R, CD14 ",,,,,35303421,Immune phenotypic linkage between colorectal cancer and liver metastasis,Cancer Cell,2022,single cell transcriptome,10× Genomics and Smart-seq2,Clinical phenotype,higher proportion,clinical samples,immunohistochemistry,Abcam,protein,"Multicolor immunohistochemistry (IHC) also confirmed the existence of this TAM subset, indicated by the co-expression of CD68 and MARCO at both Pri.CT (Figure S5E) and Liv.Mets.",
CT016,Human,Gut,Colorectum,,Colorectal adenocarcinoma,Cancer stem cells,Cancer stem cells,,,"CD133/PROM1, LGR5",,,,,8061397,Colorectal Cancer Stem Cell States Uncovered by Simultaneous Single-Cell Analysis of Transcriptome and Telomeres,Advanced science,2021,single cell transcriptome,10× Genomics and Smart-seq2,Clinical phenotype,shorter survival,clinical samples,survival analysis,analysis,clinical data,"Moreover CRC patients with a high CSC signature represented by the CSC specific genes (NOTUM, SMOC2, BAMBI, PHLDA1, TNFRSF19, PROX1, IFI27, and ERBB3) exhibited significantly worse survival",Zhihong Lin
CT017,Human,Gut,Colorectum,,Colorectal adenocarcinoma,Cancer stem cells,Cancer stem cells,,,"CD133/PROM1, LGR5",,,,,8061397,Colorectal Cancer Stem Cell States Uncovered by Simultaneous Single-Cell Analysis of Transcriptome and Telomeres,Advanced science,2021,single cell transcriptome,10× Genomics and Smart-seq2,Clinical phenotype,low proliferation,clinical samples,immunohistochemistry,"BD Biosciences, Miltenyi Biotec",protein,These immunofluorescence in situ data were consistent with our single-cell analysis results that proliferation is low in CSCs,Zhihong Lin
CT018,Human,Gut,Colorectum,,Colorectal adenocarcinoma,Cancer stem cells,Cancer stem cells,,," CD133/PROM1, LGR5",,,,,8061397,Colorectal Cancer Stem Cell States Uncovered by Simultaneous Single-Cell Analysis of Transcriptome and Telomeres,Advanced science,2021,single cell transcriptome,10× Genomics and Smart-seq2,Biological phenotype,short telomeres,clinical samples, fluorescence in situ hybridization,Panagene,DNA," IF-FISH  of tumors using CSC feature genes (e.g., BAMBI and TNFRSF19) showed that telomeres were notably shorter in a subset of the marker positive cells than in negative cells",Zhihong Lin
CT019,Human,Gut,Colorectum,,Colorectal adenocarcinoma,Stromal cells,mesenchymal stromal cells,,," COL1A1, COL3A1",,,,,8976074,Single-cell and spatial analysis reveal interaction of FAP+ fibroblasts and SPP1+ macrophages in colorectal cancer,Nature communications,2022,single cell transcriptome,10× Genomics,Clinical phenotype,shorter survival,clinical samples,survival analysis,analysis,clinical data,The Kaplan–Meier curves showed patients with higher infiltration of MSCs (left) or myeloid cells (right) are associated with worse OS (d) and PFS (e) in TCGA COAD/READ cohort,Zhihong Lin
CT020,Human,Gut,Colorectum,,Colorectal adenocarcinoma,Myeloid cells,myeloid cells,,," CD14, FCGR3A",,,,,8976074,Single-cell and spatial analysis reveal interaction of FAP+ fibroblasts and SPP1+ macrophages in colorectal cancer,Nature communications,2022,single cell transcriptome,10× Genomics,Clinical phenotype,shorter survival,clinical samples,survival analysis,analysis,clinical data,"In addition, greater infiltration of myeloid cells was also associated with worse OS ",Zhihong Lin
CT021,Human,Gut,Colorectum,,Colorectal adenocarcinoma,Fibroblast cell,FAP+ fibroblasts,,,"FAP, MMP1, MMP3",,,,,8976074,Single-cell and spatial analysis reveal interaction of FAP+ fibroblasts and SPP1+ macrophages in colorectal cancer,Nature communications,2022,single cell transcriptome,10× Genomics,Clinical phenotype,shorter survival,clinical samples,survival analysis,analysis,clinical data,"Interestingly, CRC patients with higher degrees of FAP+ fibroblasts infiltration exhibited shorter PFS in both the TCGA and dataset GSE17536 related cohorts (Fig. 3e, Supplementary Fig. 4c).",Zhihong Lin
CT022,Human,Gut,Colorectum,,Colorectal adenocarcinoma,Fibroblast cell,FAP+ fibroblasts,,,"FAP, MMP1, MMP3",,,,,8976074,Single-cell and spatial analysis reveal interaction of FAP+ fibroblasts and SPP1+ macrophages in colorectal cancer,Nature communications,2022,single cell transcriptome,10× Genomics,Clinical phenotype,immunotherapy resistance,clinical samples,single cell transcriptome,analysis,clinical data,FAP- or SPP1-enriched patients have a significantly poorer response to anti-PD-L1 treatment than other patients,Zhihong Lin
CT023,Human,Gut,Colorectum,,Colorectal adenocarcinoma,Macrophages,SPP1+ macrophages,,," SPP1, CD206",,,,,8976074,Single-cell and spatial analysis reveal interaction of FAP+ fibroblasts and SPP1+ macrophages in colorectal cancer,Nature communications,2022,single cell transcriptome,10× Genomics,Clinical phenotype,immunotherapy resistance,clinical samples,single cell transcriptome,analysis,clinical data,FAP- or SPP1-enriched patients have a significantly poorer response to anti-PD-L1 treatment than other patients,Zhihong Lin
CT024,Human,Gut,Colorectum,,Colorectal adenocarcinoma,Fibroblast cell,FAP+ fibroblasts,,,"FAP, MMP1, MMP3",,,,,8976074,Single-cell and spatial analysis reveal interaction of FAP+ fibroblasts and SPP1+ macrophages in colorectal cancer,Nature communications,2022,spatial transcriptome,Visium Spatial platform,Biological phenotype,co-localization,clinical samples,immunofluorescence,Biolegend,spatial,We further examined whether FAP+ fibroblasts and SPP1+ macrophages localize closely in CRC tissues.,Zhihong Lin
CT025,Human,Gut,Colorectum,,Colorectal adenocarcinoma,Macrophages,SPP1+ macrophages,,," SPP1, CD206",,,,,8976074,Single-cell and spatial analysis reveal interaction of FAP+ fibroblasts and SPP1+ macrophages in colorectal cancer,Nature communications,2022,spatial transcriptome,Visium Spatial platform,Biological phenotype,co-localization,clinical samples,immunofluorescence,Biolegend,spatial,We further examined whether FAP+ fibroblasts and SPP1+ macrophages localize closely in CRC tissues.,Zhihong Lin
CT026,Human,Gut,Colorectum,,Colorectal adenocarcinoma,Macrophages,SPP1+ macrophages,,,"SPP1, CD68",,,,,36656712,Spatial and single-cell transcriptomics decipher the cellular environment containing HLA-G+ cancer cells and SPP1+ macrophages in colorectal cancer,Cell reports,2023,single cell transcriptome,10× Genomics,Biological phenotype,invasion,clinical samples,immunofluorescence,Abcam,protein," Fluorescence multiplex immunostaining showed that macrophages were present throughout the tumor; however, SPP1+ macrophages were present only at the invasive front ",Zhihong Lin
CT027,Human,Gut,Colorectum,,Colorectal adenocarcinoma,Macrophages,SPP1+ macrophages,,,"SPP1, CD68",,,,,36656712,Spatial and single-cell transcriptomics decipher the cellular environment containing HLA-G+ cancer cells and SPP1+ macrophages in colorectal cancer,Cell reports,2023,single cell transcriptome,10× Genomics,Biological phenotype,higher in budding areas,clinical samples,immunohistochemistry,Abcam,protein,A comparison between the percentage of SPP1+ macrophages in the center of the tumor versus that in budding and non-budding areas at the invasive front showed that the rate of SPP1+ macrophages was significantly higher in budding areas (Figures 5C and 5D).,Zhihong Lin
CT028,Human,Gut,Colorectum,,Colorectal adenocarcinoma,Cancer cell,HLA-G+ cancer cells,,,HLA-G+,,,,,36656712,Spatial and single-cell transcriptomics decipher the cellular environment containing HLA-G+ cancer cells and SPP1+ macrophages in colorectal cancer,Cell reports,2023,single cell transcriptome,10× Genomics,Biological phenotype,tumor growth,cell line(MC-38),immunohistochemistry,Santa Cruz Biotechnology,protein," H2-M3 KO reduced CRC tumor volume in xenograft mouse models (Figures 6B and 6C). To investigate the cause, we performed IHC of the tumor xenografts and observed that tumor tissue from H2-M3 KO cells exhibited weaker H2-M3 staining and higher SPP1 and CD68 staining (SPP1+ macrophages) compared with wild-type cells (Figures 6D and 6E). ",Zhihong Lin
CT029,Human,Gut,Colorectum,,Colorectal adenocarcinoma,Macrophages,SPP1+ macrophages,,,"SPP1, CD68",,,,,36656712,Spatial and single-cell transcriptomics decipher the cellular environment containing HLA-G+ cancer cells and SPP1+ macrophages in colorectal cancer,Cell reports,2023,single cell transcriptome,10× Genomics,Biological phenotype,tumor growth,cell line(MC-38),immunohistochemistry,Santa Cruz Biotechnology,protein," H2-M3 KO reduced CRC tumor volume in xenograft mouse models (Figures 6B and 6C). To investigate the cause, we performed IHC of the tumor xenografts and observed that tumor tissue from H2-M3 KO cells exhibited weaker H2-M3 staining and higher SPP1 and CD68 staining (SPP1+ macrophages) compared with wild-type cells (Figures 6D and 6E). ",Zhihong Lin
CT030,Human,Gut,Colorectum,,Colorectal adenocarcinoma,Macrophages,APOE+CTSZ+tumor-associated macrophage,,,"APOE, CCL18, GPNMB, CTSL, SEPP1, CTSZ",,,,,36587392, Single-cell and spatial analyses reveal the association between gene expression of glutamine synthetase with the immunosuppressive phenotype of APOE+CTSZ+TAM in cancers.,Molecular oncology,2023,single cell transcriptome,CRC Single Cell Portal,Clinical phenotype,shorter survival,clinical samples,survival analysis,analysis,clinical data,We analyzed the expression of APOE and CTSZ within the bulk transcriptomes of CRC and found that the higher level of jointed APOE and CTSZ expression was correlated with worse overall survival，and disease-free survival in TCGA-COADREAD,Zhihong Lin
CT031,Human,Gut,Colorectum,,Colorectal adenocarcinoma,T cell,regulatory T cells,,,"FOXP3, CTLA4, LTB, ICOS",,,,,36587392, Single-cell and spatial analyses reveal the association between gene expression of glutamine synthetase with the immunosuppressive phenotype of APOE+CTSZ+TAM in cancers.,Molecular oncology,2023,single cell transcriptome,CRC Single Cell Portal,Biological phenotype,co-localization,clinical samples,multiplex immunofluorescence,Opal™ 7-Color IHC Kits,protein,"we performed mIF on available clinical CRC tissue. Immunofluorescent labeling demonstrated CD68/APOE-positive and CD68/CTSZ-positive cells localized and overlapped with GLUL-positive cells (Fig. 7A,B; Fig. S10) and colocalized with FOXP3-positive cells in nine CRC tissues sections",Zhihong Lin
CT032,Human,Gut,Colorectum,,Colorectal adenocarcinoma,Macrophages,APOE+CTSZ+tumor-associated macrophage,,,"APOE, CCL18, GPNMB, CTSL, SEPP1, CTSZ",,,,,36587392, Single-cell and spatial analyses reveal the association between gene expression of glutamine synthetase with the immunosuppressive phenotype of APOE+CTSZ+TAM in cancers.,Molecular oncology,2023,single cell transcriptome,CRC Single Cell Portal,Biological phenotype,co-localization,clinical samples,multiplex immunofluorescence,Opal™ 7-Color IHC Kits,protein,"we performed mIF on available clinical CRC tissue. Immunofluorescent labeling demonstrated CD68/APOE-positive and CD68/CTSZ-positive cells localized and overlapped with GLUL-positive cells (Fig. 7A,B; Fig. S10) and colocalized with FOXP3-positive cells in nine CRC tissues sections",Zhihong Lin
CT033,Human,Gut,Colorectum,,Colorectal adenocarcinoma,Macrophages,APOE+CTSZ+tumor-associated macrophage,,,"APOE, CCL18, GPNMB, CTSL, SEPP1, CTSZ",,,,,36587392, Single-cell and spatial analyses reveal the association between gene expression of glutamine synthetase with the immunosuppressive phenotype of APOE+CTSZ+TAM in cancers.,Molecular oncology,2023,spatial transcriptome,Stereo-seq,Biological phenotype,co-localization,clinical samples,spatial transcriptome,Stereo-seq,spatial,"Score of Macro_APOE/CTSZ and Treg signatures in each spot highlighted Macro_APOE/CTSZ and Treg may have colocalization in the same spot (Fig. 6C,D). In addition, the signature score of Macro_APOE/CTSZ and Treg showed a significantly positive correlation in two clinical samples ",Zhihong Lin
CT034,Human,Gut,Colorectum,,Colorectal adenocarcinoma,T cell,regulatory T cells,,,"FOXP3, CTLA4, LTB, ICOS",,,,,36587392, Single-cell and spatial analyses reveal the association between gene expression of glutamine synthetase with the immunosuppressive phenotype of APOE+CTSZ+TAM in cancers.,Molecular oncology,2023,spatial transcriptome,Stereo-seq,Biological phenotype,co-localization,clinical samples,spatial transcriptome,Stereo-seq,spatial,"Score of Macro_APOE/CTSZ and Treg signatures in each spot highlighted Macro_APOE/CTSZ and Treg may have colocalization in the same spot (Fig. 6C,D). In addition, the signature score of Macro_APOE/CTSZ and Treg showed a significantly positive correlation in two clinical samples ",Zhihong Lin
CT035,Human,Gut,Colorectum,,Colorectal adenocarcinoma,T cell,CXCL13+ T cells,,,"CD3. pAbO, CD8, CXCL13",,,,,37327339,Single-cell and spatial transcriptome analysis reveals the cellular heterogeneity of liver metastatic colorectal cancer.,Science advances,2023,single cell transcriptome,10× Genomics,Clinical phenotype,longer survival,clinical samples,survival analysis,analysis,clinical data,we divided CRC patients from the Gene Expression Omnibus (GEO) cohort into CXCL13high and CXCL13low groups and found that the higher expression of CXCL13 in CC predicted better overall survival,Zhihong Lin
CT036,Human,Gut,Colorectum,,Colorectal adenocarcinoma,T cell,CXCL13+ T cells,,,"CD3. pAbO, CD8, CXCL13",,,,,37327339,Single-cell and spatial transcriptome analysis reveals the cellular heterogeneity of liver metastatic colorectal cancer.,Science advances,2023,single cell transcriptome,10× Genomics,Biological phenotype,more adjacent,clinical samples,immunohistochemistry,PANO 7-plex IHC kit,protein,"IHC results showed that CD69+CD103+CD8+ T cells were more adjacent to the CK19+ tumor cells than other CD8+ T cells in the tumor tissues (Fig. 5, D and E), facilitating their tumor-killing function.",Zhihong Lin
CT037,Human,Gut,Colorectum,,Colorectal adenocarcinoma,Cancer cell,CK19+ cancer cell,,,"EPCAM, SOX9, CK19",,,,,37327339,Single-cell and spatial transcriptome analysis reveals the cellular heterogeneity of liver metastatic colorectal cancer.,Science advances,2023,single cell transcriptome,10× Genomics,Biological phenotype,more adjacent,clinical samples,immunohistochemistry,PANO 7-plex IHC kit,protein,"IHC results showed that CD69+CD103+CD8+ T cells were more adjacent to the CK19+ tumor cells than other CD8+ T cells in the tumor tissues (Fig. 5, D and E), facilitating their tumor-killing function.",Zhihong Lin
CT038,Human,Gut,Colorectum,,Colorectal adenocarcinoma,T cell,CXCL13+ T cells,,,"CD3. pAbO, CD8, CXCL13",,,,,37327339,Single-cell and spatial transcriptome analysis reveals the cellular heterogeneity of liver metastatic colorectal cancer.,Science advances,2023,spatial transcriptome,10× Genomics,Biological phenotype,co-localization,clinical samples,,,spatial," IHC analysis verified that F2_MCAM existed in CC and LM (Fig. 6D)Furthermore, we detected the locations of F2_MCAM and CD8_CXCL13 in LM through ST. Consistent with the single-cell results, regions with a higher F2_MCAM infiltration score had a higher CD8_CXCL13 infiltration score in the ST samples (Fig. 8, G and H).",Zhihong Lin
CT039,Human,Gut,Colorectum,,Colorectal adenocarcinoma,Fibroblasts,F2_MCAM,,,"COL1A1, COL1A2, MCAM",,,,,37327339,Single-cell and spatial transcriptome analysis reveals the cellular heterogeneity of liver metastatic colorectal cancer.,Science advances,2023,single cell transcriptome,10× Genomics,Biological phenotype,existence,clinical samples,immunohistochemistry,Abcam,protein, IHC analysis verified that F2_MCAM existed in CC and LM (Fig. 6D),Zhihong Lin
CT040,Human,Gut,Colorectum,,Colorectal adenocarcinoma,Fibroblasts,F2_MCAM,,,"COL1A1, COL1A3, MCAM",,,,,37327339,Single-cell and spatial transcriptome analysis reveals the cellular heterogeneity of liver metastatic colorectal cancer.,Science advances,2023,spatial transcriptome,10× Genomics,Biological phenotype,co-localization,clinical samples,,,spatial," IHC analysis verified that F2_MCAM existed in CC and LM (Fig. 6D)Furthermore, we detected the locations of F2_MCAM and CD8_CXCL13 in LM through ST. Consistent with the single-cell results, regions with a higher F2_MCAM infiltration score had a higher CD8_CXCL13 infiltration score in the ST samples (Fig. 8, G and H).",Zhihong Lin
CT041,Human,Gut,Colorectum,,Colorectal adenocarcinoma,Fibroblasts,F4_F3 ,,,"COL1A1, COL1A3, F3",,,,,37327339,Single-cell and spatial transcriptome analysis reveals the cellular heterogeneity of liver metastatic colorectal cancer.,Science advances,2023,single cell transcriptome,10× Genomics,Biological phenotype,existence,clinical samples,immunohistochemistry,Abcam,protein,"However, consistent with the single-cell analysis, the F4_F3 subset only existed in CC, but not in LM, and this phenomenon might be caused by the absence of F4_F3 in LN and the presence in CN (Fig. 6, E and F).",Zhihong Lin
CT042,Human,Gut,Colorectum,,Colorectal adenocarcinoma,Fibroblasts,F4_F3 ,,,"COL1A1, COL1A3, F3",,,,,37327339,Single-cell and spatial transcriptome analysis reveals the cellular heterogeneity of liver metastatic colorectal cancer.,Science advances,2023,spatial transcriptome,10× Genomics,Biological phenotype,existence,clinical samples,,,spatial,ST analysis also confirmed that there was more infiltration of F4_F3 subset in CC than in LM ,Zhihong Lin
CT043,Human,Gut,Colorectum,,Colorectal adenocarcinoma,Fibroblasts,F4_F3 ,,,"COL1A1, COL1A3, F3",,,,,37327339,Single-cell and spatial transcriptome analysis reveals the cellular heterogeneity of liver metastatic colorectal cancer.,Science advances,2023,single cell transcriptome,10× Genomics,Biological phenotype,closely interact with tumor cell ,clinical samples,immunohistochemistry,PANO 7-plex IHC kit,protein,"The F4_F3 subset closely laid around the epithelial cells in both CN and CC, facilitating its interaction with the epithelial cells (Fig. 6I)",Zhihong Lin
CT044,Human,Gut,Colorectum,,Colorectal adenocarcinoma,Fibroblasts,F4_F3 ,,,"COL1A1, COL1A3, F3",,,,,37327339,Single-cell and spatial transcriptome analysis reveals the cellular heterogeneity of liver metastatic colorectal cancer.,Science advances,2023,spatial transcriptome,10× Genomics,Biological phenotype,co-localization,clinical samples,,,spatial," ST analysis also indicated the colocalization of F3 with NRG1, which surrounded the ERBB3+ tumor cells",Zhihong Lin
CT045,Human,Gut,Colorectum,,Colorectal adenocarcinoma,Fibroblasts,F4_F3 ,,,"COL1A1, COL1A3, F3",,,,,37327339,Single-cell and spatial transcriptome analysis reveals the cellular heterogeneity of liver metastatic colorectal cancer.,Science advances,2023,single cell transcriptome,10× Genomics,Clinical phenotype,shorter survival,clinical samples,survival analysis,analysis,clinical data,"Furthermore, the increased infiltration of F4_F3 in CC might lead to worse prognosis",Zhihong Lin
CT046,Human,Gut,Colorectum,,Colorectal adenocarcinoma,Granulocytes,Granulocytes,,,"	CD66b, S100A8, S100A9",,,,,31610266,Single-cell transcriptome analysis reveals tumor immune microenvironment heterogenicity and granulocytes enrichment in colorectal cancer liver metastases,Cancer letters,2020,single cell transcriptome,,Clinical phenotype,tumor infiltration,cell line,transwell migration assay,Shanghai Yanjin Biotech,,This phenomenon implies that Wnt signalling pathway activation may play an important role by recruiting granulocytes and promote tumor infiltration in CRC liver metastasis. The exact role of Wnt signalling pathway activation in granulocytes during CRC liver metastasis will be explored in the future.,Zhihong Lin
CT047,Human,Gut,Colorectum,,Colorectal adenocarcinoma,Fibroblasts,GREM1+ and MMP3+ CAFs,,,,,,,,34450029,Spatially organized multicellular immune hubs in human colorectal cancer,Cell,2021,single cell transcriptome,10× Genomics,Biological phenotype,cell-cell communication,cell line,RNA-seq,Illumina NextSeq500,RNA,"To understand the communication pathways driving these malignant/immune/stroma cell interactions, we examined all chemokines and cytokines found within the top genes of the inflammatory and co-varying neutrophil programs (Figure 6D). This analysis suggested concerted attraction of CXCR1/2+ neutrophils by malignant cells, GREM1+ and MMP3+ CAFs, monocytes, and neutrophils expressing cognate chemokines (CXCL1/2/3/5/6/8) (Figure 6E). The same chemokines were upregulated in CRC-derived fibroblasts and CRC malignant cells when stimulated in vitro with cytokines found in the hub 3 inflammatory monocyte and neutrophil programs, such as IL1B (Figure 6F). ",Zhihong Lin
CT048,Human,Gut,Colorectum,,Colorectal adenocarcinoma,Cancer cell,CRC malignant cells,,,,,,,,34450029,Spatially organized multicellular immune hubs in human colorectal cancer,Cell,2021,single cell transcriptome,10× Genomics,Biological phenotype,cell-cell communication,cell line,RNA-seq,Illumina NextSeq500,RNA,"To understand the communication pathways driving these malignant/immune/stroma cell interactions, we examined all chemokines and cytokines found within the top genes of the inflammatory and co-varying neutrophil programs (Figure 6D). This analysis suggested concerted attraction of CXCR1/2+ neutrophils by malignant cells, GREM1+ and MMP3+ CAFs, monocytes, and neutrophils expressing cognate chemokines (CXCL1/2/3/5/6/8) (Figure 6E). The same chemokines were upregulated in CRC-derived fibroblasts and CRC malignant cells when stimulated in vitro with cytokines found in the hub 3 inflammatory monocyte and neutrophil programs, such as IL1B (Figure 6F). ",Zhihong Lin
CT049,Human,Gut,Colorectum,,Colorectal adenocarcinoma,Fibroblasts,Cancer-associated fibroblast,,,"ACTA2, FAP, PDGFRB, PDPN, PDGFRA, FOXF1",,,,,34670584,Integrated single-cell and bulk RNA sequencing analysis identifies a cancer associated fibroblast-related signature for predicting prognosis and therapeutic responses in colorectal cancer,Cancer cell international,2021,single cell transcriptome,,Clinical phenotype,shorter survival,clinical samples,survival analysis,analysis,clinical data,high CAF risk group had significantly unfavorable survival outcomes compared with the low CAF risk group…...higher CAF risk group patients also revealed worse OS than lower CAF risk group in TCGA validation,Zhihong Lin
CT050,Human,Gut,Colorectum,,Colorectal adenocarcinoma,Fibroblasts,Cancer-associated fibroblast,,,"ACTA2, FAP, PDGFRB, PDPN, PDGFRA, FOXF1",,,,,34670584,Integrated single-cell and bulk RNA sequencing analysis identifies a cancer associated fibroblast-related signature for predicting prognosis and therapeutic responses in colorectal cancer,Cancer cell international,2021,single cell transcriptome,,Clinical phenotype, increased chemotherapy sensitivity,clinical samples,DSC cancer cell line database,analysis,clinical data,"Based on the GDSC cancer cell line database, we found that higher CAF risk score increased the sensitivity of 6 types of anticancer drugs......These results implied that while high CAF score was correlated with increased chemotherapy sensitivity, immunotherapy might be more effective in low CAF score CRC patients.",Zhihong Lin
CT051,Human,Gut,Colorectum,,Colorectal adenocarcinoma,Fibroblasts,Cancer-associated fibroblast,,,"ACTA2, FAP, PDGFRB, PDPN, PDGFRA, FOXF1",,,,,34670584,Integrated single-cell and bulk RNA sequencing analysis identifies a cancer associated fibroblast-related signature for predicting prognosis and therapeutic responses in colorectal cancer,Cancer cell international,2021,single cell transcriptome,,Clinical phenotype,decreased immunotherapy sensitivity,clinical samples,DSC cancer cell line database,analysis,clinical data,"Based on the GDSC cancer cell line database, we found that higher CAF risk score increased the sensitivity of 6 types of anticancer drugs......These results implied that while high CAF score was correlated with increased chemotherapy sensitivity, immunotherapy might be more effective in low CAF score CRC patients.",Zhihong Lin
CT052,Human,Gut,Colorectum,,Colorectal adenocarcinoma,Erythrocyte,erythrocyte(C4),,,"OLFM4, HIST1H4C, TUBA1B, H2AFZ, TUBB4B",,,,,36117173,Single-cell and WGCNA uncover a prognostic model and potential oncogenes in colorectal cancer,Biological procedures online,2022,single cell transcriptome, GEO Database,Clinical phenotype,longer survival,clinical samples,survival analysis,analysis,clinical data,"Meanwhile, the results of survival analysis showed that high abundances of C4, C11 and C13 and low abundances of C5 and C14 were associated with better survival ",Zhihong Lin
CT053,Human,Gut,Colorectum,,Colorectal adenocarcinoma,Monocyte,CD14 + CD16- monocyte(C11),,,"JCHAIN, IGHA1, IGKC, IGLC2, IGLC3",,,,,36117173,Single-cell and WGCNA uncover a prognostic model and potential oncogenes in colorectal cancer,Biological procedures online,2022,single cell transcriptome, GEO Database,Clinical phenotype,longer survival,clinical samples,survival analysis,analysis,clinical data,"Meanwhile, the results of survival analysis showed that high abundances of C4, C11 and C13 and low abundances of C5 and C14 were associated with better survival ",Zhihong Lin
CT054,Human,Gut,Colorectum,,Colorectal adenocarcinoma,Monocyte,CD14 + CD16- monocyte(C13),,,"AQP8, SLC26A3, CLCA4, FABP1",,,,,36117173,Single-cell and WGCNA uncover a prognostic model and potential oncogenes in colorectal cancer,Biological procedures online,2022,single cell transcriptome, GEO Database,Clinical phenotype,longer survival,clinical samples,survival analysis,analysis,clinical data,"Meanwhile, the results of survival analysis showed that high abundances of C4, C11 and C13 and low abundances of C5 and C14 were associated with better survival ",Zhihong Lin
CT055,Human,Gut,Colorectum,,Colorectal adenocarcinoma,Monocyte,CD14 + CD16 + monocyte(C5),,,"S100A9, S100A8, LYZ, CXCL8, AIF1",,,,,36117173,Single-cell and WGCNA uncover a prognostic model and potential oncogenes in colorectal cancer,Biological procedures online,2022,single cell transcriptome, GEO Database,Clinical phenotype,shorter survival,clinical samples,survival analysis,analysis,clinical data,"Meanwhile, the results of survival analysis showed that high abundances of C4, C11 and C13 and low abundances of C5 and C14 were associated with better survival ",Zhihong Lin
CT056,Human,Gut,Colorectum,,Colorectal adenocarcinoma,Fibroblast,Fibroblast(C14),,,"CFD, DCN, MGP, IGFBP6, COL1A2",,,,,36117173,Single-cell and WGCNA uncover a prognostic model and potential oncogenes in colorectal cancer,Biological procedures online,2022,single cell transcriptome, GEO Database,Clinical phenotype,shorter survival,clinical samples,survival analysis,analysis,clinical data,"Meanwhile, the results of survival analysis showed that high abundances of C4, C11 and C13 and low abundances of C5 and C14 were associated with better survival ",Zhihong Lin
CT057,Human,Gut,Colorectum,,Colorectal adenocarcinoma,Cancer cell,EMP1+ cell,,,EMP1,,,,,36352230,Metastatic recurrence in colorectal cancer arises from residual EMP1+ cells,Nature,2022,single cell transcriptome,Smart-seq2,Clinical phenotype,recurrence,clinical samples,relapse-free survival analysis,analysis,clinical data," EpiHR expression levels predicted recurrence with an accuracy equivalent to the subset of TME poor-prognosis genes (Fig. 1e: Kaplan–Meier survival curves showing relapse-free survival. Statistical analysis was performed using a two-sided Wald test. High (H), medium (M) and low (L) expression levels of All-HR, TME-HR and EpiHR gene signatures; LRT, likelihood-ratio test.)",Zhihong Lin
CT058,Human,Gut,Colorectum,,Colorectal adenocarcinoma,Cancer cell,EMP1+ cell,,,EMP1,,,,,36352230,Metastatic recurrence in colorectal cancer arises from residual EMP1+ cells,Nature,2022,single cell transcriptome,Smart-seq2,Clinical phenotype,recurrence,mouse,cell-ablation experiments,MedChem Express,,"Using Emp1 (encoding epithelial membrane protein 1) as a marker gene for HRCs, we tracked and selectively eliminated this cell population. Genetic ablation of EMP1high cells prevented metastatic recurrence and mice remained disease-free after surgery. ",Zhihong Lin
CT059,Human,Gut,Colorectum,,Colorectal adenocarcinoma,Cancer cell,EMP1+ cell,,,EMP1,,,,,36352230,Metastatic recurrence in colorectal cancer arises from residual EMP1+ cells,Nature,2022,single cell transcriptome,Smart-seq2,Clinical phenotype,invasion,mouse,immunofluorescence,Abcam,protein,"Inspection of tissue sections evidenced that cancer cells invading the muscular layer were strongly labelled by the fluorescent reporter (Fig. 3e). In particular, isolated tumour buds and larger clusters in contact with the stroma at the edges on invasion fronts exhibited the highest TOM expression",Zhihong Lin
CT060,Human,Gut,Colorectum,,Colorectal adenocarcinoma,Cancer cell,EMP1+ cell,,,EMP1,,,,,36352230,Metastatic recurrence in colorectal cancer arises from residual EMP1+ cells,Nature,2022,single cell transcriptome,Smart-seq2,Clinical phenotype,haematogenous or lymphatic dissemination,mouse,immunofluorescence,Abcam,protein," EMP1–TOMhigh cell clusters were often found in proximity to peripheral blood vessels in mouse primary CRCs, suggesting a connection with haematogenous or lymphatic dissemination",Zhihong Lin
CT061,Human,Gut,Colorectum,,Colorectal adenocarcinoma,Cancer cell,EMP1+ cell,,,EMP1,,,,,36352230,Metastatic recurrence in colorectal cancer arises from residual EMP1+ cells,Nature,2022,single cell transcriptome,Smart-seq2,Biological phenotype,at tumour invasion fronts,clinical samples,RNA fluorescence in situ hybridization,Bio-Techne，R&D Systems,spatial," RNA fluorescence in situ hybridization (FISH) analysis in human samples of patients with CRC also showed that EMP1 expression was elevated at tumour invasion fronts, whereas LGR5 marked the tumour cores in most cases ",Zhihong Lin
CT062,Human,Gut,Colorectum,,Colorectal adenocarcinoma,Lymphoid cells,ctILC2,,,"GATA3, RORA, ZBTB16, IL1RL1, IL17RB",,,,,34467243,Single-cell transcriptomic landscape reveals tumor specific innate lymphoid cells associated with colorectal cancer progression,Cell reports. Medicine,2021,single cell transcriptome,10× Genomics,Clinical phenotype,longer survival,clinical samples,survival analysis,analysis,clinical data,"Higher levels of expression of the ILC2-activating cytokine IL33 in tumors were correlated with longer survival in CRC patients from The Cancer Genome Atlas (TCGA) dataset, suggesting that ctILC2 might be indicative of a good prognosis in CRC patients",Zhihong Lin
CT063,Human,Gut,Colorectum,,Colorectal adenocarcinoma,Lymphoid cells,ILC1,,,"CD3D, CD3G, CD3E, IKZF3, BCL11B, PRDM1, ID3",,,,,34467243,Single-cell transcriptomic landscape reveals tumor specific innate lymphoid cells associated with colorectal cancer progression,Cell reports. Medicine,2021,single cell transcriptome,10× Genomics,Biological phenotype,expansion,clinical samples,flow cytometry,,protein,"We confirmed, using flow cytometry, the expansion of the ILC1 subset accompanied by reduction of the ILC3 subset in tumor tissues from CRC patients relative to adjacent normal mucosa (Figures 5A and 5B). ",Zhihong Lin
CT064,Human,Gut,Colorectum,,Colorectal adenocarcinoma,Lymphoid cells,ILC3,,," KIT, CXCL8, IL4I1, IL1R1",,,,,34467243,Single-cell transcriptomic landscape reveals tumor specific innate lymphoid cells associated with colorectal cancer progression,Cell reports. Medicine,2021,single cell transcriptome,10× Genomics,Biological phenotype,reduction,clinical samples,flow cytometry,,protein,"We confirmed, using flow cytometry, the expansion of the ILC1 subset accompanied by reduction of the ILC3 subset in tumor tissues from CRC patients relative to adjacent normal mucosa (Figures 5A and 5B). ",Zhihong Lin
CT065,Human,Stomach,Stomach,,Gastric Carcinoma,Epithelial cell,malignant epithelial cells,,,"CAPN8, CLDN4, CYP3A5, PHGR1, PLEC",,,,,9407012,Single-Cell and Bulk RNA Sequencing Reveal Malignant Epithelial Cell Heterogeneity and Prognosis Signatures in Gastric Carcinoma,Cells,2022,single cell transcriptome,,Clinical phenotype,shorter survival,clinical samples,survival analysis,analysis,clinical data,The ROC curve showed that the ten prognostic signatures performed well in predicting the OS of GC patients with an area under the ROC curve > 0.7 in the training cohort and around 0.6 in the test cohort,Zhihong Lin
CT066,Human,Skin,Skin,,Melanoma,Cancer cell, MITF-high cancer cell,,,"MITF, SOX10",,,,,28855355,MITF-High and MITF-Low Cells and a Novel Subpopulation Expressing Genes of Both Cell States Contribute to Intra- and Intertumoral Heterogeneity of Primary Melanoma,Clinical cancer research,2017,single cell transcriptome,Fluidigm,Clinical phenotype,existence,clinical samples,RNAscope,Advanced Cell Diagnostics,RNA,A second important finding of this study is that primary tumors comprise subpopulations of cells simultaneously expressing genes of the MITF-high and MITF-low signatures,Zhihong Lin
CT067,Human,Skin,Skin,,Melanoma,Cancer cell, MITF-low cancer cell,,,"BIRC3, SOX9 ",,,,,28855355,MITF-High and MITF-Low Cells and a Novel Subpopulation Expressing Genes of Both Cell States Contribute to Intra- and Intertumoral Heterogeneity of Primary Melanoma,Clinical cancer research,2017,single cell transcriptome,Fluidigm,Clinical phenotype,existence,clinical samples,RNAscope,Advanced Cell Diagnostics,RNA,A second important finding of this study is that primary tumors comprise subpopulations of cells simultaneously expressing genes of the MITF-high and MITF-low signatures,Zhihong Lin
CT068,Human,Skin,Skin,,Melanoma,Macrophages,TREM2(hi) macrophages,,,"MARCO, MERTK, TREM2",,,,,33033253,A gene expression signature of TREM2hi macrophages and γδ T cells predicts immunotherapy response,Nature communications,2020,single cell transcriptome,,Clinical phenotype,ICT resistance,clinical samples,ICT responsiveness signature analysis,analysis,clinical data," However, cluster 12 macrophages were 15.1-fold higher in NR (4.88%) versus R (0.32%). This enrichment of cluster 12 in non-responders suggests that it may be associated with ICT resistance. ",Zhihong Lin
CT069,Human,Skin,Skin,,Melanoma,T cell,γδ T cells,,,"CD3, RRM2, BIRC5, SPC24, UBE2C, CDCA5",,,,,33033253,A gene expression signature of TREM2hi macrophages and γδ T cells predicts immunotherapy response,Nature communications,2020,single cell transcriptome,,Clinical phenotype,ICT resistance,clinical samples,ICT responsiveness signature analysis,analysis,clinical data," a rare type of γδ T cells (cluster 21, n = 146) was 12.1-fold higher in the NR group (1.31% versus 0.11% in R; Fig. 1 and Supplementary Table 1). This fold-difference is the second largest of all 23 clusters. These findings suggest that the cluster 21 γδ T cells (named as Tgd_c21) may contribute to ICT resistance.",Zhihong Lin
CT070,Human,Skin,Skin,,Melanoma,B cell,B cells,,,CD19,,,,,33033253,A gene expression signature of TREM2hi macrophages and γδ T cells predicts immunotherapy response,Nature communications,2020,single cell transcriptome,,Clinical phenotype,ICT resistance,clinical samples,ICT responsiveness signature analysis,analysis,clinical data,"All four B-cell clusters (13, 14, 17, and 22) were less abundant in the ICT non-responders, which suggests that tumor-associated B cells, in general, are associated with favorable ICT response. ",Zhihong Lin
CT071,Human,Skin,Skin,,Uveal melanoma,Cancer cell,HES6+ uveal melanoma cell,,,HES6,,,,,33462406,Single-cell RNA sequencing reveals intratumoral heterogeneity in primary uveal melanomas and identifies HES6 as a driver of the metastatic disease,Cell death and differentiation,2021,single cell transcriptome,10× Genomics,Clinical phenotype,shorter survival,clinical samples,survival analysis,analysis,clinical data,Kaplan–Meier analysis showed that the HES6 regulon (Supplementary Table 4) as well HES6 itself which is carried by chromosome 2 were negatively correlated with overall survival (Fig. 3D E). In keeping with this both in tumors analyzed hereby and the TCGA dataset HES6 expression is associated with chromosome 3 loss (Supplementary Fig. 9) which in uveal melanomas highly correlates with the metastatic risk,Zhihong Lin
CT072,Human,Skin,Skin,,Uveal melanoma,Cancer cell,HES6+ uveal melanoma cell,,,HES6,,,,,33462406,Single-cell RNA sequencing reveals intratumoral heterogeneity in primary uveal melanomas and identifies HES6 as a driver of the metastatic disease,Cell death and differentiation,2021,single cell transcriptome,10× Genomics,Biological phenotype,migration,cell line(MP46),,,,"Ectopic HES6 expression enhanced migration of two different primary cell lines (Fig. 4B–D and Supplementary Fig. 12A, C). ",Zhihong Lin
CT073,Human,Skin,Skin,,Uveal melanoma,Cancer cell,HES6+ uveal melanoma cell,,,HES6,,,,,33462406,Single-cell RNA sequencing reveals intratumoral heterogeneity in primary uveal melanomas and identifies HES6 as a driver of the metastatic disease,Cell death and differentiation,2021,single cell transcriptome,10× Genomics,Biological phenotype,invasion,cell line(Mel270),matrigel invasion assay,,,"Further, a matrigel invasion assay showed that Mel270 cells originating from the control spheroids efficiently invaded the matrigel compared to spheroids formed with the HES6-knockdown cells (Supplementary Fig. 17G).",Zhihong Lin
CT074,Human,Skin,Skin,,Uveal melanoma,Cancer cell,HES6+ uveal melanoma cell,,,HES6,,,,,33462406,Single-cell RNA sequencing reveals intratumoral heterogeneity in primary uveal melanomas and identifies HES6 as a driver of the metastatic disease,Cell death and differentiation,2021,single cell transcriptome,10× Genomics,Biological phenotype,metastasis,cell line(Mel270),CAM model,,,We thus studied tumor progression to metastasis of primary uveal melanoma cells in vivo using the CAM model (Fig. 5D). Control cells efficiently formed tumors and were overall also very efficient at forming metastasis as evidenced by cells that had disseminated to the lower CAM (Fig. 5D–F). ,Zhihong Lin
CT075,Human,Skin,Skin,,melanoma,NK cell,LAG3 NK cell,,,"FCGR3A, KLRC2, ZEB2",,,,,36719749,Single-cell characterization of anti-LAG-3 and anti-PD-1 combination treatment in patients with melanoma,The Journal of clinical investigation,2023,single cell transcriptome,10× Genomics,Biological phenotype,expandtion after Anti–LAG-3+anti–PD-1 treatment,clinical samples,flow cytometry,BD,protein,"Following anti–LAG-3+anti–PD-1 treatment, we noted statistically significant NK and T cell expansions in the flow cytometric data (Padj < 0.05, Benjamini-Hochberg–corrected, 2-sided Mann-Whitney U test) only in patients with a response (CR/PR in IO-naive patients n = 7, CR/PR/SD in prior IO–refractory patients n = 10), and no expansion in patients without a response (SD/PD in IO-naive patients n = 6, PD in prior IO–refractory patients n = 13, Figure 3A and Supplemental Figure 5, A–C; patient details and full results are provided in Supplemental Table 1). ",Zhihong Lin
CT076,Human,Skin,Skin,,melanoma,T cell,CD8 T cell,,,CD8,,,,,36719749,Single-cell characterization of anti-LAG-3 and anti-PD-1 combination treatment in patients with melanoma,The Journal of clinical investigation,2023,single cell transcriptome,10× Genomics,Biological phenotype,expandtion after Anti–LAG-3+anti–PD-1 treatment,clinical samples,flow cytometry,BD,protein,"Following anti–LAG-3+anti–PD-1 treatment, we noted statistically significant NK and T cell expansions in the flow cytometric data (Padj < 0.05, Benjamini-Hochberg–corrected, 2-sided Mann-Whitney U test) only in patients with a response (CR/PR in IO-naive patients n = 7, CR/PR/SD in prior IO–refractory patients n = 10), and no expansion in patients without a response (SD/PD in IO-naive patients n = 6, PD in prior IO–refractory patients n = 13, Figure 3A and Supplemental Figure 5, A–C; patient details and full results are provided in Supplemental Table 1). ",Zhihong Lin
CT077,Human,Skin,Skin,,melanoma,T cell,CD4 T cell,,,CD4,,,,,36719749,Single-cell characterization of anti-LAG-3 and anti-PD-1 combination treatment in patients with melanoma,The Journal of clinical investigation,2023,single cell transcriptome,10× Genomics,Biological phenotype,expandtion after Anti–LAG-3+anti–PD-1 treatment,clinical samples,flow cytometry,BD,protein,"Following anti–LAG-3+anti–PD-1 treatment, we noted statistically significant NK and T cell expansions in the flow cytometric data (Padj < 0.05, Benjamini-Hochberg–corrected, 2-sided Mann-Whitney U test) only in patients with a response (CR/PR in IO-naive patients n = 7, CR/PR/SD in prior IO–refractory patients n = 10), and no expansion in patients without a response (SD/PD in IO-naive patients n = 6, PD in prior IO–refractory patients n = 13, Figure 3A and Supplemental Figure 5, A–C; patient details and full results are provided in Supplemental Table 1). ",Zhihong Lin
CT078,Human,Skin,Skin,,melanoma,Endothelial cell,Endothelial cell,,,,,,,,36131018,A cellular hierarchy in melanoma uncouples growth and metastasis,nature,2022,single cell transcriptome,10× Genomics,Biological phenotype,tumor growth,mouse,,,," Co-injection of ECs enhanced xenograft growth in a cell-dose-dependent manner (Fig. 3i) and, ultimately, decreased the overall survival.",Zhihong Lin
CT079,Human,Skin,Skin,,melanoma,Endothelial cell,Endothelial cell,,,,,,,,36131018,A cellular hierarchy in melanoma uncouples growth and metastasis,nature,2022,single cell transcriptome,10× Genomics,Biological phenotype,tumor growth,cell line,co-culture,,,"After the co-culturing of melanoma and bEnd.3 cells(EC), we analysed the cellular composition using scRNA-seq (Extended Data Fig. 8e)...... These data indicated that ECs contribute to a niche environment that promotes dedifferentiation of melanoma cells and, thereby, stimulate melanoma growth.",Zhihong Lin
CT080,Human,Skin,Skin,,melanoma,Endothelial cell,Endothelial cell,,,,,,,,36131018,A cellular hierarchy in melanoma uncouples growth and metastasis,nature,2022,single cell transcriptome,10× Genomics,Biological phenotype,dedifferentiation,cell line,co-culture,,,"After the co-culturing of melanoma and bEnd.3 cells(EC), we analysed the cellular composition using scRNA-seq (Extended Data Fig. 8e)...... These data indicated that ECs contribute to a niche environment that promotes dedifferentiation of melanoma cells and, thereby, stimulate melanoma growth.",Zhihong Lin
CT081,Human,Skin,Skin,,melanoma,T cell,naive/memory CD8 T cell,,,"CD8A, CD8B, CCR7, IL7R, TCF7, SELL, SATB1, GPR183, LTB, LEF1, S100A10",,,,,33575475,Single-cell RNA-sequencing analyses identify heterogeneity of CD8+ T cell subpopulations and novel therapy targets in melanoma,Molecular therapy oncolytics,2020,single cell transcriptome,10× Genomics,Clinical phenotype,longer survival,clinical samples,survival analysis,analysis,clinical data,". As shown in Figures 2C and 2D, high proportions of naive/memory and cytotoxic subpopulation 3 were associated with favorable clinical outcomes.",Zhihong Lin
CT082,Human,Skin,Skin,,melanoma,T cell,cytotoxic CD8 T cell 3,,,"PRF1, GZMA, GZMK, NKG7",,,,,33575475,Single-cell RNA-sequencing analyses identify heterogeneity of CD8+ T cell subpopulations and novel therapy targets in melanoma,Molecular therapy oncolytics,2020,single cell transcriptome,10× Genomics,Clinical phenotype,longer survival,clinical samples,survival analysis,analysis,clinical data,". As shown in Figures 2C and 2D, high proportions of naive/memory and cytotoxic subpopulation 3 were associated with favorable clinical outcomes.",Zhihong Lin
CT083,Human,Skin,Skin,,melanoma,T cell,exhaustion CD8 T cell 2,,,"CXCL13, HSPB1, IRF4, LAYN, GIMAP6, HSPH1, CXCR6, CTLA4, PDCD1, LAG3, HAVCR2, TIGIT",,,,,33575475,Single-cell RNA-sequencing analyses identify heterogeneity of CD8+ T cell subpopulations and novel therapy targets in melanoma,Molecular therapy oncolytics,2020,single cell transcriptome,10× Genomics,Clinical phenotype,shorter survival,clinical samples,survival analysis,analysis,clinical data, exhausted subpopulation 2 could contribute to an unfavorable prognosis (Figure 2E).,Zhihong Lin
CT084,Human,Bone marrow, Bone marrow,,Acute myeloid leukemia,Natural killer cell ,CD160 high NK cell,,,"CD3, CD14, CD19, CD45, CD56,CD160 ",,,,,8093261, Single-cell profiling reveals the trajectories of natural killer cell differentiation in bone marrow and a stress signature induced by acute myeloid leukemia,Cellular & molecular immunology,2021,single cell transcriptome,10× Genomics,Clinical phenotype,longer survival,clinical samples,survival analysis,analysis,clinical data,"The higher level of CD160 expression in bone marrow NK cells from healthy donors than in bone marrow cells from donors with donors with AML was confirmed by flow cytometric assessment of protein levels…... The survival rates of patients with CD160high AML were much higher than those of patients with CD160low cancer, suggesting that CD160 is an antitumor biomarker in AML (Fig. 5G).",Zhihong Lin
CT085,Human,,,,,,,,,,,,,,8093261, Single-cell profiling reveals the trajectories of natural killer cell differentiation in bone marrow and a stress signature induced by acute myeloid leukemia,Cellular & molecular immunology,2021,single cell transcriptome,10× Genomics,Clinical phenotype,longer survival,clinical samples,survival analysis,analysis,clinical data,"The higher level of CD160 expression in bone marrow NK cells from healthy donors than in bone marrow cells from donors with donors with AML was confirmed by flow cytometric assessment of protein levels…... The survival rates of patients with CD160high AML were much higher than those of patients with CD160low cancer, suggesting that CD160 is an antitumor biomarker in AML (Fig. 5G).",Zhihong Lin
CT086,Human,Brain,Brain,,Glioblastoma,T cell,T cell,,,,,,,,9767870,A single-cell atlas of glioblastoma evolution under therapy reveals cell-intrinsic and cell-extrinsic therapeutic targets,Nature cancer,2022,single cell transcriptome,10× Genomics,Clinical phenotype,longer survival,clinical samples,survival analysis,analysis,clinical data,By contrast we found that T-cell abundance was correlated with a significant increase in survival (Fig. 5h). This seems to be driven by a cohort of outlier recurrent cases whose T-cell abundances were two to eightfold higher than average,Zhihong Lin
CT087,Human,Brain,Brain,,Glioblastoma,Stem-like cell,stem-like cell with MES characteristic,,,,,,,,9767870,A single-cell atlas of glioblastoma evolution under therapy reveals cell-intrinsic and cell-extrinsic therapeutic targets,Nature cancer,2022,single cell transcriptome,10× Genomics,Clinical phenotype,drug resistance,clinical samples,,,clinical data,"Ours and previous studies support the premise of a quiescent stem-like cell with MES characteristics that is resistant to IR and TMZ, but that re-enters the cell cycle following therapy and becomes a driver of recurrent disease.",Zhihong Lin
CT088,Human,Brain,Brain,,Glioblastoma,Macrophages,GPNMB-high macrophage,,,"CD163, CD68, GPNMB",,,,,36054938, Integrated single-cell transcriptomic analyses reveal that GPNMB-high macrophages promote PN-MES transition and impede T cell activation in GBM,EBioMedicine,2022,single cell transcriptome,10× Genomics,Clinical phenotype,shorter survival,clinical samples,survival analysis,analysis,clinical data,"Moreover, GPNMB was also highly expressed in MES subtype patients (Figure 4d), and this higher expression predicted poor prognosis in both low- and high-grade gliomas (Figure 4e).",Zhihong Lin
CT089,Human,Brain,Brain,,Glioblastoma,Macrophages,GPNMB-high macrophage,,,"CD163, CD68, GPNMB",,,,,36054938, Integrated single-cell transcriptomic analyses reveal that GPNMB-high macrophages promote PN-MES transition and impede T cell activation in GBM,EBioMedicine,2022,single cell transcriptome,10× Genomics,Biological phenotype,T cell activation,cell line,co-culture and flow cytometry,BioLegend,protein,"Our data showed that CD11c+ DCs induced robust T cell activation when compared with GPNMB+ macrophages or monocytes, evidenced by much higher levels of CD69, IFNγ and GZMB (Figure 6f). Similarly, according to the results of the T cell proliferation assay, CD11c+ DCs significantly enhance T cell proliferation, in contrast to monocytes or GPNMB+ macrophages (Figure 6g). ",Zhihong Lin
CT090,Human,Brain,Brain,,Glioblastoma,Macrophages,GPNMB-high macrophage,,,"CD163, CD68, GPNMB",,,,,36054938, Integrated single-cell transcriptomic analyses reveal that GPNMB-high macrophages promote PN-MES transition and impede T cell activation in GBM,EBioMedicine,2022,single cell transcriptome,10× Genomics,Biological phenotype,T cell proliferation,cell line,co-culture and flow cytometry,BioLegend,protein,"Our data showed that CD11c+ DCs induced robust T cell activation when compared with GPNMB+ macrophages or monocytes, evidenced by much higher levels of CD69, IFNγ and GZMB (Figure 6f). Similarly, according to the results of the T cell proliferation assay, CD11c+ DCs significantly enhance T cell proliferation, in contrast to monocytes or GPNMB+ macrophages (Figure 6g). ",Zhihong Lin
CT091,Human,Brain,Brain,,Glioblastoma,Lymphocytes,lymphocyte,,,,,,,,36685556,Transcriptome and single-cell analysis reveal the contribution of immunosuppressive microenvironment for promoting glioblastoma progression,Frontiers in immunology,2023,single cell transcriptome,,Clinical phenotype,shorter survival,clinical samples,survival analysis,analysis,clinical data," It was evident that the P subtype had higher tumor progression signatures and lower lymphocyte infiltration. These patients had the worst survival (Figure 2B, log-rank p = 0.0061). ",Zhihong Lin
CT092,Human,Brain,Brain,,Glioblastoma,Cancer cell,radial glia,,,SPARCL1,,,,,36853018,"Single-cell RNA sequencing reveals tumor heterogeneity, microenvironment, and drug-resistance mechanisms of recurrent glioblastoma",Cancer science,2023,single cell transcriptome,,Clinical phenotype,shorter survival,clinical samples,survival analysis,analysis,clinical data,The radial glia signature and MGMT gene expression were significantly increased and were associated with a poor prognosis in recurrent GBM compared with primary GBM ,Zhihong Lin
CT093,Human,Brain,Brain,,Glioblastoma,Cancer cell,microglia,,,"C1QA, C1QB",,,,,36853018,"Single-cell RNA sequencing reveals tumor heterogeneity, microenvironment, and drug-resistance mechanisms of recurrent glioblastoma",Cancer science,2023,single cell transcriptome,,Biological phenotype,reduction,clinical samples,immunohistochemistry,Abcam,protein,We further confirmed the reduction in microglia and that VEGF protein expression increased in the recurrent GBM using immunohistochemistry and immunofluorescence staining (Figure 6).,Zhihong Lin
CT094,Human,Lung,Lung,,Lung squamous cell carcinoma,Macrophages,SPP1+ macrophages,,,"CCL18, LPL, APOC1, NUPR1, SPP1",,,,,9411197,The heterogeneous immune landscape between lung adenocarcinoma and squamous carcinoma revealed by single-cell RNA sequencing.,Signal transduction and targeted therapy,2022,single cell transcriptome,10× Genomics,Clinical phenotype,shorter survival,clinical samples,survival analysis,analysis,clinical data,"Survival analysis of each macrophage subcluster-specific markers based on the transcriptomic data from the TCGA database (513 LUAD and 501 LUSC) showed that increased AREG, IGHA1, MMP14, PLAU, S100A8 and decreased HPGD were inversely correlated with the overall survival of LUSC patients (Supplementary Fig. 6b). Among these genes, MMP14, PLAU, and IGHA1 were specifically upregulated in the SPP1-Mφ, suggesting the role of this cluster in the LUSC tumorigenesis ",Zhihong Lin
CT095,Human,Lung,Lung,,Lung squamous cell carcinoma,Macrophages,SPP1+ macrophages,,,"CCL18, LPL, APOC1, NUPR1, SPP1",,,,,9411197,The heterogeneous immune landscape between lung adenocarcinoma and squamous carcinoma revealed by single-cell RNA sequencing.,Signal transduction and targeted therapy,2022,single cell transcriptome,10× Genomics,Biological phenotype,juxtaposition,clinical samples,multiplex immunohistochemistry,Opal Polaris 7-color Manual IHC Kit,spatial,"In LUAD, multicolor IHC staining showed the physical juxtaposition of DC (CD1C+) and Mφ (CD68+) cells, and the molecular pair TNFRSF1A-GRN was also expressed in the two cell types, substantiating the interaction of the DC and Mφ on TNFRSF1A-GRN (Supplementary Fig. 3e). ",Zhihong Lin
CT096,Human,Lung,Lung,,Lung squamous cell carcinoma,Dendritic cells,Dendritic cells,,,"CCL17, CD1E, WFDC21P, CD1C",,,,,9411197,The heterogeneous immune landscape between lung adenocarcinoma and squamous carcinoma revealed by single-cell RNA sequencing.,Signal transduction and targeted therapy,2022,single cell transcriptome,10× Genomics,Biological phenotype,juxtaposition,clinical samples,multiplex immunohistochemistry,Opal Polaris 7-color Manual IHC Kit,spatial,"In LUAD, multicolor IHC staining showed the physical juxtaposition of DC (CD1C+) and Mφ (CD68+) cells, and the molecular pair TNFRSF1A-GRN was also expressed in the two cell types, substantiating the interaction of the DC and Mφ on TNFRSF1A-GRN (Supplementary Fig. 3e). ",Zhihong Lin
CT097,Human,Lung,Lung,,lung adenocarcinoma,Dendritic cells,cDC2,,,FCER1A、CD1C,,,,,33953163,Single-cell profiling of tumor heterogeneity and the microenvironment in advanced non-small cell lung cancer, Nature communications,2021,single cell transcriptome,10× Genomics,Clinical phenotype,longer survival,clinical samples,survival analysis,analysis,clinical data,"Interestingly, cDC2 displayed Langerin (CD207) expression, which was inferred to be dictated by the environment. TCGA survival analysis revealed that CD207 is a prognostic marker for LUAD, but not for LUSC.",Zhihong Lin
CT098,Human,Lung,Lung,,lung adenocarcinoma, Fibroblast, fibroblast,,,α-SMA,,,,,32385277,Single-cell RNA sequencing demonstrates the molecular and cellular reprogramming of metastatic lung adenocarcinoma, Nature communications,2020,single cell transcriptome,10× Genomics,Biological phenotype,existence,clinical samples,immunohistochemistry,Santa Clara,protein,"The infiltration of myofibroblasts in LUAD was confirmed by the expression of the marker protein alpha smooth muscle actin (α-SMA) (ACTA2 gene product) in the tumor stroma (Fig. 3h) and in tumor-derived EPCAM-CD45- cells (Fig. 3i, j; Supplementary Fig. 10)",Zhihong Lin
CT099,Human,Lung,Lung,,Small cell lung cancer,Cancer cell,PLCG2 high cancer cell,,,PLCG2,,,,,34653364,"Signatures of plasticity, metastasis, and immunosuppression in an atlas of human small cell lung cancer",Cancer cell,2021,single cell transcriptome,10× Genomics,Clinical phenotype,shorter survival,clinical samples,survival analysis,analysis,clinical data," Considering only tumors that were ever extensive-stage (either at initial diagnosis or upon relapse; N = 27 passing quality control; see STAR Methods), we found that the presence of PLCG2-expressing cancer cells is negatively correlated with overall survival",Zhihong Lin
CT100,Human,Lung,Lung,,Small cell lung cancer,Cancer cell,PLCG2 high cancer cell,,,PLCG2,,,,,34653364,"Signatures of plasticity, metastasis, and immunosuppression in an atlas of human small cell lung cancer",Cancer cell,2021,single cell transcriptome,10× Genomics,Biological phenotype,migration,"cell lines (SHP-77, H446, H82, H526, DMS-114)",PLCG2 overexpression/CRISPR knock out and migration assays,Cultrex BME Cell invasion assay kit,,"In addition, PLCG2 expression was associated with higher migration and invasion in vitro (Figure 4A)",Zhihong Lin
CT101,Human,Lung,Lung,,Small cell lung cancer,Cancer cell,PLCG2 high cancer cell,,,PLCG2,,,,,34653364,"Signatures of plasticity, metastasis, and immunosuppression in an atlas of human small cell lung cancer",Cancer cell,2021,single cell transcriptome,10× Genomics,Biological phenotype,invasion,"cell lines (SHP-77, H446, H82, H526, DMS-114)",PLCG2 overexpression/CRISPR knock out and invasion assays,Cultrex BME Cell invasion assay kit,,"In addition, PLCG2 expression was associated with higher migration and invasion in vitro (Figure 4A)",Zhihong Lin
CT102,Human,Lung,Lung,,Small cell lung cancer,Cancer cell,PLCG2 high cancer cell,,,PLCG2,,,,,34653364,"Signatures of plasticity, metastasis, and immunosuppression in an atlas of human small cell lung cancer",Cancer cell,2021,single cell transcriptome,10× Genomics,Clinical phenotype,metastasis,mouse,intracardiac injection and Luminescence imaging,"In Vivo Imaging System (IVIS, Perkin Elmer)",,"In addition, PLCG2 expression was associated with higher migration and invasion in vitro (Figure 4A) and with higher metastatic potential in vivo following intracardiac injection (Figures 4B and 4C), consistent with the pro-metastatic expression profile of the recurrent cluster. ",Zhihong Lin
CT103,Human,Lung,Lung,,Non-small cell lung cancer,T cell,T cell,,,CD3,,,,,36869384,Tumor microenvironment remodeling after neoadjuvant immunotherapy in non-small cell lung cancer revealed by single-cell RNA sequencing,Genome medicine,2023,single cell transcriptome,10× Genomics,Biological phenotype, increase after treatment,clinical samples,immunohistochemistry,Biolynx,protein,"IHC staining verified the increased abundance of T (CD3+) and B (CD20+) cells in MPR samples, except NK (CD56+) cells (Fig. 1E, F, and Additional file 2: Fig. S2).",Zhihong Lin
CT104,Human,Lung,Lung,,Non-small cell lung cancer,B cell,B cell,,,CD20,,,,,36869384,Tumor microenvironment remodeling after neoadjuvant immunotherapy in non-small cell lung cancer revealed by single-cell RNA sequencing,Genome medicine,2023,single cell transcriptome,10× Genomics,Biological phenotype, increase after treatment,clinical samples,immunohistochemistry,Dako,protein,"IHC staining verified the increased abundance of T (CD3+) and B (CD20+) cells in MPR samples, except NK (CD56+) cells (Fig. 1E, F, and Additional file 2: Fig. S2).",Zhihong Lin
CT105,Human,Lung,Lung,,Non-small cell lung cancer,B cell,FCRL4+FCRL5+ B cell,,,"FCRL4, FCRL5",,,,,36869384,Tumor microenvironment remodeling after neoadjuvant immunotherapy in non-small cell lung cancer revealed by single-cell RNA sequencing,Genome medicine,2023,single cell transcriptome,10× Genomics,Clinical phenotype,positive response to combined therapy,clinical samples,immunofluorescence,PANO 4-plex IHC,protein,"Interestingly, we noticed that CD20+ B cells aggregated in TLS and FCRL4+FCRL5+ B cells located in the center of the TLS (Fig. 4D and Additional file 2: Fig. S6G). Taken together, our analysis suggests that FCRL4+FCRL5+ B cells are associated with anti-tumor activity and a positive response to combined therapy.",Zhihong Lin
CT106,Human,Lung,Lung,,lung adenocarcinoma,Cancer cell,UBE2C + cancer cell,,,"EPCAM, SCGB1A1, UBE2C",,,,,36434043,Delineating the dynamic evolution from preneoplasia to invasive lung adenocarcinoma by integrating single-cell RNA sequencing and spatial transcriptomics,Experimental & molecular medicine,2022,single cell transcriptome,10× Genomics,Clinical phenotype,shorter survival,clinical samples,survival analysis,analysis,clinical data,"From the TCGA-LUAD dataset (402 LUAD cases), patients with high UBE2C expression had poorer progression-free survival (P = 0.025) and overall survival (P = 0.0013), as shown in Fig. 3b.",Zhihong Lin
CT107,Human,Lung,Lung,,lung adenocarcinoma,Cancer cell,UBE2C + cancer cell,,,"EPCAM, SCGB1A1, UBE2C",,,,,36434043,Delineating the dynamic evolution from preneoplasia to invasive lung adenocarcinoma by integrating single-cell RNA sequencing and spatial transcriptomics,Experimental & molecular medicine,2022,single cell transcriptome,10× Genomics,Biological phenotype, invasion,cell line(PC-9),Transwell assay,,,"Our in vitro experiments confirmed that UBE2C mediates the malignant progression of LUAD by affecting LUAD proliferation and invasion (Fig. 3c, d).",Zhihong Lin
CT108,Human,Lung,Lung,,lung adenocarcinoma,Cancer cell,UBE2C + cancer cell,,,"EPCAM, SCGB1A1, UBE3C",,,,,36434043,Delineating the dynamic evolution from preneoplasia to invasive lung adenocarcinoma by integrating single-cell RNA sequencing and spatial transcriptomics,Experimental & molecular medicine,2022,single cell transcriptome,10× Genomics,Biological phenotype,proliferation,cell line(PC-9),Cell index assay,,,"Our in vitro experiments confirmed that UBE2C mediates the malignant progression of LUAD by affecting LUAD proliferation and invasion (Fig. 3c, d).",Zhihong Lin
CT109,Human,Lung,Lung,,lung adenocarcinoma,Cancer cell,UBE2C + cancer cell,,,"EPCAM, SCGB1A1, UBE4C",,,,,36434043,Delineating the dynamic evolution from preneoplasia to invasive lung adenocarcinoma by integrating single-cell RNA sequencing and spatial transcriptomics,Experimental & molecular medicine,2022,single cell transcriptome,10× Genomics,Biological phenotype,tumor growth,mouse,,,,"Furthermore, in vivo experiments showed that UBE2C silencing significantly attenuated the growth of subcutaneous tumors (Fig. 3e–g). ",Zhihong Lin
CT110,Human,Lung,Lung,,lung adenocarcinoma((in situ and minimally invasive)),Cancer cell,cancer cell,,,TM4SF1 + ,,,,,36434043,Delineating the dynamic evolution from preneoplasia to invasive lung adenocarcinoma by integrating single-cell RNA sequencing and spatial transcriptomics,Experimental & molecular medicine,2022,spatial transciptome,10× Genomics,Biological phenotype,co-location,clinical samples,,,spatial," in the cancer region, TM4SF1 + cancer cells (Epi-C0) colocalized with the two subtypes of NK cells (T/NK-C4: GNLY and T/NK-C5: NKG7) and mast cells (Mye-C0: TPSB2, Mye-C9: CPA3) (Supplementary Fig. 11c). ",Zhihong Lin
CT111,Human,Lung,Lung,,lung adenocarcinoma((in situ and minimally invasive)),NK cell,NK cell,,,"GNLY, NKG7",,,,,36434043,Delineating the dynamic evolution from preneoplasia to invasive lung adenocarcinoma by integrating single-cell RNA sequencing and spatial transcriptomics,Experimental & molecular medicine,2022,spatial transciptome,10× Genomics,Biological phenotype,co-location,clinical samples,,,spatial," in the cancer region, TM4SF1 + cancer cells (Epi-C0) colocalized with the two subtypes of NK cells (T/NK-C4: GNLY and T/NK-C5: NKG7) and mast cells (Mye-C0: TPSB2, Mye-C9: CPA3) (Supplementary Fig. 11c). ",Zhihong Lin
CT112,Human,Lung,Lung,,lung adenocarcinoma((in situ and minimally invasive)),Mast cell,Mast cell,,,"TPSB2, CPA3",,,,,36434043,Delineating the dynamic evolution from preneoplasia to invasive lung adenocarcinoma by integrating single-cell RNA sequencing and spatial transcriptomics,Experimental & molecular medicine,2022,spatial transciptome,10× Genomics,Biological phenotype,co-location,clinical samples,,,spatial," in the cancer region, TM4SF1 + cancer cells (Epi-C0) colocalized with the two subtypes of NK cells (T/NK-C4: GNLY and T/NK-C5: NKG7) and mast cells (Mye-C0: TPSB2, Mye-C9: CPA3) (Supplementary Fig. 11c). ",Zhihong Lin
CT113,Human,Lung,Lung,,lung adenocarcinoma((subsequent invasive adenocarcinoma)),Cancer cell,cancer cell,,,"TM4SF1, UBE2C",,,,,36434043,Delineating the dynamic evolution from preneoplasia to invasive lung adenocarcinoma by integrating single-cell RNA sequencing and spatial transcriptomics,Experimental & molecular medicine,2022,spatial transciptome,10× Genomics,Biological phenotype,co-location,clinical samples,,,spatial,"Hypergeometric distribution analysis showed that TM4SF1 + cancer cells (Epi-C0) and UBE2C + cancer cells (Epi-C6) were enriched in the cancer region, and CAFs (Fib-1) and Tregs (T/NK-C6: FOXP3) colocalized with the above cancer cell subclusters in the cancer region (Fig. 6d). ",Zhihong Lin
CT114,Human,Lung,Lung,,lung adenocarcinoma((subsequent invasive adenocarcinoma)),Fibroblasts,cancer-associated fibroblast,,,Fib-1,,,,,36434043,Delineating the dynamic evolution from preneoplasia to invasive lung adenocarcinoma by integrating single-cell RNA sequencing and spatial transcriptomics,Experimental & molecular medicine,2022,spatial transciptome,10× Genomics,Biological phenotype,co-location,clinical samples,,,spatial,"Hypergeometric distribution analysis showed that TM4SF1 + cancer cells (Epi-C0) and UBE2C + cancer cells (Epi-C6) were enriched in the cancer region, and CAFs (Fib-1) and Tregs (T/NK-C6: FOXP3) colocalized with the above cancer cell subclusters in the cancer region (Fig. 6d). ",Zhihong Lin
CT115,Human,Lung,Lung,,lung adenocarcinoma((subsequent invasive adenocarcinoma)),T cell,Treg,,, FOXP3,,,,,36434043,Delineating the dynamic evolution from preneoplasia to invasive lung adenocarcinoma by integrating single-cell RNA sequencing and spatial transcriptomics,Experimental & molecular medicine,2022,spatial transciptome,10× Genomics,Biological phenotype,co-location,clinical samples,,,spatial,"Hypergeometric distribution analysis showed that TM4SF1 + cancer cells (Epi-C0) and UBE2C + cancer cells (Epi-C6) were enriched in the cancer region, and CAFs (Fib-1) and Tregs (T/NK-C6: FOXP3) colocalized with the above cancer cell subclusters in the cancer region (Fig. 6d). ",Zhihong Lin
CT116,Human,Stomach,Stomach,,Gastric Carcinoma,Fibroblast cell,Fibroblast cell,,,"FN1, LUM, DCN",,,,,9394383,"Single-Cell Atlas of Lineage States, Tumor Microenvironment, and Subtype-Specific Expression Programs in Gastric Cancer",Cancer discovery,2022,single cell transcriptome,10× Genomics,Clinical phenotype,shorter survival,clinical samples,survival analysis,analysis,clinical data,scRNA-seq Reveals Distinct Fibroblast Populations and INHBA–FAP Axis as a CAF Regulator…… Survival analysis of TCGA samples by INHBA levels revealed a significantly poorer survival for tumor samples with high INHBA expression,Zhihong Lin
CT117,Human,Stomach,Stomach,,Gastric Carcinoma,Plasma cells,Plasma cells,,,TNFRSF17,,,,,9394383,"Single-Cell Atlas of Lineage States, Tumor Microenvironment, and Subtype-Specific Expression Programs in Gastric Cancer",Cancer discovery,2022,single cell transcriptome,10× Genomics,Clinical phenotype,existence,clinical samples,immunohistochemistry,DAKO,protein,We confirmed an increased level of plasma cells in diffuse versus intestinal tumors using IRF4 (a plasma cell marker) IHC on a subset of tumors,Zhihong Lin
CT118,Human,Stomach,Stomach,,Gastric Carcinoma,Stormal cells,PLVAP/RGS5 double-positive stormal cells,,,"FN1, PLVAP, RGS5",,,,,9394383,"Single-Cell Atlas of Lineage States, Tumor Microenvironment, and Subtype-Specific Expression Programs in Gastric Cancer",Cancer discovery,2022,single cell transcriptome,10× Genomics,Clinical phenotype,existence,clinical samples,RNAScope,ACD bio,RNA,"The large number of analyzed cells also enabled characterization of a novel and rare cell type (STF4) within the stromal metacluster (0.4% of all cells; n = 821), expressing markers associated with both endothelial (PLVAP) and fibroblast (RGS5) lineages (Fig. 1F), possibly highlighting cells undergoing endothelial–mesenchymal transition (EndoMT), a process where endothelial cells acquire a mesenchymal or myofibroblastic phenotype. We ruled out the possibility that the double-lineage nature of STF4 cells is caused by potential technical artifacts such as doublet effects (29) and orthogonally validated the existence of the PLVAP/RGS5 double-positive population on formalin-fixed paraffin-embedded (FFPE) sections using dual-color RNAScope (Supplementary Fig. S2J).",Zhihong Lin
CT119,Human,Liver,Liver,,Hepatocelluar carcinoma,Macrophage,SPP1+ macrophages,,,"SPP1,CD68,LUM,TIMP1",,,,,36708811,Identification of a tumour immune barrier in the HCC microenvironment that determines the efficacy of immunotherapy,Journal of hepatology,2023,spatial transcriptome,10 X Spatial,Clinical phenotype,shorter survival,clinical samples,survival analysis,analysis,clinical data,"Notably, patients with HCC and higher infiltration of SPP1+ macrophages had shorter overall survival in three independent cohorts (Fig. 3G and Fig. S4E-F) and shorter progression-free survival in the TCGA LIHC cohort (the only cohort with available progression-free survival information) (Fig. S4G).",
CT120,Human,Liver,Liver,,Hepatocelluar carcinoma,Macrophage,SPP1+ macrophages,,,"SPP1,CD68,LUM,TIMP1",,,,,36708811,Identification of a tumour immune barrier in the HCC microenvironment that determines the efficacy of immunotherapy,Journal of hepatology,2023,spatial transcriptome,10 X Spatial,Biological phenotype,immuno suppression,clinical samples,multiplex immunohistochemistry,"SignalStain® Boost
IHC",protein,"mIHC staining showed that SPP1+ macrophages tended to localize at the tumour boundary, whereas CD8+ T cells localized outside the TIB rather than in the tumour core of ICB non-responders (Fig. 5H), while there was less infiltration of SPP1+ macrophages and more infiltration of CD8+ T cells in the tumours of responders (Fig. 5I).",
CT121,Human,Liver,Liver,,Hepatocelluar carcinoma,Macrophage,SPP1+ macrophages,,,"SPP1,CD68,LUM,TIMP1",,,,,36708811,Identification of a tumour immune barrier in the HCC microenvironment that determines the efficacy of immunotherapy,Journal of hepatology,2023,spatial transcriptome,10 X Spatial,Biological phenotype,immuno suppression,mice,multiplex immunohistochemistry,"SignalStain® Boost
IHC",protein,"the anti-SPP1 and anti-PD-1 combination dramatically increased the overall survival of tumour-bearing GDL mice (Fig. 6I). Further-more, the combination of anti-SPP1 and anti-PD-1 treatment also markedly reduced the proportion of aSMA+ ﬁbroblasts and increased the proportion of CD8+ T cells in the tumour region (Fig. 6J). In addition, we validated the blockade of SPP1 (Fig. S8F-H) or conditional knockout of macrophage-speciﬁc deletion of Spp1 in mice",
CT122,Human,Liver,Liver,,Hepatocelluar carcinoma,Fibroblast,Cancer-associated fibroblast,,,"SPP1,CD68,LUM,TIMP2",,,,,36708811,Identification of a tumour immune barrier in the HCC microenvironment that determines the efficacy of immunotherapy,Journal of hepatology,2023,spatial transcriptome,10 X Spatial,Biological phenotype,immuno suppression,mice,multiplex immunohistochemistry,"SignalStain® Boost
IHC",protein,"the anti-SPP1 and anti-PD-1 combination dramatically increased the overall survival of tumour-bearing GDL mice (Fig. 6I). Further-more, the combination of anti-SPP1 and anti-PD-1 treatment also markedly reduced the proportion of aSMA+ ﬁbroblasts and increased the proportion of CD8+ T cells in the tumour region (Fig. 6J). In addition, we validated the blockade of SPP1 (Fig. S8F-H) or conditional knockout of macrophage-speciﬁc deletion of Spp1 in mice",
CT123,Human,Liver,Liver,,Hepatocelluar carcinoma,T cell,CD4+ TCM,,,"IL7R,ANXA1,CCR7,LTB,CXCR4,CRIP1,TSC22D3,CD2,RP11-138A9.2,CCR6",,,,,35933472,A single-cell atlas of the multicellular ecosystem of primary and metastatic hepatocellular carcinoma,nature communications,2022,single cell transcriptome,10× Genomics,Clinical phenotype,longer survival,clinical samples,survival analysis,analysis,clinical data,"Clinical relevance analysis showed that higher abundances of CD4+ TCM or CD20+ B cells in tumors are associated with improved patient’s survival (Fig. 2d and Supplementary Fig. 4e), supporting their antitumor activities.",
CT124,Human,Liver,Liver,,Hepatocelluar carcinoma,T cell,CD4+ TCM,,,"IL7R,ANXA1,CCR7,LTB,CXCR4,CRIP1,TSC22D3,CD2,RP11-138A9.2,CCR6",,,,,35933472,A single-cell atlas of the multicellular ecosystem of primary and metastatic hepatocellular carcinoma,nature communications,2022,single cell transcriptome,10× Genomics,Clinical phenotype,existence,clinical samples,immunohistochemistry,"IHC Kit (PerkinElmer, USA)",clinical data,"Indeed, the coexistence of CD8+ T, CD4+ TCM and CD20+ B cell aggregates is detected in four out of nine patients assessed by immunohistochemistry (IHC) assays (Fig. 2b and Supplementary Fig. 3d).",
CT125,Human,Liver,Liver,,Hepatocelluar carcinoma,B cell,CD20+ B cells,,,"MS4A1,CD79A,GPR183,BANK1,LY9,SMIM14,TNFRSF13C,RP5-887A10.1,EZR,CD37",,,,,35933472,A single-cell atlas of the multicellular ecosystem of primary and metastatic hepatocellular carcinoma,nature communications,2022,single cell transcriptome,10× Genomics,Clinical phenotype,longer survival,clinical samples,survival analysis,analysis,clinical data,"Clinical relevance analysis showed that higher abundances of CD4+ TCM or CD20+ B cells in tumors are associated with improved patient’s survival (Fig. 2d and Supplementary Fig. 4e), supporting their antitumor activities.",
CT126,Human,Liver,Liver,,Hepatocelluar carcinoma,B cell,CD20+ B cells,,,"MS4A1,CD79A,GPR183,BANK1,LY9,SMIM14,TNFRSF13C,RP5-887A10.1,EZR,CD37",,,,,35933472,A single-cell atlas of the multicellular ecosystem of primary and metastatic hepatocellular carcinoma,nature communications,2022,single cell transcriptome,10× Genomics,Clinical phenotype,existence,clinical samples,immunohistochemistry,"IHC Kit (PerkinElmer, USA)",clinical data,"Indeed, the coexistence of CD8+ T, CD4+ TCM and CD20+ B cell aggregates is detected in four out of nine patients assessed by immunohistochemistry (IHC) assays (Fig. 2b and Supplementary Fig. 3d).",
CT127,Human,Liver,Liver,,Hepatocelluar carcinoma,Macrophage,MMP9+ macrophages,,,"MMP9,SPP117,ITGAM,CD45,CD68",,,,,35933472,A single-cell atlas of the multicellular ecosystem of primary and metastatic hepatocellular carcinoma,nature communications,2022,single cell transcriptome,10× Genomics,Clinical phenotype,shorter survival,clinical samples,survival analysis,analysis,clinical data,We further examined the clinical relevance of these two subtypes of TAMs in two additional HCC cohorts and found that higher abundance of MMP9+ TAMs in tumors is strongly associated with worse overall survival.,
CT128,Human,Liver,Liver,,Hepatocelluar carcinoma,Macrophage,MMP9+ macrophages,,,"MMP9,SPP117,ITGAM,CD45,CD68",,,,,35933472,A single-cell atlas of the multicellular ecosystem of primary and metastatic hepatocellular carcinoma,nature communications,2022,single cell transcriptome,10× Genomics,Biological phenotype,migration,cell line,co-culture,"China Center for Type Culture Collection (CCTCC; Wuhan city, China), Proteintech,Abcam",protein,"We observed that co-culturing with MMP9+ TAMs significantly promoted themigration and invasion ofHCC cells and the tube formation of human umbilical vein endothelial cells (HUVECs) (Fig. 3d–f and Supplementary Fig. 7a, b), suggesting that the MMP9+ TAMs could promote HCC progression through inducing HCC cells migration, invasion, and tumor angiogenesis.",
CT129,Human,Liver,Liver,,Hepatocelluar carcinoma,Macrophage,MMP9+ macrophages,,,"MMP9,SPP117,ITGAM,CD45,CD68",,,,,35933472,A single-cell atlas of the multicellular ecosystem of primary and metastatic hepatocellular carcinoma,nature communications,2022,single cell transcriptome,10× Genomics,Biological phenotype,invasion,cell line,co-culture,"China Center for Type Culture Collection (CCTCC; Wuhan city, China), Proteintech,Abcam",protein,"We observed that co-culturing with MMP9+ TAMs significantly promoted themigration and invasion ofHCC cells and the tube formation of human umbilical vein endothelial cells (HUVECs) (Fig. 3d–f and Supplementary Fig. 7a, b), suggesting that the MMP9+ TAMs could promote HCC progression through inducing HCC cells migration, invasion, and tumor angiogenesis.",
CT130,Human,Liver,Liver,,Hepatocelluar carcinoma,Macrophage,MMP9+ macrophages,,,"MMP9,SPP117,ITGAM,CD45,CD68",,,,,35933472,A single-cell atlas of the multicellular ecosystem of primary and metastatic hepatocellular carcinoma,nature communications,2022,single cell transcriptome,10× Genomics,Biological phenotype,angiogenesis,cell line,co-culture,"China Center for Type Culture Collection (CCTCC; Wuhan city, China), Proteintech,Abcam",protein,"We observed that co-culturing with MMP9+ TAMs significantly promoted themigration and invasion ofHCC cells and the tube formation of human umbilical vein endothelial cells (HUVECs) (Fig. 3d–f and Supplementary Fig. 7a, b), suggesting that the MMP9+ TAMs could promote HCC progression through inducing HCC cells migration, invasion, and tumor angiogenesis.",
CT131,Human,Liver,Liver,,Hepatocelluar carcinoma,Macrophage,SPP1+ macrophages,,," CD68, MAFB, CSF1R, CD14 ",,,,,35303421,Immune phenotypic linkage between colorectal cancer and liver metastasis,Cancer Cell,2022,single cell transcriptome,10× Genomics and Smart-seq2,Clinical phenotype,shorter survival,clinical samples,survival analysis,analysis,clinical data,Patients with higher levels of SPP1 alone or of the signature of SPP1+ TAMs were associated with worse overall survival (OS) in treatment-naive patients (Figures 5E and 5F).,
CT132,Human,Liver,Liver,,Hepatocelluar carcinoma,Macrophage,SPP1+ macrophages,,," CD68, MAFB, CSF1R, CD14 ",,,,,35303421,Immune phenotypic linkage between colorectal cancer and liver metastasis,Cancer Cell,2022,single cell transcriptome,10× Genomics and Smart-seq2,Clinical phenotype,higher proportion,clinical samples,Flow cytometry,BD Biosciences,protein,"The florescence-activated cell sorting (FACS) analysis further validated that SPP1+ TAMs were enriched in Liv.Mets despite their absence in non-metastatic HCC, and such enrichment in metastatic tumors was even higher compared with matched primary CRC tumors",
CT133,Human,Liver,Liver,,Hepatocelluar carcinoma,Macrophage,SPP1+ macrophages,,," CD68, MAFB, CSF1R, CD14 ",,,,,35303421,Immune phenotypic linkage between colorectal cancer and liver metastasis,Cancer Cell,2022,single cell transcriptome,10× Genomics and Smart-seq2,Clinical phenotype,higher proportion,clinical samples,immunohistochemistry,Abcam,protein,"Multicolor immunohistochemistry (IHC) also confirmed the existence of this TAM subset, indicated by the co-expression of CD68 and MARCO at both Pri.CT (Figure S5E) and Liv.Mets.",
CT134,Human,Liver,Liver,,Hepatocelluar carcinoma,Macrophage,TAM-like macrophages,,,"APOE, C1QA, C1QB, TREM2, SLC40A1, GPNMB",,,,,31675496,Landscape and Dynamics of Single Immune Cells in Hepatocellular Carcinoma,Cell,2019,single cell transcriptome,10× Genomics and Smart-seq2,Biological phenotype,existence,clinical samples,Multi-color immunohistochemistry,Abcam,protein,"We further performed multicolor immunohistochem istry (IHC) staining on tumor sections from HCC patients. Among CD68+ macrophages, mutually exclusive signals of S100A8 and SLC40A1 were detected on distinct cells (Figure 3E), supporting the presence of the two distinct macrophage states in HCC.",
CT135,Human,Liver,Liver,,Hepatocelluar carcinoma,Macrophage,MDSC-like macrophages,,,"FCN1, VCAN",,,,,31675496,Landscape and Dynamics of Single Immune Cells in Hepatocellular Carcinoma,Cell,2019,single cell transcriptome,10× Genomics and Smart-seq2,Biological phenotype,existence,clinical samples,Multi-color immunohistochemistry,Abcam,protein,"We further performed multicolor immunohistochem istry (IHC) staining on tumor sections from HCC patients. Among CD68+ macrophages, mutually exclusive signals of S100A8 and SLC40A1 were detected on distinct cells (Figure 3E), supporting the presence of the two distinct macrophage states in HCC.",
CT136,Human,Liver,Liver,,Hepatocelluar carcinoma,Macrophage,TAM-like macrophages,,,"APOE, C1QA, C1QB, TREM2, SLC40A1, GPNMB",,,,,31675496,Landscape and Dynamics of Single Immune Cells in Hepatocellular Carcinoma,Cell,2019,single cell transcriptome,10× Genomics and Smart-seq2,Clinical phenotype,worse overall survival,clinical samples,survival analysis,analysis,clinical data,"Only the TAM-like signature was associated with a poor prognosis (p = 0.01, Cox regression).",
CT137,Human,Liver,Liver,,Hepatocelluar carcinoma,dendritic cell,LAMP3+ DCs,,,"LAMP3, CD80, CD83, CCR7, CCL19, CCL21",,,,,31675496,Landscape and Dynamics of Single Immune Cells in Hepatocellular Carcinoma,Cell,2019,single cell transcriptome,10× Genomics and Smart-seq2,Biological phenotype,interaction,clinical samples,Multi-color immunohistochemistry,Abcam,protein,Multicolor IHC staining of HCC tumors also showed the physical juxtaposition of PD-1-expressing T cells (CD3+ CD4+ or CD3+ CD8+ ) and PD-L1-expressing LAMP3+ DCs (CD80+ ) (Figures 7F and S7D).,
CT138,Human,Liver,Liver,,Hepatocelluar carcinoma,dendritic cell,LAMP3+ DCs,,,"LAMP3, CD80, CD83, CCR7, CCL19, CCL21",,,,,31675496,Landscape and Dynamics of Single Immune Cells in Hepatocellular Carcinoma,Cell,2019,single cell transcriptome,10× Genomics and Smart-seq2,Biological phenotype,migration,cell line,Transwell Assays,"24-well transwell chambers (Corning Costar, Cambridge, MA)",protein,"Using a Transwell migration assay (Figure S6F), we showed that mo-DCs matured with either CD40L+PGE2 or a commercial DC maturation supplement resulted in an increased level of LAMP3, and these matured DCs migrated more readily than immature DCs toward CCL19 (Figures 6B, S6G, and S6H).",
CT139,Human,Liver,Liver,,Hepatocelluar carcinoma,T cell,tumor-infiltrating Tregs,,,"FOXP3, CTLA4, TNFRSF18, TNFRSF4, CCR8",,,,,28622514,Landscape of Infiltrating T Cells in Liver Cancer Revealed by Single-Cell Sequencing,Cell,2017,single cell transcriptome,Smart-seq2,Clinical phenotype,worse overall survival,clinical samples,reduced disease-free survival rate,analysis,clinical data," In addition, by interrogating the TCGA HCC survival data with respect to LAYN expression after normalizing the effect of T cell infiltration levels by total CD3 expression, we found that higher expression of LAYN was associated with reduced disease-free survival rate (p = 0.002, log rank test, Figure 4B).",
CT140,Human,Liver,Liver,,Hepatocelluar carcinoma,T cell,tumor-infiltrating Tregs,,,"FOXP3, CTLA4, TNFRSF18, TNFRSF4, CCR8",,,,,28622514,Landscape of Infiltrating T Cells in Liver Cancer Revealed by Single-Cell Sequencing,Cell,2017,single cell transcriptome,Smart-seq2,Biological phenotype,higher expression,clinical samples,Flow cytometry,BD Bioscience,protein,"However, after T cells were activated by anti-CD3 and anti-CD28 antibodies for 2 days, we readily detected LAYN presence on >30% Tregs and CD8+ T cells, although on CD4+ T cells LAYN was only mini mally upregulated (Figure 4C).",
CT141,Human,Liver,Liver,,Hepatocelluar carcinoma,T cell,exhausted CD8+ T cells,,,"CTLA4, PDCD1, HAVCR2",,,,,28622514,Landscape of Infiltrating T Cells in Liver Cancer Revealed by Single-Cell Sequencing,Cell,2017,single cell transcriptome,Smart-seq2,Biological phenotype,higher expression,clinical samples,Flow cytometry,BD Bioscience,protein,"Interestingly, the LAYN-overexpressed CD8+ T cells produced significantly less IFN-g than that by control virus infected cells (Figure 4G), supporting an inhibitory role of LAYN in CD8+ T cells.",
CT142,Human,Liver,Liver,,Hepatocelluar carcinoma,T cell,"CD8+
FOXP3+ regulatory T cells",,,"FOXP3, CTLA4, PRF1, GZMA, NKG7",,,,,28622514,Landscape of Infiltrating T Cells in Liver Cancer Revealed by Single-Cell Sequencing,Cell,2017,single cell transcriptome,Smart-seq2,Biological phenotype,existence,clinical samples,Multi-color immunohistochemistry,Abcam,protein,We further confirmed the presence of these CD8+ FOXP3+ regulatory T cells in HCC by multi-color IHC (Figure 7F).,
CT143,Human,Liver,Liver,,Hepatocelluar carcinoma,Neutrophil,CCL4+ TANs,,,"CCL4, IRAK2",,,,,36352227,Liver tumour immune microenvironment subtypes and neutrophil heterogeneity,Nature,2022,single cell transcriptome,10× Genomics,Biological phenotype,expression,clinical samples,Multi-color immunohistochemistry,"AlphaTSA Multiplex IHC Kit (AXT36100031, AlphaX)",protein,"CCL4+  TANs (Neu_11_CCL4) expressed  high levels of chemokine genes CCL3 and CCL4, confirmed by mIHC  (Fig. 3d and Extended Data Fig. 8g).",
CT144,Human,Liver,Liver,,Hepatocelluar carcinoma,Neutrophil,CCL4+ TANs,,,"CCL4, IRAK2",,,,,36352227,Liver tumour immune microenvironment subtypes and neutrophil heterogeneity,Nature,2022,single cell transcriptome,10× Genomics,Biological phenotype,chemokine-secreting,clinical samples,co-culture,"American Type Culture Collection (ATCC), Liver Cancer Institute, Zhongshan Hospital, Fudan University (Shanghai, China).",protein,"CCL4+  TANs were predicted to recruit  macrophages through CCL4–CCR5 (Extended Data Fig. 8i). Consistently,  more autologous monocytes were recruited in the chemotactic assay  when co-cultured with TANs (Fig. 3h and Extended Data Fig. 8j).",
CT145,Human,Liver,Liver,,Hepatocelluar carcinoma,Neutrophil,CCL4+ TANs,,,"CCL4, IRAK2",,,,,36352227,Liver tumour immune microenvironment subtypes and neutrophil heterogeneity,Nature,2022,single cell transcriptome,10× Genomics,Clinical phenotype,tumor promotion,mice,Xenograft mouse model,"C57BL/6, Jackson Laboratory",protein,"Furthermore, we performed the Ly6G blockade thera peutically in pTMC mice with the luciferase reporter (pTMC-Luc)  (Fig. 4i). Ly6G blockade at 36 days after tumour formation (at 7 days)  showed substantial reductions in bioluminescence signal and tumour  burdens (Fig. 4j).",
CT146,Human,Liver,Liver,,Hepatocelluar carcinoma,Neutrophil,IFIT1+ TANs,,,"IFIT1, CD274",,,,,36352227,Liver tumour immune microenvironment subtypes and neutrophil heterogeneity,Nature,2022,single cell transcriptome,10× Genomics,Biological phenotype,expression,clinical samples,Fluorescence-activated cell sorting (FACS) ,BD Bioscience,protein,Fluorescence-activated cell sorting (FACS) analysis further  showed significantly higher PD-L1 expression in in vitro induced TANs  compared with in the controls (Fig. 3k and Extended Data Fig. 8k).,
CT147,Human,Liver,Liver,,Hepatocelluar carcinoma,Neutrophil,IFIT1+ TANs,,,"IFIT1, CD274",,,,,36352227,Liver tumour immune microenvironment subtypes and neutrophil heterogeneity,Nature,2022,single cell transcriptome,10× Genomics,Biological phenotype,suppressive,clinical samples,co-culture,"American Type Culture Collection (ATCC), Liver Cancer Institute, Zhongshan Hospital, Fudan University (Shanghai, China).",protein,"After adding anti-PD-L1 antibodies,  the decline in IFNγ in CD8+  T cells was reversed in the PBN-MHCC97H  group compared with in the controls (Fig. 3o and Extended Data  Fig. 9d), confirming that PD-L1 mediates the suppressive function of  TANs",
CT148,Human,Liver,Liver,,Hepatocelluar carcinoma,Neutrophil,IFIT1+ TANs,,,"IFIT1, CD274",,,,,36352227,Liver tumour immune microenvironment subtypes and neutrophil heterogeneity,Nature,2022,single cell transcriptome,10× Genomics,Biological phenotype,interaction,clinical samples,Multi-color immunohistochemistry,"AlphaTSA Multiplex IHC Kit (AXT36100031, AlphaX)",protein,"Moreover, mIHC revealed the physical proximity of PD-L1+  neutrophils and  PD1+  CD8+  T cells (Fig. 3q), supporting their direct interaction.",
CT149,Human,Liver,Liver,,Hepatocelluar carcinoma,Neutrophil,IFIT1+ TANs,,,"IFIT1, CD274",,,,,36352227,Liver tumour immune microenvironment subtypes and neutrophil heterogeneity,Nature,2022,single cell transcriptome,10× Genomics,Clinical phenotype,tumor promotion,mice,Xenograft mouse model,"C57BL/6, Jackson Laboratory",protein,"Furthermore, we performed the Ly6G blockade thera peutically in pTMC mice with the luciferase reporter (pTMC-Luc)  (Fig. 4i). Ly6G blockade at 36 days after tumour formation (at 7 days)  showed substantial reductions in bioluminescence signal and tumour  burdens (Fig. 4j).",
CT150,Human,Liver,Liver,,Hepatocelluar carcinoma,Neutrophil,APOA2+  TANs,,,"APOA2, TTR, FABP1, LGALS3",,,,,36352227,Liver tumour immune microenvironment subtypes and neutrophil heterogeneity,Nature,2022,single cell transcriptome,10× Genomics,Clinical phenotype,favourable prognosis,clinical samples,survival analysis,analysis,clinical data,"Correspondingly, its human counterpart, Neu_07_APOA2, was associated with favourable prognosis.",
CT151,Human,Liver,Liver,,Hepatocelluar carcinoma,endothelial cell,PLVAP+ Ecs,,,"PLVAP, SPRY1, CAV1, SPARC",,,,,32976798,Onco-fetal Reprogramming of Endothelial Cells Drives Immunosuppressive Macrophages in Hepatocellular Carcinoma,Cell,2020,single cell transcriptome,10× Genomics,Biological phenotype,existence,clinical samples,RNAscope in situ hybridization (RNA-ISH),RNAscope Multiplex Fluorescent Reagent Kit v2 Assay (ACDBio),RNA,"We validated these observa tions by RNA-FISH experiments and observed increased expression of VEGFA, PLVAP, ALB, and CD163 in HCC when compared to adjacent normal tissue (Figures 5B and S5A).",
CT152,Human,Liver,Liver,,Hepatocelluar carcinoma,Macrophage,FOLR2+ TAMs,,,"CD163, FOLR2, C1QB, SEPP1",,,,,32976798,Onco-fetal Reprogramming of Endothelial Cells Drives Immunosuppressive Macrophages in Hepatocellular Carcinoma,Cell,2020,single cell transcriptome,10× Genomics,Biological phenotype,enrichment,clinical samples,RNAscope in situ hybridization (RNA-ISH),RNAscope Multiplex Fluorescent Reagent Kit v3 Assay (ACDBio),RNA,"Remarkably, we observed that TAM1 (CD163+ ), Tregs (TIGIT+ ), and PLVAP+ ECs co-localized to the same niche, adjoining the clusters of ALB+ tumor epithelial cells (Figure 5I). We also observed enrichment of CD163+ and TIGIT+ cells in areas with high PLVAP density (Figures 5I, S5B, S5D, and S5E).",
CT153,Human,Liver,Liver,,Hepatocelluar carcinoma,Macrophage,FOLR2+ TAMs,,,"CD163, FOLR2, C1QB, SEPP1",,,,,32976798,Onco-fetal Reprogramming of Endothelial Cells Drives Immunosuppressive Macrophages in Hepatocellular Carcinoma,Cell,2020,single cell transcriptome,10× Genomics,Biological phenotype,reprogramming,clinical samples,co-culture,"Miltenyi, R&D systems, QIAGEN",protein,"This was performed by co-culturing normal CD14+ mono cytes with DLL4-ligand-coated beads in the presence and absence of anti-DLL4 blocking antibody. Notably, co-culturing adjacent normal CD14+ cells with DLL4 ligand led to the gain of the TAM1 (CD163+ /CD206+ ) phenotype, while the addition of anti-DLL4 antibody blocked this reprogramming (Figures 7A, 7B, and S6E).",
CT154,Human,Liver,Liver,,Hepatocelluar carcinoma,Fibroblast,iCAF,,,"CFD, CCL11, CXCL12, CXCL14",,,,,37833788,Pan-cancer spatially resolved single-cell analysis reveals the crosstalk between cancer-associated fibroblasts and tumor microenvironment,Molecular cancer,2023,single cell transcriptome,10× Genomics,Biological phenotype,spatial proximity,clinical samples,Immunofluorescence staining,Quadruple-Fluorescence immunohistochemical mouse/rabbit kit (Immunoway),protein,Immunofuorescence experiments on tissue microarrays of BRCA and  LIHC also unveiled a multitude of instances wherein  CFD-positive cells and CD8-positive cells exhibited spatial proximity (Fig. 4h).,
CT155,Human,Liver,Liver,,Hepatocelluar carcinoma,Fibroblast,iCAF,,,"CFD, CCL11, CXCL12, CXCL14",,,,,37833788,Pan-cancer spatially resolved single-cell analysis reveals the crosstalk between cancer-associated fibroblasts and tumor microenvironment,Molecular cancer,2023,single cell transcriptome,10× Genomics,Clinical phenotype,prolonged over all survival (OS) and progression-free survival (PFS),clinical samples,survival analysis,analysis,clinical data,"In all cohorts,  patients with high iCAF scores displayed prolonged over all survival (OS) (Log-rank test P<0.0001 for the Gide  anti-PD-1 cohort; P=0.00026 for the Gide anti-CTLA-4  cohort and P=0.001 for the Nathanson cohort; Fig. 6a)  and progression-free survival (PFS) (Log-rank test  P<0.0001 for the Gide anti-PD-1 cohort and P<0.0001  for the Gide anti-CTLA-4 cohort; Fig.  6a).",
CT156,Human,Liver,Liver,,Hepatocelluar carcinoma,dendritic cell,migratory cDC2,,,"FLT3, SIRPa",,,,,30955881,Unleashing Type-2 Dendritic Cells to Drive Protective Antitumor CD4+ T Cell Immunity,Cell,2019,single cell transcriptome,10× Genomics,Biological phenotype,CD4+ Tconv priming,mice,Flow cytometry,BD Bioscience,protein,"To test whether cDC2 were required in vivo for initiating CD4+ Tconv priming, mice deficient in Irf4 in DC, which lack LN cDC2 (Krishnaswamy et al., 2017), were used.",
CT157,Human,Liver,Liver,,Hepatocelluar carcinoma,dendritic cell,migratory cDC2,,,"FLT3, SIRPa",,,,,30955881,Unleashing Type-2 Dendritic Cells to Drive Protective Antitumor CD4+ T Cell Immunity,Cell,2019,single cell transcriptome,10× Genomics,Clinical phenotype,Treg depletion and tumor rejection,mice,Xenograft mouse model,Mouse: Foxp3DTR (B6.129(Cg)-Foxp3tm3(DTR/GFP)Ayr/J) (The Jackson Laboratory),clinical data,"Diphtheria toxin (DT) treatment of Foxp3DTR mice (Kim et al., 2007) led to robust Treg depletion and tumor rejection (Figures 3B, S3B, and S3C) that required CD4+ Tconv as previously shown (Bos et al., 2013) (Figure 3C).",
CT158,Human,Liver,Liver,,Hepatocelluar carcinoma,dendritic cell,migratory cDC2,,,"FLT3, SIRPa",,,,,30955881,Unleashing Type-2 Dendritic Cells to Drive Protective Antitumor CD4+ T Cell Immunity,Cell,2019,single cell transcriptome,10× Genomics,Biological phenotype,primed more effectively,mice,co-culture,UC San Francisco,protein,"To determine whether cDC2 in the absence of Treg primed more effectively, we measured CD69 expression on divided OT-II co-cultured with cDC2 in vitro (Figure 4C) and on divided OT-II transferred in vivo (Figure S5G). In both settings, similar to OT-II in X31pOVA (Figure 2), primed OT-II had increased expres sion of CD69 compared to in control tdLN.",
CT159,Human,Liver,Liver,,Hepatocelluar carcinoma,dendritic cell,migratory cDC2,,,"FLT3, SIRPa",,,,,30955881,Unleashing Type-2 Dendritic Cells to Drive Protective Antitumor CD4+ T Cell Immunity,Cell,2019,single cell transcriptome,10× Genomics,Clinical phenotype,better progression-free survival (PFS),clinical samples,survival analysis,analysis,clinical data,"While cancer staging at the time of analysis was similar (Figure 7D), progres sion-free survival was significantly better in BDCA-1+ cDC2HIGH/TregLOW TME patients than either of the other two TME classes (Figure 7E).",
CT160,Human,Liver,Liver,,Hepatocelluar carcinoma,Fibroblast,POSTN+ CAF,,,POSTIN,,,,,38168935,Presence of onco-fetal neighborhoods in hepatocellular carcinoma is associated with relapse and response to immunotherapy,Nature cancer,2024,single cell transcriptome,BD Biosciences,Biological phenotype,immuno suppression,clinical samples,RNAscope in situ hybridization (RNA-ISH),HiPlex12 Reagent Kit v2 Standard Assay kit (Advanced Cell Diagnostics),RNA,"We further validated the existence of the onco-fetal niche by RNAscope experiments and observed increased expression of FOLR2 and PLVAP transcripts in POSTN+ CAF cellular neighborhoods in both HCC tumor and fetal liver (Fig. 4e,f and Supplementary Fig. 6c). ",
CT161,Human,Liver,Liver,,Hepatocelluar carcinoma,Fibroblast,POSTN+ CAF,,,POSTIN,,,,,38168935,Presence of onco-fetal neighborhoods in hepatocellular carcinoma is associated with relapse and response to immunotherapy,Nature cancer,2024,single cell transcriptome,BD Biosciences,Clinical phenotype,worse overall survival,clinical samples,survival analysis,analysis,clinical data,"Furthermore, patients with higher levels of onco-fetal CAF signatures and of POSTN alone were associated with worse overall survival in treatment-naive patients (Fig. 2h,i).",
CT162,Human,Liver,Liver,,Hepatocelluar carcinoma,Fibroblast,POSTN+ CAF,,,POSTIN,,,,,38168935,Presence of onco-fetal neighborhoods in hepatocellular carcinoma is associated with relapse and response to immunotherapy,Nature cancer,2024,single cell transcriptome,BD Biosciences,Biological phenotype,immuno suppression,clinical samples,Spatial RNA-seq,Stereo-seq,spatial data,"As expected, the results confirmed the significant co-localization of CXCL12–CXCR4 pairs, involving inter actions between POSTN+ CAF and FOLR2+ TAM, and DLL4–NOTCH3 pairs involving interactions between PLVAP+ EC and POSTN+CAF (Extended Data Fig. 6d–g).",
CT163,Human,Breast,Breast,,Breast carcinoma,Macrophages, lipid-associated macrophages,,,"FABP5, APOE, TREM2, CCL18",,,,,34493872,A single-cell and spatially resolved atlas of human breast cancers,Nature genetics,2021,single cell transcriptome,10x Genomics,Clinical phenotype,worse overall survival,clinical samples,survival analysis,analysis,clinical data,Patients with higher levels of SPP1 alone or of the signature of SPP1+ TAMs were associated with worse overall survival (OS) in treatment-naive patients (Figures 5E and 5F).,
CT164,Human,Breast,Breast,,Breast carcinoma,epithelial cell, early-disseminated cancer cell (EDC),,,,,,,,36594618,Combined Single-Cell and Spatial Transcriptomics Reveal the Metabolic Evolvement of Breast Cancer during Early Dissemination,Advanced science,2023,single cell transcriptome,10× Genomics,Biological phenotype,migration,cell line,Transwell Assays, Corning Transwell Inserts (8.0 μm),protein,"In the transwell migration assay, mi grated cells transfected with shIL4I1 were remarkably decreased by 60% or more compared with control (Figure 5B and Figure S5B, Supporting Information), indicating high levels of COX6C and DHRS2 could facilitate breast cancer invasion.",
CT165,Human,Breast,Breast,,Breast carcinoma,epithelial cells, early-disseminated cancer cell (EDC),,,,,,,,36594618,Combined Single-Cell and Spatial Transcriptomics Reveal the Metabolic Evolvement of Breast Cancer during Early Dissemination,Advanced science,2023,single cell transcriptome,10× Genomics,Biological phenotype,proliferation inhibition,cell line,Cell Proliferation Assays," Cell Counting Kit-8 (Dojindo, Rockville, MD, USA)",protein,"To evaluate the role of COX6C and DHRS2 in breast cancer cells, we utilized short hairpin RNA (shRNA) to generate T-47D, MDA MB-231, and MCF-7 cell lines with low COX6C or DHRS2 expres sion. Downregulation of COX6C and DHRS2 notably inhibited the proliferation of breast cancer cells (Figure 5A and Figure S5A, Supporting Information).",
CT166,Human,Breast,Breast,,Breast carcinoma,epithelial cells, early-disseminated cancer cell (EDC),,,,,,,,36594618,Combined Single-Cell and Spatial Transcriptomics Reveal the Metabolic Evolvement of Breast Cancer during Early Dissemination,Advanced science,2023,single cell transcriptome,10× Genomics,Clinical phenotype,migration,clinical samples,immunohistochemistry,"Abcam, GeneTech",protein,We next per formed immunohistochemistry (IHC) staining on lymph nodes and primary tumors with positive or negative lymph node metas tasis. We observed that the representative protein expression of COX6C and DHRS2 was positive in samples with lymph node metastasis (Figure 5C).,
CT167,Human,Breast,Breast,,Breast carcinoma,epithelial cells, early-disseminated cancer cell (EDC),,,,,,,,36594618,Combined Single-Cell and Spatial Transcriptomics Reveal the Metabolic Evolvement of Breast Cancer during Early Dissemination,Advanced science,2023,single cell transcriptome,10× Genomics,Clinical phenotype,poor OS and distant metastasis-free survival (DMFS),clinical samples,survival analysis,analysis,clinical data,"Further more, COX6C upregulation was associated with poor overall sur vival (OS) in basal-like breast cancer, while poor OS and distant metastasis-free survival (DMFS) in HER2-positive breast cancer. DHRS2 upregulation was associated with poor OS and DMFS in basal-like breast cancer (Figure 6F,G). Collectively, these data validated that the OXPHOS pathway exhibited great value in pre dicting the risk of lymphatic metastasis and prognosis in breast cancer.",
CT168,Human,Breast,Breast,,Breast carcinoma,epithelial cells, early-disseminated cancer cell (EDC),,,,,,,,36594618,Combined Single-Cell and Spatial Transcriptomics Reveal the Metabolic Evolvement of Breast Cancer during Early Dissemination,Advanced science,2023,spatial transcriptome,10× Genomics,Clinical phenotype,existence,clinical samples,H&E staining,"Pan noramic MIDI FL, 3DHISTECH",clinical data,"By projecting all ST clusters onto cryosections, we observed a noticeable distribution pattern, which was consistent with the histological annotations under H&E staining (Figure 4A, right).Together with the results from pseudo-time analysis, we speculated that the evolvement from the malignant stage (C6) to the dissemina tion stage (C8) is in parallel with the route from the inside of the tumor to the leading edge and finally to metastatic sites.",
CT169,Human,Breast,Breast,,Breast carcinoma,T cells,CD8+CD103+ TRM cell,,,"ITGAE, HAVCR2, PDCD1, CTLA4, TIGIT, LAG3, GZMB, PRF1",,,,,29942092,Single-cell profiling of breast cancer T cells reveals a tissue-resident memory subset associated with improved prognosis,Nature Medicine,2018,single cell transcriptome,10× Genomics,Clinical phenotype,higher proportion,clinical samples,Flow cytometry,e-Bioscience fixation and permeabilization kit,protein,"To further investigate the concept that CD8+ T cells with TRM features are present in BCs with a high quantity of TILs, we used flow cytometry to evaluate CD103 expression on CD8+ T cells isolated from the human BCs used in Fig. 1a,b. We observed that the vast majority of CD8+ TILs expressed CD69 (Supplementary Fig. 3), likely reflective of the tumor microenvironment and not indicative of tissue residency in primary BCs.",
CT170,Human,Breast,Breast,,Breast carcinoma,T cells,CD8+CD103+ TRM cell,,,"ITGAE, HAVCR2, PDCD1, CTLA4, TIGIT, LAG3, GZMB, PRF1",,,,,29942092,Single-cell profiling of breast cancer T cells reveals a tissue-resident memory subset associated with improved prognosis,Nature Medicine,2018,single cell transcriptome,10× Genomics,Biological phenotype,proinflammatory,cell line,co-culture,"BD Biosciences, San Diego, CA",protein,"To explore the functional characteristics of BC CD8+CD103+T cells, we performed in vitro functional assays in which TILs were cocultured with autologous BC cells in the presence or absence of T cell receptor (TCR) stimulation. CD8+CD103+ T cells expressed significantly more granzyme B than CD8+CD103– T cells (Fig. 3d).",
CT171,Human,Breast,Breast,,Breast carcinoma,T cells,CD8+CD103+ TRM cell,,,"ITGAE, HAVCR2, PDCD1, CTLA4, TIGIT, LAG3, GZMB, PRF1",,,,,29942092,Single-cell profiling of breast cancer T cells reveals a tissue-resident memory subset associated with improved prognosis,Nature Medicine,2018,single cell transcriptome,10× Genomics,Clinical phenotype,improved relapse-free and overall survival,clinical samples,survival analysis,analysis,clinical data,"Using available gene expression data from the ‘METABRIC’ consortium, we found that the TRM signature was significantly associated with improved relapse-free and overall sur vival in 329 primary TNBCs after standard chemotherapy (Fig. 4). ",
CT172,Human,Breast,Breast,,Breast carcinoma,T cells,CD8+CD103+ TRM cell,,,"ITGAE, HAVCR2, PDCD1, CTLA4, TIGIT, LAG3, GZMB, PRF1",,,,,29942092,Single-cell profiling of breast cancer T cells reveals a tissue-resident memory subset associated with improved prognosis,Nature Medicine,2018,single cell transcriptome,10× Genomics,Clinical phenotype,existence,clinical samples,Immunohistochemistry (IHC) staining,"Benchmark Ultra Autostainer (Ventana Medical Systems, Tuscon, AZ, USA)",clinical data,The presence of CD8+ T cells also expressing CD103 was confirmed with multiplex and single-stain immunohisto chemistry in primary TNBCs (Fig. 1e and Supplementary Fig. 11).,
CT173,Human,Breast,Breast,,Breast carcinoma,Fibroblast,vascular CAFs (vCAFs),,,"Mcam, Notch3, Epas1, Col18a1, Nr2f2",,,,,30514914,Spatially and functionally distinct subclasses of breast cancer-associated fibroblasts revealed by single cell RNA sequencing,Nature Communications,2018,single cell transcriptome,Smart-seq2,Biological phenotype,invasion,mice,Immunostaining,"Santa Cruz Biotechnology,  Abcam, Thermo Fisher",protein,"In accordance with their apparent func tion, vCAFs predominantly localized in proximity to the vascu lature, as shown by immunostaining for the vCAF markerNidogen-2 and the endothelial cell marker CD31 (Fig. 3c). Gratifyingly, immunostaining of Nidogen-2 in human breast tissues showed a stromal expression pattern(Fig. 3d) and a similar pattern was observed in human breastcarcinomas included in The Human Protein Atlas (http://www.proteinatlas.org)25, providing independent evidence (Supple mentary Figure 4d).",
CT174,Human,Breast,Breast,,Breast carcinoma,Fibroblast,vascular CAFs (vCAFs),,,"Mcam, Notch3, Epas1, Col18a1, Nr2f2",,,,,30514914,Spatially and functionally distinct subclasses of breast cancer-associated fibroblasts revealed by single cell RNA sequencing,Nature Communications,2018,single cell transcriptome,Smart-seq2,Biological phenotype,invasion,mice,immunohistochemistry,"Mouse on Mouse (M.O.M.) basic kit (Vector Laboratories, BMK-2202)",protein,We confirmed the high abundance of vCAFs within the stromal compartment of tumors from MMTV-PyMT mice using desmin as a marker (Fig. 3b).,
CT175,Human,Breast,Breast,,Breast carcinoma,Fibroblast,vascular CAFs (vCAFs),,,"Mcam, Notch3, Epas1, Col18a1, Nr2f2",,,,,30514914,Spatially and functionally distinct subclasses of breast cancer-associated fibroblasts revealed by single cell RNA sequencing,Nature Communications,2018,single cell transcriptome,Smart-seq2,Biological phenotype,invasion,mice,RNAscope in situ hybridization (RNA-ISH)," RNAscope Fluorescent
Multiplex Assay (Advanced Cell Diagnostics, USA)",RNA,"Since Nidogen-2 is a secreted protein, we confirmed its validity as a vCAF marker in immunostainings by combining RNAscope in situ hybridization (RNA-ISH) for vCAF transcripts Kcnj8 and Notch3 with immunostaining of Nidogen-2 (Supple mentary Figure 4c).",
CT176,Human,Breast,Breast,,Breast carcinoma,Fibroblast,matrix CAFs (mCAFs),,,"CXCL14, Dcn, Lum, Vcan, Col14a1, Fbln1, Fbln2, and Smoc, Lox, Loxl1",,,,,30514914,Spatially and functionally distinct subclasses of breast cancer-associated fibroblasts revealed by single cell RNA sequencing,Nature Communications,2018,single cell transcriptome,Smart-seq2,Biological phenotype,existence,mice,Immunohistochemistry (IHC) staining,"Benchmark Ultra Autostainer (Ventana Medical Systems, Tuscon, AZ, USA)",protein,"Immunostaining of the mCAF markers Fibulin-1 and PDGFRα showed high prevalence of positive cells at the invasive front of tumors, in contrast to the relatively low abundance of mCAFs in the tumor core (Fig. 3f). The two mCAF markers Fibulin-1 and PDGFRα identified a profuse infiltration of mCAFs in the tumor stroma of human breast cancer tissue (Fig. 3g, h and Supplementary Figure 4d,f).",
CT177,Human,Breast,Breast,,Breast carcinoma,Fibroblast,matrix CAFs (mCAFs),,,"CXCL14, Dcn, Lum, Vcan, Col14a1, Fbln1, Fbln2, and Smoc, Lox, Loxl1",,,,,30514914,Spatially and functionally distinct subclasses of breast cancer-associated fibroblasts revealed by single cell RNA sequencing,Nature Communications,2018,single cell transcriptome,Smart-seq2,Biological phenotype,decreased during tumor progression,mice,Immunostaining,"Santa Cruz Biotechnology,  Abcam, Thermo Fisher",protein,"In contrast to vCAFs, the relative number of mCAFs decreased during tumor progression in the MMTV-PyMT mouse model (Fig. 3c).",
CT178,Human,Breast,Breast,,Breast carcinoma,Fibroblast,developmental CAFs (dCAFs),,,"Scrg1, Sox9, Sox10, Col9a3, Chad, Mia, Spint2",,,,,30514914,Spatially and functionally distinct subclasses of breast cancer-associated fibroblasts revealed by single cell RNA sequencing,Nature Communications,2018,single cell transcriptome,Smart-seq2,Biological phenotype,existence,mice,Immunostaining,"Santa Cruz Biotechnology,  Abcam, Thermo Fisher",protein,"Interestingly, dCAFs were intermingled with the malignant epithelium during early stages of tumor development, whereas SCRG1-positive cells could be found both within the epithelium and in stromal streaks of late-stage tumors (Fig. 4b).",
CT179,Human,Breast,Breast,,Breast carcinoma,Fibroblast,developmental CAFs (dCAFs),,,"Scrg1, Sox9, Sox10, Col9a3, Chad, Mia, Spint2",,,,,30514914,Spatially and functionally distinct subclasses of breast cancer-associated fibroblasts revealed by single cell RNA sequencing,Nature Communications,2018,single cell transcriptome,Smart-seq2,Biological phenotype,origination,mice,RNAscope in situ hybridization (RNA-ISH)," RNAscope Fluorescent
Multiplex Assay (Advanced Cell Diagnostics, USA)",RNA,"We next used RNA-ISH in order to detect dCAF-specific transcripts in tumor tissue with a variety of markers (Supple mentary Figure 5a,b). Taken together, the overlapping expression of dCAF SDE genes in both tumor epithelium and in stromal mesenchymal cells suggests that dCAFs may originate from tumor cells that have undergone an epithelial to-mesenchymal transition (EMT).",
CT180,Human,Breast,Breast,,Breast carcinoma,Fibroblast,vCAFs and mCAFs,,,"Mcam, Notch3, Epas1, Col18a1, Nr2f2
CXCL14, Dcn, Lum, Vcan, Col14a1, Fbln1, Fbln2, and Smoc, Lox, Loxl1",,,,,30514914,Spatially and functionally distinct subclasses of breast cancer-associated fibroblasts revealed by single cell RNA sequencing,Nature Communications,2018,single cell transcriptome,Smart-seq2,Biological phenotype,migration,mice,Transwell invasion assay,MycoAlertTM Mycoplasma Detection Kit (Lonza),protein,"Finally, to obtain an experimental correlate of the invasion-promoting effects of vCAFs and mCAFs suggested by our analysis, we seeded PeRo-Bas1 breast cancer cells isolated from MMTV-PyMT mice in the upper chamber of a trans-well system. In support of our previous findings in human tumors, both vCAFs and mCAFs significantly augmented the number of cancer cells that invaded through the matrix into the lower chamber, compared to cell culture medium alone (Fig. 5j).",
CT181,Human,Breast,Breast,,Breast carcinoma,Fibroblast,vCAFs and mCAFs,,,"Mcam, Notch3, Epas1, Col18a1, Nr2f2
CXCL14, Dcn, Lum, Vcan, Col14a1, Fbln1, Fbln2, and Smoc, Lox, Loxl1",,,,,30514914,Spatially and functionally distinct subclasses of breast cancer-associated fibroblasts revealed by single cell RNA sequencing,Nature Communications,2018,single cell transcriptome,Smart-seq2,Clinical phenotype,increased risk for metastatic,clinical samples,survival analysis,analysis,clinical data,"In strong support of the notion of CAFs as modifiers of the malignant phenotype, the vCAF gene signature was found to be an independent prognostic indicator associated with an increased risk for developing metastatic disease in both univariable and multivariable analysis in a conditional logistic regression model involving common risk factors such as lymph node status, tumor size, HER2 status, and proliferative index (Table 1). Similarly, mCAFs were also associated with risk of disseminated disease, albeit to a lesser degree (Table 1).",
CT182,Human,Breast,Breast,,Breast carcinoma,epithelial cell, basal/myoepithelial (BA) cells,,,"KRT5, KRT14, KRT17, CAV1, ACTA2, MYLK",,,,,35617956,A human breast atlas integrating single-cell proteomics and transcriptomics,Developmental Cell,2022,single cell transcriptome,10× Genomics,Clinical phenotype,increased with age,clinical samples,CyTOF, Cell-ID 20-Plex Pd Barcoding Kit (Fluidigm 201060),Protein,"Consistent with CyTOF, CyCIF showed the pro portion of K14hi K17hi BA1 cells increased with age (Figures 5D and 5F).",
CT183,Human,Breast,Breast,,Breast carcinoma,epithelial cell, basal/myoepithelial (BA) cells,,,"KRT5, KRT14, KRT17, CAV1, ACTA2, MYLK",,,,,35617956,A human breast atlas integrating single-cell proteomics and transcriptomics,Developmental Cell,2022,single cell transcriptome,10× Genomics,Clinical phenotype,increased with age,clinical samples,CyCIF," Abcam, Cell Signaling Technology",Protein,"Consistent with CyTOF, CyCIF showed the pro portion of K14hi K17hi BA1 cells increased with age (Figures 5D and 5F).",
CT184,Human,Breast,Breast,,Breast carcinoma,epithelial cell, basal-luminal (BL) cells,,,"ALDH1A3, MUC1, KRT5/14/17",,,,,35617956,A human breast atlas integrating single-cell proteomics and transcriptomics,Developmental Cell,2022,single cell transcriptome,10× Genomics,Clinical phenotype,increased with age,clinical samples,CyTOF, Cell-ID 20-Plex Pd Barcoding Kit (Fluidigm 201060),Protein,"CyTOF identified a striking increase in the relative abundance of BL subtypes with age, independent of BRCA1/2 genotype or parity (Figures 6B, S5A, S5B, and S5D).",
CT185,Human,Breast,Breast,,Breast carcinoma,epithelial cell, basal-luminal (BL) cells,,,"ALDH1A3, MUC1, KRT5/14/17",,,,,35617956,A human breast atlas integrating single-cell proteomics and transcriptomics,Developmental Cell,2022,single cell transcriptome,10× Genomics,Clinical phenotype,increased with age,clinical samples,CyCIF," Abcam, Cell Signaling Technology",Protein,"BL1 cells, which displayed a more pronounced increase with age than BL2 cells, were analyzed by CyCIF on two inde pendent breast tissue collections, one local (31 samples yielding 159,393 K19+ and/or ECAD+ luminal cells) and one from the Ko men Tissue Bank (21 samples yielding 64,597 K19+ luminal cells). An analysis of the combined set revealed K14+ BL1 cells were localized primarily in ducts and increased in abundance with age (Figures 6D, 6E, S5E, and S5F).",
CT186,Human,Breast,Breast,,Breast carcinoma,epithelial cell, basal-luminal (BL) cells,,,"ALDH1A3, MUC1, KRT5/14/17",,,,,35617956,A human breast atlas integrating single-cell proteomics and transcriptomics,Developmental Cell,2022,single cell transcriptome,10× Genomics,Clinical phenotype,increased with age,clinical samples,Immunohistochemistry (IHC) staining,"BioLegend, Vector Labs",Protein,"Additional immunohis tochemistry (IHC) staining of 39 samples also detected K14+ BL1 cells in the luminal layer of ducts in mammary terminal ductal lobular units (TDLUs) and showed that the fraction of TDLUs con taining BL cells increased with age (Figure S5G), consistent with the CyTOF and CyCIF analyses.",
CT187,Human,Breast,Breast,,Breast carcinoma,epithelial cell, basal/myoepithelial (BA) cells,,,"KRT5, KRT14, KRT17, CAV1, ACTA2, MYLK",,,,,35617956,A human breast atlas integrating single-cell proteomics and transcriptomics,Developmental Cell,2022,single cell transcriptome,10× Genomics,Biological phenotype,decreased,Organoids,Organoids,Peprotech,protein,"Among BA cells, BA2 cells decreased in the absence of endogenous BMP inhibitor noggin.",
CT188,Human,Breast,Breast,,Breast carcinoma,epithelial cell, basal-luminal (BL) cells,,,"ALDH1A3, MUC1, KRT5/14/17",,,,,35617956,A human breast atlas integrating single-cell proteomics and transcriptomics,Developmental Cell,2022,single cell transcriptome,10× Genomics,Biological phenotype,increased,Organoids,Organoids,Peprotech,Protein,"Removal of TGF-bRI inhibitor or FGF7/10 significantly increased the percentage of BL cells (Figures 7D, 7E, and S7E), suggesting inverse regulation of BL cells by TGF-b and FGF signaling.",
CT189,Human,Breast,Breast,,Breast carcinoma,Cancer cell, micrometastatic cells,,,PHLDA2,,,,,32144411,Transcriptional diversity and bioenergetic shift in human breast cancer metastasis revealed by single-cell RNA sequencing,Nature cell biology,2020,single cell transcriptome,Smart-seq2,Clinical phenotype,increased relapse,mice,survival analysis,analysis,clinical data,Our survival analysis showed that PHLDA2 was significantly predictive of increased relapse (P=7.4×10−3; HR=1.44) in patients with basal-like breast cancer (Extended Data Fig. 3a).,
CT190,Human,Breast,Breast,,Breast carcinoma,Cancer cell, micrometastatic cells,,,PHLDA2,,,,,32144411,Transcriptional diversity and bioenergetic shift in human breast cancer metastasis revealed by single-cell RNA sequencing,Nature cell biology,2020,single cell transcriptome,Smart-seq2,Biological phenotype,metastasis,mice,RNAscope in situ hybridization (RNA-ISH),"RNAscope multiplex fluorescent reagent kit v2 (ACD, cat. no. 323110)",RNA,We compared the PHLDA2 transcript levels in primary tumour and microme tastases using high-resolution single-molecule fluorescence in situ  hybridization (RNAscope) to determine whether the PHLDA2 transcripts are upregulated in micrometastatic lesions in  situ.,
CT191,Human,Breast,Breast,,Breast carcinoma,Cancer cell, micrometastatic cells,,,PHLDA2,,,,,32144411,Transcriptional diversity and bioenergetic shift in human breast cancer metastasis revealed by single-cell RNA sequencing,Nature cell biology,2020,single cell transcriptome,Smart-seq2,Biological phenotype,higher gene expression,mice,Quantitative PCR,"PowerUp SYBRGreen master mix (Applied Biosystems, cat. no. A25742)",RNA,"Quantitative PCR analysis of sorted TMRMhigh and TMRMlow cells confirmed that TMRMhigh cells express higher levels of the genes involved in mitochondrial biogenesis and the ETC, validating the TMRM assay in PDX cells (Fig. 4e).",
CT192,Human,Breast,Breast,,Breast carcinoma,Cancer cell, micrometastatic cells,,,PHLDA2,,,,,32144411,Transcriptional diversity and bioenergetic shift in human breast cancer metastasis revealed by single-cell RNA sequencing,Nature cell biology,2020,single cell transcriptome,Smart-seq2,Biological phenotype,higher mitochondrial membrane potential,mice,Flow cytometry,BD FACSAria Fusion cell sorter,protein,Flow cytometry analysis showed that the mitochondrial membrane potential of micrometastases was threefold higher than primary tumour cells (P=0.0331; Fig. 4f).,
CT193,Human,Breast,Breast,,Breast carcinoma,Cancer cell, micrometastatic cells,,,PHLDA2,,,,,32144411,Transcriptional diversity and bioenergetic shift in human breast cancer metastasis revealed by single-cell RNA sequencing,Nature cell biology,2020,single cell transcriptome,Smart-seq2,Biological phenotype,attenuates the metastatic,MDA-MB-231 cells,Flow cytometry,BD FACSAria Fusion cell sorter,protein,"Flow cytometry analysis showed an almost threefold decrease in the frequency of metastatic cells in the lungs of the treatment group (Fig. 6g), showing that OXPHOS inhi bition attenuates the metastatic capacity of MDA-MB-231 cells.",
CT194,Human,Breast,Breast,,Breast carcinoma,Cancer cell, micrometastatic cells,,,PHLDA2,,,,,32144411,Transcriptional diversity and bioenergetic shift in human breast cancer metastasis revealed by single-cell RNA sequencing,Nature cell biology,2020,single cell transcriptome,Smart-seq2,Biological phenotype,metastasis,BALB/c mice,green fluorescent protein (GFP),Hamamatsu,protein,"We injected green fluorescent protein (GFP)-labelled 4T1 cells (1×105) into BALB/c mice and harvested the lungs of the mice 5d later, as 4T1 cells metastasize rapidly in the lung. Remarkably, the animals injected with oligomycin-treated 4T1–GFP cells displayed a sevenfold decrease in metastatic cells in their lungs at this early time point (Fig. 6h), suggesting OXPHOS is important to facilitate early events in the metastatic cascade.",
CT195,Human,Breast,Breast,,Breast carcinoma,epithelial cell, epithelial cells,,,"EPCAM, EGFR, CDH1",,,,,30181541,Unravelling subclonal heterogeneity and aggressive disease states in TNBC through single-cell RNA-seq,Nature Communications,2018,single cell transcriptome,Smart-seq2,Clinical phenotype,malignant,clinical samples,Immunohistochemistry (IHC) staining,"Agilent Dako, Atlas Antibodies, Abcam",protein,"Notably, most cycling cells (98.5% of all cycling cells) were identified as epithelial, consistent with our cell type classification and suggesting that the malignant cells reside in this compartment (Fig. 1e; Supplementary Fig. 2). We validated these findings by immunohistochemical staining of tumor sections with Ki67, a widely used clinical marker of cycling cells.",
CT196,Human,Breast,Breast,,Breast carcinoma,epithelial cell,luminal progenitor (LP) cells,,,"KRT8, KRT1",,,,,30181541,Unravelling subclonal heterogeneity and aggressive disease states in TNBC through single-cell RNA-seq,Nature Communications,2018,single cell transcriptome,Smart-seq2,Clinical phenotype,shortened overall survival,clinical samples,survival analysis,analysis,clinical data,We observed a statistically significant association between tumors with high expression of the cluster 2 signature and shortened overall survival (Fig. 4c).,
CT197,Human,Breast,Breast,,Breast carcinoma,Cancer cell,ZT4 circulating tumour cells (CTCs),,,,,,,,35732738,The metastatic spread of breast cancer accelerates during sleep,Nature,2022,single cell transcriptome,BD Biosciences,Biological phenotype,metastasis,mice,immunohistochemical analysis,Cell Signaling Technology,protein,"To dissect whether these metas tases were derived from ZT4 or ZT16 CTCs, we conducted immunohistochemical analysis of the lungs with anti GFP and anti-RFP antibodies. Remarkably, we find that most metastases derive from ZT4-generated GFP-labelled CTCs (Fig. 2c). ",
CT198,Human,Breast,Breast,,Breast carcinoma,Fibroblast,osteoclast-like giant cells,,,"ACP5, CTSK, MMP9, CD68",,,,,36148946,Microenvironment components and spatially resolved single-cell transcriptome atlas of breast cancer metastatic axillary lymph nodes,Acta Biochimica et Biophysica Sinica,2022,single cell transcriptome,10× Genomics,Biological phenotype,existence,clinical samples,Immunofluorescence staining,Abcam,protein,"With high CD68 expression and CD163L1, this cell cluster have similar characteristics with M2-macrophages (Supplementary Figure S1)[19]. Immunofluorescence staining was performed to examine the expressions of macrophage biomarkers (Figure 5A).",
CT199,Human,Breast,Breast,,Breast carcinoma,Fibroblast,osteoclast-like giant cells,,,"ACP5, CTSK, MMP9, CD68",,,,,36148946,Microenvironment components and spatially resolved single-cell transcriptome atlas of breast cancer metastatic axillary lymph nodes,Acta Biochimica et Biophysica Sinica,2022,single cell transcriptome,10× Genomics,Biological phenotype,interaction,clinical samples,Spatial RNA-seq,10× Genomics,protein,"Figure 6D shows the spatial orientation of various cell clusters, the linkage between cell clusters illustrates the spatial proximity of cells, suggesting that OGCs are located adjacent to cancer cells. Likewise, the spatial adjacency of macrophages and cancer cells indicates the dense interaction between the two cell clusters.",
CT200,Human,Breast,Breast,,Breast carcinoma,T cell,KRT8+T cells,,,"ELF3, S100A13, AZGP1",,,,,37696831,Single-cell transcriptome analysis indicates fatty acid metabolism-mediated metastasis and immunosuppression in male breast cancer,Nature Communications,2023,single cell transcriptome,10× Genomics,Clinical phenotype,poor prognosis,clinical samples,survival analysis,analysis,clinical data,"Results showed that FASN expression was prognostic for the OS, DSS, and PFI of many types of cancers, especially for male cancer patients (Supplementary Figs. 9–11). Male BRCA patients with higher expres sion of FASN had a relatively poor prognosis but were not statistically significant possibly due to that only 12 MBC samples were present in the TCGA.",
CT201,Human,Breast,Breast,,Breast carcinoma,T cell,KRT8+T cells,,,"ELF3, S100A13, AZGP1",,,,,37696831,Single-cell transcriptome analysis indicates fatty acid metabolism-mediated metastasis and immunosuppression in male breast cancer,Nature Communications,2023,single cell transcriptome,10× Genomics,Clinical phenotype,metastasis,clinical samples,Immunohistochemistry (IHC) staining,"Abcam, CST",Protein,"Moreover, the IHC staining for FASN in 30 ER+ MBC samples and 30 ER+ FBC samples were compared. Results showed that the protein levels of FASN were remarkably higher in MBC than in FBC samples (Wilcoxon rank-sum test, p-value: 0.0052; Fig. 4e, f). This observation indicated that fatty acids played an important role in tumor cell energy metabolism in MBC patients.",
CT202,Human,Cervical,Cervical,,Cervical carcinoma,T cell,KRT8+T cells,,,"ELF3, S100A13, AZGP1",,,,,37696831,Single-cell transcriptome analysis indicates fatty acid metabolism-mediated metastasis and immunosuppression in male breast cancer,Nature Communications,2023,single cell transcriptome,10× Genomics,Clinical phenotype,existence,clinical samples,immunofluorescence staining,"Proteintech, Abcam",Protein,We further illustrated the co expression of CD3E and KRT8 at the single-cell resolution (Fig. 6a) and found that the CD3E + KRT8 + T cells tended to enrich in MBC samples(Fig. 6b). Further validation using immunofluorescence experiments for the MBC samples confirmed the above observation and showed the existence of CD3 + KRT8+ cells (Fig. 6c and Supplementary Fig. 16a).,
CT203,Human,Cervical,Cervical,,Cervical carcinoma,Fibroblast,CAF-MMP11,,,"MMP11, 
POSTN, CTHRC1, COL8A1, COL10A1",,,,,37985817,Multiomic analysis of cervical squamous cell carcinoma identifies cellular ecosystems with biological and clinical relevance,Nature genetics,2023,single cell transcriptome,10× Genomics,Clinical phenotype,poor prognosis,clinical samples,survival analysis,analysis,clinical data,"In the squamous NSCLC subtype of two large ICB therapy cohorts (OAK and POPLAR; anti-PD-L1 antibody or chemo therapy (docetaxel)), low MP6/7 scores were associated with better survival in the immunotherapy arm but not the chemotherapy arm in both cohorts (Fig. 6e,f). ",
CT204,Human,Cervical,Cervical,,Cervical carcinoma,Fibroblast,CAF-MMP11,,,"MMP11, 
POSTN, CTHRC1, COL8A1, COL10A1",,,,,37985817,Multiomic analysis of cervical squamous cell carcinoma identifies cellular ecosystems with biological and clinical relevance,Nature genetics,2023,single cell transcriptome,10× Genomics,Clinical phenotype,immune exclusion,clinical samples,Immunohistochemistry (IHC) staining,"Abcam, CST",Protein,"Furthermore, we examined the immune cell infiltration in 20 randomly selected CSCCs in our bulk RNA-seq cohort26 using immu nohistochemistry staining (IHC) and multiplex immunofluorescence (Fig. 6b, Extended Data Fig. 8b and Supplementary Table 10). CD8+ T cell infiltration was inversely correlated with the MP6/7 score (Pearson’s r = −0.47, P = 0.037; Fig. 6c).",
CT205,Human,Cervical,Cervical,,Cervical carcinoma,Fibroblast,CAF-MMP11,,,"MMP11, 
POSTN, CTHRC1, COL8A1, COL10A1",,,,,37985817,Multiomic analysis of cervical squamous cell carcinoma identifies cellular ecosystems with biological and clinical relevance,Nature genetics,2023,single cell transcriptome,10× Genomics,Clinical phenotype,immune exclusion,HNSCC cell lines, Western blot,"Western Blotting ECL Kit (Advansta, cat #190113-13)",Protein,"Silencing FABP5 resulted in the most significant reduction in MP6 signature and a substantial decrease in protein levels in both cervical cancer and HNSCC cell lines (Fig. 7a,b and Extended Data Fig. 10a–c). ",
CT206,Human,Cervical,Cervical,,Cervical carcinoma,Fibroblast,CAF-MMP11,,,"MMP11, 
POSTN, CTHRC1, COL8A1, COL10A1",,,,,37985817,Multiomic analysis of cervical squamous cell carcinoma identifies cellular ecosystems with biological and clinical relevance,Nature genetics,2023,single cell transcriptome,10× Genomics,Clinical phenotype,immune exclusion,patient-derived organoid (PDO),"H&E staining, Immunofluorescence","Maxim Biotechnology, Abcam, ZSGB-BIO, Servicebio",Protein,"Notably, FABP5-IN-1, a selective FABP5 inhibitor36, suppressed CSCC patient-derived organoid (PDO) formation along with a decrease in S100A8/A9 and SERPINB3 (Fig. 7c,d and Extended Data Fig. 10d–g).",
CT207,Human,Cervical,Cervical,,Cervical carcinoma,Fibroblast,CAF-MMP11,,,"MMP11, 
POSTN, CTHRC1, COL8A1, COL10A1",,,,,37985817,Multiomic analysis of cervical squamous cell carcinoma identifies cellular ecosystems with biological and clinical relevance,Nature genetics,2023,single cell transcriptome,10× Genomics,Clinical phenotype,immune exclusion,mice,Xenograft mouse model,"BALB/c-nu/nu, GemPharmatech Co., Ltd company, Nanjing, China",Protein,"Strikingly, ko-FABP5  almost completely prevented tumor formation in C57BL/6 mice  (except for mouse B1) but not in immune-deficient BALB/c-nu mice  (Fig. 7m,n and Extended Data Fig. 10l). Despite tumor growth in B1,  there was substantial CD4 and CD8 T cell infiltration in ko-FABP5  tumors when compared with the parental TC-1 tumors (Extended  Data Fig. 10m).",
CT208,Human,Cervical,Cervical,,Cervical carcinoma,Fibroblast,CAF-MMP11,,,"MMP11, 
POSTN, CTHRC1, COL8A1, COL10A1",,,,,37985817,Multiomic analysis of cervical squamous cell carcinoma identifies cellular ecosystems with biological and clinical relevance,Nature genetics,2023,single cell transcriptome,10× Genomics,Clinical phenotype,immune exclusion,HNSCC cell lines,Quantitative PCR (qPCR),Total RNA Extraction Kit (Vazyme; cat #RC112-01),Protein,"Silencing FABP5 resulted in the most significant reduction in MP6 signature and a substantial decrease in protein levels in both cervical cancer and HNSCC cell lines (Fig. 7a,b and Extended Data Fig. 10a–c). a, Quantification of MP6 genes by quantitative PCR (qPCR) in C33A and HeLa cells after FABP5 knockdown (si-FABP5) by small interfering RNA for 48 h. NC, negative control.",
CT209,Human,Cervical,Cervical,,Cervical carcinoma,Fibroblast,CAF-MMP11,,,"MMP11, 
POSTN, CTHRC1, COL8A1, COL10A1",,,,,37985817,Multiomic analysis of cervical squamous cell carcinoma identifies cellular ecosystems with biological and clinical relevance,Nature genetics,2023,single cell transcriptome,10× Genomics,Biological phenotype,immune exclusion,clinical samples,Spatial RNA-seq,Stereo-seq,protein,"The distinctive spatial distribution of MP6/7 to conven tional immune-hot tumor categorization suggests that they mightoffer additional information in predicting the immunotherapy  response (Extended Data Fig. 6g,h). As expected, integration of  the immune-hot paradigm and MP6/7 scores synergistically  enhances prediction of the ICB response (Extended Data Fig. 9 and  Supplementary Note 6).",
CT210,Human,Cervical,Cervical,,Cervical carcinoma,Fibroblast,CAF-MMP11,,,"MMP11, 
POSTN, CTHRC1, COL8A1, COL10A1",,,,,37985817,Multiomic analysis of cervical squamous cell carcinoma identifies cellular ecosystems with biological and clinical relevance,Nature genetics,2023,single cell transcriptome,10× Genomics,Biological phenotype,immune exclusion,clinical samples,Flow cytometry,BD Biosciences,protein,"As expected, FABP5-IN-1 significantly reduced tumor burden and increased T cell infiltration, as demonstrated by the increase in CD4 and CD8 T cells at study ter mination (Fig. 7j–l and Extended Data Fig. 10j,k). k, Flow cytometry analysis of CD4+and CD8+cells in TC-1 tumors treated as indicated in j.",
CT211,Human,Cervical,Cervical,,Cervical carcinoma, epithelial cells, epithelial cells,,,EPCAM,,,,,36710358,Single-cell RNA-sequencing reveals radiochemotherapy-induced innate immune activation and MHC-II upregulation in cervical cancer,Signal transduction and targeted therapy,2023,single cell transcriptome,10× Genomics,Biological phenotype,immune-related response,clinical samples,Immunohistochemistry (IHC) staining,Abcam,protein,"IHC staining of samples from validation cohort 1 confirmed the upregulation of MHC-II genes in epithelial cells post-RCT (Fig. 2f, g).",
CT212,Human,Cervical,Cervical,,Cervical carcinoma,monocytic myeloid-derived suppressor cells,FCN1_M-MDSC,,,"MNDA, CLEC12A, LYST, EV12B",,,,,36710358,Single-cell RNA-sequencing reveals radiochemotherapy-induced innate immune activation and MHC-II upregulation in cervical cancer,Signal transduction and targeted therapy,2023,single cell transcriptome,10× Genomics,Biological phenotype,enrichment,clinical samples,Immunohistochemistry (IHC) staining,Abcam,protein,"The enrichment of FCN1_M-MDSC was validated by IHC performed on the samples from the validation cohort 1 (Fig. 3e, f) and the pre- vs. post-RCT comparison of the bulk RNA-seq data from the validation cohort 2 (Fig. 3g).",
CT213,Human,Cervical,Cervical,,Cervical carcinoma,NK cell,CD16_NK cells,,,"FGFBP2, FCGR3A, MYOM2, SPON2",,,,,36710358,Single-cell RNA-sequencing reveals radiochemotherapy-induced innate immune activation and MHC-II upregulation in cervical cancer,Signal transduction and targeted therapy,2023,single cell transcriptome,10× Genomics,Biological phenotype,increase,clinical samples,Immunohistochemistry (IHC) staining,Abcam,protein,"The increase of CD16_NK cells was validated by performing IHC staining of samples from validation cohort 1 (Fig. 4d, e) and examining changes in CD16 expression from validation cohort 2 (Fig. 4f).",
CT214,Human,Cervical,Cervical,,Cervical carcinoma,NK cell,CD16_NK cells,,,"FGFBP2, FCGR3A, MYOM2, SPON2",,,,,36710358,Single-cell RNA-sequencing reveals radiochemotherapy-induced innate immune activation and MHC-II upregulation in cervical cancer,Signal transduction and targeted therapy,2023,single cell transcriptome,10× Genomics,Clinical phenotype,better OS,clinical samples,survival analysis,analysis,clinical data,We then evaluated the relationship between the expression of these upregulated cytotoxic genes and the survival of patients with CC using bulk expression data. We found that the expression of the cytotoxic genes positively correlated with patient survival (Fig. 4j).,
CT215,Human,Cervical,Cervical,,Cervical carcinoma,T cells,PD-1+Tim3–CXCR5+ central memory cells,,,"PD1, CXCR5, CD137",,,,,35727633,Phase I study of adjuvant immunotherapy with autologous tumor-infiltrating lymphocytes in locally advanced cervical cancer,The Journal of Clinical Investigation,2022,single cell transcriptome,BD Biosciences,Clinical phenotype,decreased tumor volume,mice,Xenograft mouse model,"BALB/c-nu/nu, Vital River",model,"We further determined the antitumor reactivity of the infused TIL products by detecting INF-γ release and cytotoxicity against SiHa (HPV+, partly MHC matched) cells in vitro (Figure 4, A and B), as well as SiHa tumor growth inhibition in nude mice (Figure 4, C and D).",
CT216,Human,Cervical,Cervical,,Cervical carcinoma,T cell,PD-1+Tim3–CXCR5+ central memory cells,,,"PD1, CXCR5, CD137",,,,,35727633,Phase I study of adjuvant immunotherapy with autologous tumor-infiltrating lymphocytes in locally advanced cervical cancer,The Journal of Clinical Investigation,2022,single cell transcriptome,BD Biosciences,Biological phenotype,infiltration,clinical samples,Immunohistochemistry (IHC) staining,IHC kit  (Zhongshan Jinqiao Biotechnology),protein,"Importantly,  we found no observable toxicity in SiHa tumor–bearing nude mice  infused with human TILs isolated from patients with CC (partly  MHC-matched) and observed infiltration of the infused TILs into  tumor tissues (Figure 4, E and F).(E) Representative images of  H&E staining of transplanted tumor tissue and representative IHC images of staining for anti–human CD3, CD4, and CD8 in the TME. (F) Representative  images of H&E staining of liver, lung, and splenic tissue from nude mice in each experimental group.",
CT217,Human,Cervical,Cervical,,Cervical carcinoma,Cancer cell,cervical stem cell (CSC),,,"TIMP1, EZH2, SF3B2, COPS8",,,,,37224771,"Identification of cervical cancer stem cells using single-cell transcriptomes of normal cervix, cervical premalignant lesions, and cervical cancer",EBioMedicine,2023,single cell transcriptome,BD Biosciences,Clinical phenotype, lower progression free survival,clinical samples,survival analysis,analysis,clinical data,"Survival analysis using data from the TCGA database revealed that cervical cancer patients with high expression of C2 marker gene signatures had signifi cantly lower progression free survival than those with low expression of C2 signatures (p = 0.012) (log-rank test), suggesting that cervical cancer patients with high expression of C2 markers are more vulnerable to recurrence (Fig. 3h; Table S9).",
CT218,Human,Cervical,Cervical,,Cervical carcinoma,Cancer cell,cervical stem cell (CSC),,,"TIMP1, EZH2, SF3B2, COPS8",,,,,37224771,"Identification of cervical cancer stem cells using single-cell transcriptomes of normal cervix, cervical premalignant lesions, and cervical cancer",EBioMedicine,2023,single cell transcriptome,BD Biosciences,Clinical phenotype,existence,clinical samples,Immunohistochemistry (IHC) staining,"Cell Signaling, Absin",protein,"A total of 85 cervical cancer samples with 22 matched cases of paracancerous tissues were included for subsequent analysis based on the results of nuclear immunohisto chemical staining of four top markers of C2 cluster (TIMP1, EZH2, SF3B2, COPS8) (Table S9). Our find ings confirm the existence of C2 cluster cells (Fig. 4a).",
CT219,Human,Cervical,Cervical,,Cervical carcinoma,Cancer cell,cervical stem cell (CSC),,,"TIMP1, EZH2, SF3B2, COPS8",,,,,37224771,"Identification of cervical cancer stem cells using single-cell transcriptomes of normal cervix, cervical premalignant lesions, and cervical cancer",EBioMedicine,2023,single cell transcriptome,BD Biosciences,Clinical phenotype,worse overall survival and disease-free survival,clinical samples,survival analysis,analysis,clinical data,"Also, survival analysis showed that a high percentage of C2 cluster cells was associated with worse overall sur vival (Fig. 4b) and disease-free survival (Fig. 4c), which is consistent with the results of the survival analysis of TCGA data (Fig. 3h).",
CT220,Human,Cervical,Cervical,,Cervical carcinoma,T cell,activation-coupled exhausted CD8+ T cells,,,"NKG7, GZMA, GZMH, KLRD1, TIGIT, HAVCR2, LAG3",,,,,37224771,"Identification of cervical cancer stem cells using single-cell transcriptomes of normal cervix, cervical premalignant lesions, and cervical cancer",EBioMedicine,2023,single cell transcriptome,BD Biosciences,Clinical phenotype,lower progression-free survival,clinical samples,survival analysis,analysis,clinical data,Survival analysis revealed that TCGA cervical squamous carcinoma (CESC) patients with high CD8-T2 and CD8-T3 signa ture gene expression had significantly lower progression-free survival than patients with low expression (Fig. 7f).,
CT221,Human,Cervical,Cervical,,Cervical carcinoma,macrophage, C1QA+MRC1high macrophages,,,"MRC1, IGHG, IGLC2, IGKC, IGHG1, CD52, CD1B, SPP1, LGALS2",,,,,36569924,Integrated single-cell transcriptome analysis of the tumor ecosystems underlying cervical cancer metastasis,Frontiers in immunology,2022,single cell transcriptome,10× Genomics,Clinical phenotype,higher proportion,clinical samples,immunofluorescence staining,,Protein,"Immunofluorescence results showed that C1QA expression in tumor, P-LN, and N-LN was higher, while MRC1 in P-LN was higher than that in tumor and N-LN (Figure 4J).",
CT222,Human,Cervical,Cervical,,Cervical carcinoma,Fibroblast,P-LN-derived CAFs,,,"CD74, HLA-DRA, C7, CCL12, CCR3",,,,,36569924,Integrated single-cell transcriptome analysis of the tumor ecosystems underlying cervical cancer metastasis,Frontiers in immunology,2022,single cell transcriptome,10× Genomics,Clinical phenotype,higher proportion,clinical samples,Immunohistochemistry (IHC) staining,,protein,"Meanwhile, immunohistochemical analysis showed higher expression of CD74 in metastatic lymph nodes compared with that in the primary tumor (Figure 5H).",
CT223,Human,Cervical,Cervical,,Cervical carcinoma,epithelial cell,metastatic LN-derived epithelial cell,,,"CDH2, TGFBI, ITGB1",,,,,36569924,Integrated single-cell transcriptome analysis of the tumor ecosystems underlying cervical cancer metastasis,Frontiers in immunology,2022,single cell transcriptome,10× Genomics,Clinical phenotype,worse prognosis,clinical samples,survival analysis,analysis,clinical data,"According to TCGA data, we found that high expression of classical mesenchymal markers (e.g., CDH2, TGFBI, and ITGB1) had a worse prognosis, while the expression of epithelial markers (e.g., CDH1, CRB3, and DSP) had no effect on the survival, indicating that mesenchymal markers could be used as a predictor of CC metastasis (Supplementary Figure S5).",
CT224,Human,Cervical,Cervical,,Cervical carcinoma,B cell,naïve B Cells,,,CD23,,,,,35072898,An integrated analysis of single-cell and bulk transcriptomics reveals EFNA1 as a novel prognostic biomarker for cervical cancer,Human cell,2022,single cell transcriptome,10× Genomics,Clinical phenotype,shortened the OS,clinical samples,survival analysis,analysis,clinical data,"Downregulated naive B cells signifcantly shortened the  OS of cervical cancer patients, while resting dendritic cells  and activated NK cells exerted minor infuences on the OS  (Fig. 8AC).",
CT225,Human,Cervical,Cervical,,Cervical carcinoma,Cancer cell,EFNA1+ cancer cell,,,"ADM, HILPDA, DDIT4, NUPR1, ANGPTL4, END2, PGF, SLC2A1",,,,,35072898,An integrated analysis of single-cell and bulk transcriptomics reveals EFNA1 as a novel prognostic biomarker for cervical cancer,Human cell,2022,single cell transcriptome,10× Genomics,Clinical phenotype,less immune cell infltration,clinical samples,Immunohistochemistry (IHC) staining,"Sangon Biotech, Santa Cruz",protein,"In agree ment with the CIBERSORT analysis result, we found that  naive B cells were truly decreased, and activated NK cells  were increased in cervical cancer by immunohistochemistry  against CD23 and CD16, respectively.",
CT226,Human,Cervical,Cervical,,Cervical carcinoma,Cancer cell,EFNA1+ cancer cell,,,"ADM, HILPDA, DDIT4, NUPR1, ANGPTL4, END2, PGF, SLC2A1",,,,,35072898,An integrated analysis of single-cell and bulk transcriptomics reveals EFNA1 as a novel prognostic biomarker for cervical cancer,Human cell,2022,single cell transcriptome,10× Genomics,Clinical phenotype,lower survival possibilities,clinical samples,survival analysis,analysis,clinical data,"Higher EFNA1 expression, younger age, TNM stages  T4, N1, and M1 suggested lower survival possibilities(Fig. 10A).",
CT227,Human,Cervical,Cervical,,Cervical carcinoma,T cell,Th17 T cell,,,"IL17A, CCR6, CTSH",,,,,36967539,"Spatiotemporally deciphering the mysterious mechanism of persistent HPV-induced malignant transition and immune remodelling from HPV-infected normal cervix, precancer to cervical cancer: Integrating single-cell RNA-sequencing and spatial transcriptome",Clinical and translational medicine,2023,single cell transcriptome,10× Genomics,Clinical phenotype,better OS,clinical samples,survival analysis,analysis,clinical data,"Notably, a survival analysis using TCGA data showed that Th17-cell (IL17A+, CCR6+, CTSH+) abundance correlated with better CC patient OS rates (Figure 3H), highlighting the antiviral properties of Th17 cells and the potential for targeting these cells for early intervention in CC.",
CT228,Human,Cervical,Cervical,,Cervical carcinoma,epithelial cell,SLC5A8+ DERL3+ HPV-relatednormal epithelial cluster,,,"SLC5A8, DERL3",,,,,36967539,"Spatiotemporally deciphering the mysterious mechanism of persistent HPV-induced malignant transition and immune remodelling from HPV-infected normal cervix, precancer to cervical cancer: Integrating single-cell RNA-sequencing and spatial transcriptome",Clinical and translational medicine,2023,single cell transcriptome,10× Genomics,Clinical phenotype,distribution,clinical samples,Spatial RNA-seq,10× Genomics,protein,"Of note, the ‘HPV-related normal epithelial cluster’ showed great abundance in the HPV-positive normal cervix sample, expressing SLC5A8 and DERL3, mainly in the HPV infected and metaplastic squamous epithelium, highlight ing the spatial initiation of the HPV-induced malignant transition. ",
CT229,Human,Cervical,Cervical,,Cervical carcinoma,epithelial cell,VSIG1+ CASC9+ HPV-related HSIL epithelial cluster,,,"VSIG1, CASC9",,,,,36967539,"Spatiotemporally deciphering the mysterious mechanism of persistent HPV-induced malignant transition and immune remodelling from HPV-infected normal cervix, precancer to cervical cancer: Integrating single-cell RNA-sequencing and spatial transcriptome",Clinical and translational medicine,2023,single cell transcriptome,10× Genomics,Clinical phenotype,distribution,clinical samples,Spatial RNA-seq,10× Genomics,protein,"In addition, the ‘HPV-related HSIL epithe lial cluster’ was prominent in the HPV-positive HSIL tissue sample specifically within the HSIL foci, highly expressing VSIG1 and CASC9.",
CT230,Human,Cervical,Cervical,,Cervical carcinoma,epithelial cell,CASP14+ CALML5+ HPV related CA cluster,,,"CASP14, CALML5",,,,,36967539,"Spatiotemporally deciphering the mysterious mechanism of persistent HPV-induced malignant transition and immune remodelling from HPV-infected normal cervix, precancer to cervical cancer: Integrating single-cell RNA-sequencing and spatial transcriptome",Clinical and translational medicine,2023,single cell transcriptome,10× Genomics,Clinical phenotype,distribution,clinical samples,Spatial RNA-seq,10× Genomics,protein,"Furthermore, the ‘HPV-related CA cluster’ was detected in the ST slides of CC, with high expression of CASP14 and CALML5.",
CT231,Human,Cervical,Cervical,,Cervical carcinoma,macrophage,C1QC+ TAMs,,,C1QC,,,,,34295336,Multi-Omics Analysis Showed the Clinical Value of Gene Signatures of C1QC+ and SPP1+ TAMs in Cervical Cancer,Frontiers in immunology,2021,single cell transcriptome,SMART-seq2 and 10x Genomic,Clinical phenotype,better OS and DSS,clinical samples,survival analysis,analysis,clinical data,"We found patients with C1QChigh and SPP1low TAMs gene signatures have the best overall survival (OS) and disease specific survival (DSS) (Figures 2E, F), whereas patients with C1QClow and SPP1high TAMs gene signatures have the worst OS and DSS (Figures 2E, F).",
CT232,Human,Cervical,Cervical,,Cervical carcinoma,macrophage,SPP1+ TAMs,,,SPP1,,,,,34295336,Multi-Omics Analysis Showed the Clinical Value of Gene Signatures of C1QC+ and SPP1+ TAMs in Cervical Cancer,Frontiers in immunology,2021,single cell transcriptome,SMART-seq2 and 10x Genomic,Clinical phenotype,worse OS and DSS,clinical samples,survival analysis,analysis,clinical data,"We found patients with C1QChigh and SPP1low TAMs gene signatures have the best overall survival (OS) and disease specific survival (DSS) (Figures 2E, F), whereas patients with C1QClow and SPP1high TAMs gene signatures have the worst OS and DSS (Figures 2E, F).",
CT233,Human,Cervical,Cervical,,Cervical carcinoma,epithelial cell,epi8,,,"CXCL10, GBP1, PARP14",,,,,36706185,Single-cell dissection of cellular and molecular features underlying human cervical squamous cell carcinoma initiation and progression,Science advances,2023,single cell transcriptome,10× Genomics,Clinical phenotype,existence,clinical samples,multiplex Immunofluorescence staining,"PANO 7plex immunohistochemistry kit (0004100100, Panovue)",protein,"We further confirmed the presence of epi8 in CESC by assessing the expression of the protein products of the key marker genes above using multiplex immunofluorescence.We labeled CESC sections for Pan-CK, IDO1, and HLA-DR, as well as for CD3, to detect T cells (Fig. 3I).",
CT234,Human,Cervical,Cervical,,Cervical carcinoma,macrophage,CCL20+ Mac,,,"CCL20, CXCL8, IL1B",,,,,36706185,Single-cell dissection of cellular and molecular features underlying human cervical squamous cell carcinoma initiation and progression,Science advances,2023,single cell transcriptome,10× Genomics,Clinical phenotype,negatively correlated with survival,clinical samples,survival analysis,analysis,clinical data,"This showed that the frequency of both CCL20+ and APOE+ macrophages was negatively correlated with survival (P < 0.0001 and = 0.023, respectively, log-rank test; Fig. 4F), while the abundance of CLEC9A+ DC was positively correlated with survival (P = 0.005, log-rank test; Fig. 4F).",
CT235,Human,Cervical,Cervical,,Cervical carcinoma,macrophage,APOE+ Mac,,,"APOE, APOC1, C1QC",,,,,36706185,Single-cell dissection of cellular and molecular features underlying human cervical squamous cell carcinoma initiation and progression,Science advances,2023,single cell transcriptome,10× Genomics,Clinical phenotype,negatively correlated with survival,clinical samples,survival analysis,analysis,clinical data,"This showed that the frequency of both CCL20+ and APOE+ macrophages was nega tively correlated with survival (P < 0.0001 and = 0.023, respectively, log-rank test; Fig. 4F), while the abundance of CLEC9A+ DC was positively correlated with survival (P = 0.005, log-rank test; Fig. 4F).",
CT236,Human,Cervical,Cervical,,Cervical carcinoma,dendritic cell,CLEC9A+ DC,,,"CLEC9A, WDFY4, CPVL",,,,,36706185,Single-cell dissection of cellular and molecular features underlying human cervical squamous cell carcinoma initiation and progression,Science advances,2023,single cell transcriptome,10× Genomics,Clinical phenotype,positively correlated with survival,clinical samples,survival analysis,analysis,clinical data,"This showed that the frequency of both CCL20+ and APOE+ macrophages was nega tively correlated with survival (P < 0.0001 and = 0.023, respectively, log-rank test; Fig. 4F), while the abundance of CLEC9A+ DC was positively correlated with survival (P = 0.005, log-rank test; Fig. 4F).",
CT237,Human,Cervical,Cervical,,Cervical carcinoma,NK cell,CD16+ NK,,,"FCGR3A, FGFBP2, MYOM2",,,,,36706185,Single-cell dissection of cellular and molecular features underlying human cervical squamous cell carcinoma initiation and progression,Science advances,2023,single cell transcriptome,10× Genomics,Clinical phenotype,longer survival,clinical samples,survival analysis,analysis,clinical data,"We found that that high CD16+ NK and low CD56+ NK cell frequencies were correlated with longer survival of patients with CESC (P < 0.05, log-rank test; Fig. 5E), indicative of a potentially antagonistic role of each subset.",
CT238,Human,Cervical,Cervical,,Cervical carcinoma,NK cell,CD56+ NK,,,"NCAM1, TMIGD2, XCL2",,,,,36706185,Single-cell dissection of cellular and molecular features underlying human cervical squamous cell carcinoma initiation and progression,Science advances,2023,single cell transcriptome,10× Genomics,Clinical phenotype,shorter survival,clinical samples,survival analysis,analysis,clinical data,"We found that that high CD16+ NK and low CD56+ NK cell frequencies were correlated with longer survival of patients with CESC (P < 0.05, log-rank test; Fig. 5E), indicative of a potentially antagonistic role of each subset.",
CT239,Human,Cervical,Cervical,,Cervical carcinoma,T cell,TH17,,,"IL17A, CTSH, CTSL",,,,,36706185,Single-cell dissection of cellular and molecular features underlying human cervical squamous cell carcinoma initiation and progression,Science advances,2023,single cell transcriptome,10× Genomics,Clinical phenotype,poor prognosis,clinical samples,survival analysis,analysis,clinical data,"Here, we found that CCL20 expression level in bulk RNA-seq data from CESC patient samples correlated with poor prognosis (P = 0.002, log-rank test; Fig. 5J).",
CT240,Human,Cervical,Cervical,,Cervical carcinoma,T cell,TNFRSF9high Treg cells,,,"IL1R2, IL1R1, ICA1",,,,,36706185,Single-cell dissection of cellular and molecular features underlying human cervical squamous cell carcinoma initiation and progression,Science advances,2023,single cell transcriptome,10× Genomics,Clinical phenotype,poor prognosis,clinical samples,survival analysis,analysis,clinical data,"Here, we found that CCL20 expression level in bulk RNA-seq data from CESC patient samples correlated with poor prognosis (P = 0.002, log-rank test; Fig. 5J).",
CT241,Human,Cervical,Cervical,,Cervical carcinoma,endothelial cell,PODXL+ EC,,,"PODXL, INSR",,,,,36706185,Single-cell dissection of cellular and molecular features underlying human cervical squamous cell carcinoma initiation and progression,Science advances,2023,single cell transcriptome,10× Genomics,Clinical phenotype,shorter survival,clinical samples,survival analysis,analysis,clinical data,"Survival analysis showed that the abundance of PODXL+ EC was negatively correlated with CESC patients’ survival (P = 0.043, log-rank test; Fig. 6G), while there was some evidence of a possible positive cor relation between MHChigh EC frequency and survival time (P = 0.072, log-rank test; Fig. 6G).",
CT242,Human,Cervical,Cervical,,Cervical carcinoma,endothelial cell,MHChigh EC,,,"HLA-DPA1, SELP",,,,,36706185,Single-cell dissection of cellular and molecular features underlying human cervical squamous cell carcinoma initiation and progression,Science advances,2023,single cell transcriptome,10× Genomics,Clinical phenotype,longer survival,clinical samples,survival analysis,analysis,clinical data,"Survival analysis showed that the abundance of PODXL+ EC was negatively correlated with CESC patients’ survival (P = 0.043, log-rank test; Fig. 6G), while there was some evidence of a possible positive correlation between MHChigh EC frequency and survival time (P = 0.072, log-rank test; Fig. 6G).",
CT243,Human,Cervical,Cervical,,Cervical carcinoma,Fibroblast,mCAFs,,,"PDGFRA, LUM, DCN",,,,,36706185,Single-cell dissection of cellular and molecular features underlying human cervical squamous cell carcinoma initiation and progression,Science advances,2023,single cell transcriptome,10× Genomics,Biological phenotype,existence,clinical samples,multiplex Immunofluorescence staining,"PANO 7plex immunohistochemistry kit (0004100100, Panovue)",protein,"Among these, we confirmed the expression of PDGFRA and melanoma cell adhesion molecule (MCAM) by mul tiplex immunofluorescence labeling of CESC sections, which also revealed that mCAFs were predominantly located within the colla gen-rich stromal streaks (Fig. 7D). ",
CT244,Human,Cervical,Cervical,,Cervical carcinoma,Fibroblast,mCAFs,,,"PDGFRA, LUM, DCN",,,,,36706185,Single-cell dissection of cellular and molecular features underlying human cervical squamous cell carcinoma initiation and progression,Science advances,2023,single cell transcriptome,10× Genomics,Clinical phenotype,poor prognosis,clinical samples,survival analysis,analysis,clinical data,"Notably, mCAF abundance was significantly correlated with poor survival of patients with CESC (Fig. 7H), indicating that mCAFs may promote CESC progression.",
CT245,Human,Cervical,Cervical,,Cervical carcinoma,Fibroblast,mCAFs,,,"PDGFRA, LUM, DCN",,,,,36706185,Single-cell dissection of cellular and molecular features underlying human cervical squamous cell carcinoma initiation and progression,Science advances,2023,single cell transcriptome,10× Genomics,Biological phenotype,interaction,clinical samples,multiplex Immunofluorescence staining,"PANO 7plex immunohistochemistry kit (0004100100, Panovue)",protein,"These transcriptional data were mirrored by immunolabeling of CESC sections, confirming that mCAFs mainly expressed neuregulin 1 (NRG1) and wnt family member 5A (WNT5A), while tumor cells corre spondingly expressed high levels of the receptors including ERBB3 and FZD6 (Fig. 8C and fig. S8, A and B).",
CT246,Human,Cervical,Cervical,,Cervical carcinoma,Fibroblast,mCAFs,,,"PDGFRA, LUM, DCN",,,,,36706185,Single-cell dissection of cellular and molecular features underlying human cervical squamous cell carcinoma initiation and progression,Science advances,2023,single cell transcriptome,10× Genomics,Biological phenotype,enhanced tumor sphere formation and the migration of CESC cells,clinical samples,"co-culture, Migration assays","Beijing Beina Chuanglian Biotechnology Institute, American Type Culture Collection",protein,The presence of mCAFs significantly enhanced tumor sphere formation and the migration of CESC cells (Fig. 8D).,
CT247,Human,Cervical,Cervical,,Cervical carcinoma,Fibroblast,mCAFs,,,"PDGFRA, LUM, DCN",,,,,36706185,Single-cell dissection of cellular and molecular features underlying human cervical squamous cell carcinoma initiation and progression,Science advances,2023,single cell transcriptome,10× Genomics,Biological phenotype,interaction,clinical samples,qRT-PCR,"miScript Reverse Transcription Kit (Qiagen Sciences Inc., USA)",protein,"Thereafter, quantitative reverse transcription polymerase chain reaction (qRT-PCR), immunofluorescence labeling, and flow cytometry analysis indicated that the in vitro–cultured mCAFs also expressed canonical mesenchymal markers, including abundant expression of NRG1 and WNT5A (fig. S8, C to E), which corresponded well with the transcriptomic features of mCAFs via scRNA-seq analysis.",
CT248,Human,Cervical,Cervical,,Cervical carcinoma,Fibroblast,mCAFs,,,"PDGFRA, LUM, DCN",,,,,36706185,Single-cell dissection of cellular and molecular features underlying human cervical squamous cell carcinoma initiation and progression,Science advances,2023,single cell transcriptome,10× Genomics,Biological phenotype,interaction,clinical samples,Immunofluorescence staining,"BD Biosciences, Sigma-Aldrich, Abcam, Cell Sig naling Technology, Novus Biologicals, Invitrogen",protein,"Thereafter, quantitative reverse transcription polymerase chain reaction (qRT-PCR), immunofluorescence labeling, and flow cytometry analysis indicated that the in vitro–cultured mCAFs also expressed canonical mesenchymal markers, including abundant expression of NRG1 and WNT5A (fig. S8, C to E), which corresponded well with the transcriptomic features of mCAFs via scRNA-seq analysis.",
CT249,Human,Cervical,Cervical,,Cervical carcinoma,Fibroblast,mCAFs,,,"PDGFRA, LUM, DCN",,,,,36706185,Single-cell dissection of cellular and molecular features underlying human cervical squamous cell carcinoma initiation and progression,Science advances,2023,single cell transcriptome,10× Genomics,Biological phenotype,interaction,clinical samples,flow cytometry,BD Biosciences,protein,"Thereafter, quantitative reverse transcription polymerase chain reaction (qRT-PCR), immunofluorescence labeling, and flow cytometry analysis indicated that the in vitro–cultured mCAFs also expressed canonical mesenchymal markers, including abundant expression of NRG1 and WNT5A (fig. S8, C to E), which corresponded well with the transcriptomic features of mCAFs via scRNA-seq analysis.",
CT250,Human,Cervical,Cervical,,Cervical carcinoma,Fibroblast,CXCL8+CAFs,,,CXCL8,,,,,36357663,Single-cell transcriptomics reveals cellular heterogeneity and molecular stratification of cervical cancer,Communications biology,2022,single cell transcriptome,10× Genomics,Clinical phenotype,poor prognosis,clinical samples,survival analysis,analysis,clinical data,"More importantly, we identified several DEGs in fibroblasts that were significantly associated with patient prognosis, such as CXCL8 and IGF1. The CXCL8 gene was upregulated in tumor fibroblasts and the high expression was associated with poor prognosis (Fig. 3f). The IGF1 gene was downregulated in tumor fibroblasts and the low expression was associated with poor prognosis (Fig. 3g).",
CT251,Human,Cervical,Cervical,,Cervical carcinoma,Fibroblast,IGF1+fibroblasts,,,IGF1,,,,,36357663,Single-cell transcriptomics reveals cellular heterogeneity and molecular stratification of cervical cancer,Communications biology,2022,single cell transcriptome,10× Genomics,Clinical phenotype,good prognosis,clinical samples,survival analysis,analysis,clinical data,"More importantly, we identified several DEGs in fibroblasts that were significantly associated with patient prognosis, such as CXCL8 and IGF1. The CXCL8 gene was upregulated in tumor fibroblasts and the high expression was associated with poor prognosis (Fig. 3f). The IGF1 gene was downregulated in tumor fibroblasts and the low expression was associated with poor prognosis (Fig. 3g).",
CT252,Human,Cervical,Cervical,,Cervical carcinoma,epithelial/cancer cell,cluster 1,,," CEACAM6, CD55, GJB6",,,,,33996252,Single-cell transcriptomics reveals the landscape of intra-tumoral heterogeneity and transcriptional activities of ECs in CC,Molecular therapy. Nucleic acids,2021,single cell transcriptome,10× Genomics,Clinical phenotype,better prognosis,clinical samples,survival analysis,analysis,clinical data,"Then, we found that cluster D (cluster 1 in scRNA-seq) was associated with a favorable survival outcome, while cluster B (cluster 0 in scRNA-seq) usually had a worse prognosis (Figure 2G).",
CT253,Human,Cervical,Cervical,,Cervical carcinoma,epithelial/cancer cell,cluster 0,,,"DEFB1, KRT5, CXCL10, WARS, LY6D, CRABP2, CXCL9, PHOV, C10orf99, PYCARD",,,,,33996252,Single-cell transcriptomics reveals the landscape of intra-tumoral heterogeneity and transcriptional activities of ECs in CC,Molecular therapy. Nucleic acids,2021,single cell transcriptome,10× Genomics,Clinical phenotype,worse prognosis,clinical samples,survival analysis,analysis,clinical data,"Then, we found that cluster D (cluster 1 in scRNA-seq) was associated with a favorable survival outcome, while cluster B (cluster 0 in scRNA-seq) usually had a worse prognosis (Figure 2G).",
CT254,Human,Cervical,Cervical,,Cervical carcinoma,Fibroblast,myCAF,,,"POSTN, ACTA2, ITGB4, FAP",,,,,35986392,Single-Nucleus RNA Sequencing and Spatial Transcriptomics Reveal the Immunological Microenvironment of Cervical Squamous Cell Carcinoma,Advanced science,2022,single cell transcriptome,10× Genomics,Biological phenotype,existence,clinical samples,multiplex Immunofluorescence staining,"Abcam, MXB",protein,"Multiplex immunofluorescence (mIF) staining was used to determine the presence of myCAFs in CSCC tissues. The differentiated squamous cells and some tumors were intensely stained by KRT13, whereas the myCAFs were stained by POSTN (Figure 3E). The staining pattern of POSTN con firmed the presence of myCAFs adjacent to the tumors (Fig ure 3E, bottom).",
CT255,Human,Cervical,Cervical,,Cervical carcinoma,Fibroblast,myCAF,,,POSTN,,,,,35986392,Single-Nucleus RNA Sequencing and Spatial Transcriptomics Reveal the Immunological Microenvironment of Cervical Squamous Cell Carcinoma,Advanced science,2022,spatial transcriptome,Stereo-seq,Biological phenotype,existence,clinical samples,Immunohistochemistry (IHC) staining,Abcam,protein,"The presence of myCAFs in CSCC was further confirmed by IHC staining of POSTN using serial tissue sections from the same samples (Fig ure S5C, Supporting Information).",
CT256,Human,Cervical,Cervical,,Cervical carcinoma,Fibroblast,myCAF,,,POSTN,,,,,35986392,Single-Nucleus RNA Sequencing and Spatial Transcriptomics Reveal the Immunological Microenvironment of Cervical Squamous Cell Carcinoma,Advanced science,2022,spatial transcriptome,Stereo-seq,Biological phenotype,interaction,clinical samples,multiplex Immunofluorescence staining,"Abcam, MXB",protein,"To confirm this, we conducted mIF to mea sure the spatial distribution of myCAFs, CD4+ cells, and CD8+ cells using POSTN, CD4, and CD8 as markers, respectively.
The results showed the accumulation of CD4+ and CD8+ cells outside the tumors enclosed by myCAFs, especially CD4+ cells (Figure 5F).",
CT257,Human,Cervical,Cervical,,Cervical carcinoma,Fibroblast,myCAF,,,"POSTN, ACTA2, ITGB4, FAP",,,,,35986392,Single-Nucleus RNA Sequencing and Spatial Transcriptomics Reveal the Immunological Microenvironment of Cervical Squamous Cell Carcinoma,Advanced science,2022,single cell transcriptome,10× Genomics,Clinical phenotype,unfavorable progression-free survival and overall survival,clinical samples,survival analysis,analysis,clinical data,"Not surprisingly, higher myCAF signals predicted unfavorable progression-free survival (Figure 6D, HR = 1.66, 95%CI = 1.03–2.67, p = 0.038) and overall survival (Fig ure 6E, HR = 1.69, 95%CI = 1.00-2.84, p = 0.05) for patients with CSCC.",
CT258,Human,Ovary,Ovary,,Ovarian carcinoma,T cell,CD8+ GZMB+ T cells,,,"ENTPD1, CXCL13",,,,,33961783,Single-cell dissection of cellular components and interactions shaping the tumor immune phenotypes in ovarian cancer,Cancer cell,2021,single cell transcriptome,10× Genomics,Biological phenotype,higher activation state,clinical samples,multiplex Immunofluorescence staining,"Abcam, ThermoFisher Scientific,  Roche",protein,"To validate the activation state of CD8+GZMB T cells in infiltrated versus excluded tumors at the protein level, we subjected 17 ovarian cancer tissues (9 infiltrated, 8 excluded) from an independent validation collection to multiplex immunofluorescence for cytokeratins (panCK), CD3, PD-1, and GZMB. Among all GZMB+ T cells (CD3/GZMB double positive), we observed a trend for higher fraction of GZMB+ T cells positive for PD-1 in the infiltrated tumors compared with the excluded tumors in the tumor epithelium (p = 0.077, Fig ure S3G), supporting the higher activation state of GZMB+ T cells in infiltrated tumors, specifically those in the tumor area.",
CT259,Human,Ovary,Ovary,,Ovarian carcinoma,T cell,CD8+ GZMB+ T cells,,,"ENTPD1, CXCL13",,,,,33961783,Single-cell dissection of cellular components and interactions shaping the tumor immune phenotypes in ovarian cancer,Cancer cell,2021,single cell transcriptome,10× Genomics,Biological phenotype,infiltration,clinical samples,RNAscope,"RNAscope 2.5 LS Duplex Reagent Kit (ACD, Cat # 322440) with the RNAscope 2.5 LS Green Accessory Pack (ACD, Cat # 322550)",RNA,We subjected the same 17 ovarian cancer samples from the validation collection to an RNA-scope assay for in situ co-hybridization of GZMK/CD8A and GZMB/CD8A as well as localization within the stromal versus tumor area through H&E staining. Both CD8A/GZMK and CD8A/GZMB double-positive T cells accumulated in peritumoral stroma of excluded tumors and in tumor epithelium of infiltrated tumors (Figure 3G).,
CT260,Human,Ovary,Ovary,,Ovarian carcinoma,T cell,CD8+ GZMK+ T cells,,,"EOMES, KLRG1, CMC1",,,,,33961783,Single-cell dissection of cellular components and interactions shaping the tumor immune phenotypes in ovarian cancer,Cancer cell,2021,single cell transcriptome,10× Genomics,Biological phenotype,infiltration,clinical samples,RNAscope,"RNAscope 2.5 LS Duplex Reagent Kit (ACD, Cat # 322440) with the RNAscope 2.5 LS Green Accessory Pack (ACD, Cat # 322551)",RNA,We subjected the same 17 ovarian cancer samples from the validation collection to an RNA-scope assay for in situ co-hybridization of GZMK/CD8A and GZMB/CD8A as well as localization within the stromal versus tumor area through H&E staining. Both CD8A/GZMK and CD8A/GZMB double-positive T cells accumulated in peritumoral stroma of excluded tumors and in tumor epithelium of infiltrated tumors (Figure 3G).,
CT261,Human,Ovary,Ovary,,Ovarian carcinoma,T cell,CD8+ GZMK+ T cells,,,"EOMES, KLRG1, CMC1",,,,,33961783,Single-cell dissection of cellular components and interactions shaping the tumor immune phenotypes in ovarian cancer,Cancer cell,2021,single cell transcriptome,10× Genomics,Biological phenotype,higher proportion,clinical samples,RNAscope,"RNAscope 2.5 LS Duplex Reagent Kit (ACD, Cat # 322440) with the RNAscope 2.5 LS Green Accessory Pack (ACD, Cat # 322552)",RNA,"Our RNA-scope assay showed a significantly higher proportion of CD8A/GZMKdouble-positive cells in excluded sam ples compared with infiltrated samples (p = 0.03), but no significant difference in the proportion of CD8A/GZMB double-positive cells (Figure S3I).",
CT262,Human,Ovary,Ovary,,Ovarian carcinoma,T cell,CD8+ GZMK+ T cells,,,"EOMES, KLRG1, CMC1",,,,,33961783,Single-cell dissection of cellular components and interactions shaping the tumor immune phenotypes in ovarian cancer,Cancer cell,2021,single cell transcriptome,10× Genomics,Clinical phenotype,shorter PFS,clinical samples,survival analysis,analysis,clinical data,"Interestingly, while the GZMB/CD8+ ra tio was not associated with clinical outcome in this cohort, the GZMK/CD8+ ratio was significantly associated with shorter PFS, particularly when combined with the overall CD8+ T cell score in a multivariate model (p = 0.029, Figures 3J and S3K).",
CT263,Human,Ovary,Ovary,,Ovarian carcinoma,T cell,CD3+ T cell,,,"CD3D, CD3E, CD8A",,,,,35675036,Single-Cell RNA Sequencing Reveals the Tissue Architecture in Human High-Grade Serous Ovarian Cancer,Clinical cancer research,2022,single cell transcriptome,10× Genomics,Biological phenotype,lower proportion,clinical samples,Immunohistochemistry (IHC) staining,Proteintech,protein,"The proportion of T-cell cluster was decreased as the tumor stage went along (Fig. 1E; Supplementary Fig. S1D). To verify this, we examined the expression levels of T-cell marker CD3 in 40 cases of tissues from nonmalignant ovary and HGSOC tumor stage 1, stage 2, and stage 3 (n ¼ 10 in each group) using IHC. Our results confirmed that the proportions of CD3-positive immune cells were decreased from early to late tumor stages (Supplementary Fig. S1E).",
CT264,Human,Ovary,Ovary,,Ovarian carcinoma,epithelial cells,EMT-associated cells,,,"NOTCH1, SNAI2, WNT11, TGFBR1",,,,,35675036,Single-Cell RNA Sequencing Reveals the Tissue Architecture in Human High-Grade Serous Ovarian Cancer,Clinical cancer research,2022,single cell transcriptome,10× Genomics,Clinical phenotype,worse OS,clinical samples,survival analysis,analysis,clinical data,"Of note, the combination of these four genes was associated with worse OS in all these four datasets (Fig. 2F).",
CT265,Human,Ovary,Ovary,,Ovarian carcinoma,epithelial cells,EMT-associated cells,,,"NOTCH1, SNAI2, WNT11, TGFBR1",,,,,35675036,Single-Cell RNA Sequencing Reveals the Tissue Architecture in Human High-Grade Serous Ovarian Cancer,Clinical cancer research,2022,single cell transcriptome,10× Genomics,Biological phenotype,expression,clinical samples,Immunofluorescence staining,"Proteintech, Santa Cruz Biotech, Invitrogen",protein,"Moreover, other EMT marker genes CDH1 and VIM were further validated in HGSOC tissues by immunofluorescence (IF) analysis, and the results suggested that a robust group of cells carry potential EMT functions (Fig. 2G).",
CT266,Human,Ovary,Ovary,,Ovarian carcinoma,Fibroblast,mCAFs,,,"MMP11, THRC1, POSTN, VCAN, COL10A1",,,,,35675036,Single-Cell RNA Sequencing Reveals the Tissue Architecture in Human High-Grade Serous Ovarian Cancer,Clinical cancer research,2022,single cell transcriptome,10× Genomics,Clinical phenotype,worse prognosis,clinical samples,survival analysis,analysis,clinical data,"Consistently, Fig. 3E showed a correlation between high expression of these top marker genes and worse patient prognosis, evaluated by survival analysis using TCGA HGSOC data. The presence of mCAFs was also confirmed in ascites of 5 patients with late-stage HGSOC",
CT267,Human,Ovary,Ovary,,Ovarian carcinoma,Fibroblast,mCAFs,,,"MMP11, THRC1, POSTN, VCAN, COL10A1",,,,,35675036,Single-Cell RNA Sequencing Reveals the Tissue Architecture in Human High-Grade Serous Ovarian Cancer,Clinical cancer research,2022,single cell transcriptome,10× Genomics,Biological phenotype,expression,clinical samples,Immunofluorescence staining,"Proteintech, Santa Cruz Biotech, Invitrogen",protein,"IF staining demonstrated that mCAFs at late-stage HGSOC were positive for the canonical CAF markers a-SMA, vimentin, and COL3A, as well as the mCAF markers COL10A and MMP11 (Fig. 3F).",
CT268,Human,Ovary,Ovary,,Ovarian carcinoma,Fibroblast,mCAFs,,,"MMP11, THRC1, POSTN, VCAN, COL10A1",,,,,35675036,Single-Cell RNA Sequencing Reveals the Tissue Architecture in Human High-Grade Serous Ovarian Cancer,Clinical cancer research,2022,single cell transcriptome,10× Genomics,Biological phenotype,invasion,clinical samples,"Transwell invasion assay, Western blot","Transwell coculture system (Corning, 3460), Cell Signaling Technology, Santa Cruz Biotechnology",protein,"These mCAFs possessed certain pro-EMT properties, evidenced by upregulation of mesenchymal biomarkers such as ZEB1, vimentin, and snail at protein levels and an increase of tumor cell invasion in a CAF/ ovarian cancer cell (A2780 or OVCAR3) transwell coculture system (Fig. 3G and H).",
CT269,Human,Ovary,Ovary,,Ovarian carcinoma,macrophage,C7-APOBEC3A cells,,,"IFI6, ISG20, LY6E, IFIT3, CXCL10, IL1RN",,,,,35675036,Single-Cell RNA Sequencing Reveals the Tissue Architecture in Human High-Grade Serous Ovarian Cancer,Clinical cancer research,2022,single cell transcriptome,10× Genomics,Clinical phenotype,better prognosis,clinical samples,survival analysis,analysis,clinical data,"The gene signa ture of cluster C7-APOBEC3A was associated with a better prognosis (Fig. 4G), while the one for cluster C1-TCOF1 was associated with a poor prognosis (Fig. 4H).",
CT270,Human,Ovary,Ovary,,Ovarian carcinoma,macrophage,C1-TCOF1 cells,,,TCOF1,,,,,35675036,Single-Cell RNA Sequencing Reveals the Tissue Architecture in Human High-Grade Serous Ovarian Cancer,Clinical cancer research,2022,single cell transcriptome,10× Genomics,Clinical phenotype,poor prognosis,clinical samples,survival analysis,analysis,clinical data,"The gene signa ture of cluster C7-APOBEC3A was associated with a better prognosis (Fig. 4G), while the one for cluster C1-TCOF1 was associated with a poor prognosis (Fig. 4H).",
CT271,Human,Ovary,Ovary,,Ovarian carcinoma,T cell,CD8+ TRM cells,,,"IL15, IL17, NOTCH",,,,,35675036,Single-Cell RNA Sequencing Reveals the Tissue Architecture in Human High-Grade Serous Ovarian Cancer,Clinical cancer research,2022,single cell transcriptome,10× Genomics,Clinical phenotype, improved survival,clinical samples,survival analysis,analysis,clinical data,"We also checked the association of the gene signature of CD8þ TRM cells with patient survival, and demonstrated that the signature of CD8þ TRM cells was significantly associated with improved patient survival (Fig. 5H; Supplementary S6C).",
CT272,Human,Ovary,Ovary,,Ovarian carcinoma,T cell,CD8+ TEX cells,,,"CTLA4, HAVCR2, LAG3, PDCD1, SIRPA, TIGIT",,,,,35675036,Single-Cell RNA Sequencing Reveals the Tissue Architecture in Human High-Grade Serous Ovarian Cancer,Clinical cancer research,2022,single cell transcriptome,10× Genomics,Biological phenotype,existence,clinical samples,IHC and IF,"Proteintech, Santa Cruz Biotech, Invitrogen",model,"Notably, exhausted T cells (CD8þ TEX cells), marked by CD8-C0-CXCL13 or CD8-C7TNFRSF4, populated with cells from tumors.",
CT273,Human,Ovary,Ovary,,Ovarian carcinoma,T cell,CD8+ TEX cells,,,"CTLA4, HAVCR2, LAG3, PDCD1, SIRPA, TIGIT",,,,,35675036,Single-Cell RNA Sequencing Reveals the Tissue Architecture in Human High-Grade Serous Ovarian Cancer,Clinical cancer research,2022,single cell transcriptome,10× Genomics,Clinical phenotype,reduced tumor burden,mice,Xenograft mouse model,C57BL/6 mice,model,"As expected, anti–TIGIT treated mice showed reduced tumor burden (Fig. 6B), as shown by retarded tumor growth (Fig. 6C), lower tumor volume and tumor weight at the endpoint (Fig. 6D and E).",
CT274,Human,Ovary,Ovary,,Ovarian carcinoma,T cell,CD8+ TEX cells,,,"CTLA4, HAVCR2, LAG3, PDCD1, SIRPA, TIGIT",,,,,35675036,Single-Cell RNA Sequencing Reveals the Tissue Architecture in Human High-Grade Serous Ovarian Cancer,Clinical cancer research,2022,single cell transcriptome,10× Genomics,Biological phenotype,frequency suppressed,mice,flow cytometry,BD Biosciences,protein,TIGIT blockade significantly suppressed the frequency of TIGITþ-CD8þ T cells in tumors (Fig. 6F and G).,
CT275,Human,Ovary,Ovary,,Ovarian carcinoma,Cancer cell,MHC Class II expressing cancer cells,,,"CD74, HLA-DRA",,,,,32572264,A single-cell landscape of high-grade serous ovarian cancer,Nature Medicine,2020,single cell transcriptome,SMART-seq2 and 10x Genomic,Biological phenotype,existence,clinical samples,Immunofluorescence staining,"Abcam, ThermoFisher Science",protein,We confirmed the expression of the MHC Class II module in CNV-bearing malignant cells (Extended Fig. 6g) and showed by immunofluorescence staining of independent primary HGSOC tumors the presence of a  subpopulation of MHC Class II expressing cancer cells (among other cells that express  MHC Class II) (Fig. 3f).,
CT276,Human,Ovary,Ovary,,Ovarian carcinoma,Cancer cell,stress-associated cell,,,"JUN, FOS, IL6, TNF, CXCR4, SNAI1, VIM, GADD45B, MCL1",,,,,35196078,Longitudinal single-cell RNA-seq analysis reveals stress-promoted chemoresistance in metastatic ovarian cancer,Science advances,2022,single cell transcriptome,10× Genomics,Clinical phenotype,shorter progression-free survival time,clinical samples,survival analysis,analysis,clinical data,"Kaplan-Meier survival analysis indicated that patients with stress high tumors at diagnosis have significantly shorter progression-free  survival (PFS) time (log-rank test, P = 0.0037; Fig. 5A).",
CT277,Human,Ovary,Ovary,,Ovarian carcinoma,Cancer cell,stress-associated cell,,,"JUN, FOS, IL6, TNF, CXCR4, SNAI1, VIM, GADD45B, MCL1",,,,,35196078,Longitudinal single-cell RNA-seq analysis reveals stress-promoted chemoresistance in metastatic ovarian cancer,Science advances,2022,single cell transcriptome,10× Genomics,Biological phenotype,higher proportion,clinical samples,RNAscope,"RNAscope Multiplex Fluorescent Reagent Kit version 2 (#323100, Advanced Cell Diagnostics)",RNA,"The RNA-ISH stress score was significantly correlated (R = 0.81,  permutation test, P < 10−5) with the scRNA-seq stress score in the  matched samples (Fig. 3D). Moreover, the post-NACT samples had  significantly higher RNA-ISH stress scores in comparison with the  treatment-naïve samples (Fig. 3E; permutation test, P = 0.00124),  confirming the increase in the stress-associated signature after  chemotherapy.",
CT278,Human,Ovary,Ovary,,Ovarian carcinoma,macrophage,M1-TAMS,,,"IGHG1, LAP3, CTSS",,,,,34621670,Integration of scRNA-Seq and Bulk RNA-Seq to Analyse the Heterogeneity of Ovarian Cancer Immune Cells and Establish a Molecular Risk Model,Frontiers in immunology,2021,single cell transcriptome,10× Genomics,Clinical phenotype,better survival,clinical samples,survival analysis,analysis,clinical data,"The results of survival analysis showed that the patients with a high abundance of M1-TAMS had better survival (Figures 4B, C). The Kaplan-Meier curves of patients with different proportions of M1-like myeloid cells:(B) are disease free interval (DFI) (C) overall survival (OS).",
CT279,Human,Ovary,Ovary,,Ovarian carcinoma,Cancer cell,lineage A1 cells,,,"CCN1, HSP90AA1",,,,,35969151,Single-Cell Dissection of the Multiomic Landscape of High-Grade Serous Ovarian Cancer,Cancer research,2022,single cell transcriptome,Smart-seq2,Biological phenotype,migration,cell line SKOV3 and ES2,Transwell Assays,"transwell chambers (Coring,#3422)",protein,We knocked out CCN1 using the CRISPR-Cas9 system in ovarian cancer cell line SKOV3 and ES2 (Fig. 7B; Supplementary Fig. S7B). Results showed that knockout of CCN1 significantly restrained the migration and invasion of cancer cells by wound healing assay and transwell assays (Fig. 7C and D; Supplementary Figs. S7A and S7C). We inhibited HSP90AA1 using the HSP90a inhibitor TAS-116. We revealed that TAS-116 can dose dependently inhibit ovarian cancer cell migration and invasion (Fig. 7E–G; Supplementary Figs. S7D–S7F).,
CT280,Human,Ovary,Ovary,,Ovarian carcinoma,Fibroblast,CAF,,,"COL16A1, COL5A2, GREM1, LUM, SRPX, TIMP3",,,,,35874760,Integrative Analysis From Multicenter Studies Identifies a WGCNA-Derived Cancer-Associated Fibroblast Signature for Ovarian Cancer,Frontiers in immunology,2022,single cell transcriptome,BioRad droplet digital SEQ Single-cell Isolator,Biological phenotype,expression,clinical samples,Immunohistochemistry (IHC) staining,"Autostainer 480® instruments (Lab Vision, Freemont, CA, USA)",protein,"We analyzed IHC images from the HPA database, and the section showed that GREM1 and LUM proteins were deeply stained in the stroma (Figure 10F).",
CT281,Human,Ovary,Ovary,,Ovarian carcinoma,Fibroblast,CAF,,,"COL16A1, COL5A2, GREM1, LUM, SRPX, TIMP3",,,,,35874760,Integrative Analysis From Multicenter Studies Identifies a WGCNA-Derived Cancer-Associated Fibroblast Signature for Ovarian Cancer,Frontiers in immunology,2022,single cell transcriptome,BioRad droplet digital SEQ Single-cell Isolator,Biological phenotype,recruitment,clinical samples,Immunofluorescence staining,Servicebio,protein,"Interestingly, there was a recruitment of Treg cells (green) around the CAF cells (pink) in patients with primary tumors (Figure 2A), especially in the recurrent samples, where a larger number of Treg cells clustered to the prominent part of the CAF cells (Figure 2B). CD8+ cells (red) were rarely seen around CAF cells in both samples.",
CT282,Human,Ovary,Ovary,,Ovarian carcinoma,Fibroblast,CAF,,,"COL16A1, COL5A2, GREM1, LUM, SRPX, TIMP3",,,,,35874760,Integrative Analysis From Multicenter Studies Identifies a WGCNA-Derived Cancer-Associated Fibroblast Signature for Ovarian Cancer,Frontiers in immunology,2022,single cell transcriptome,BioRad droplet digital SEQ Single-cell Isolator,Clinical phenotype,poorer OS,clinical samples,survival analysis,analysis,clinical data,"In the GPL570 meta-cohort, the results showed that higher CAF infiltration and stromal score were significantly associated with poorer overall survival (OS) in OC patients (Figure 2C).",
CT283,Human,Ovary,Ovary,,Ovarian carcinoma,T cell, TRM-like T-cells,,,"CD45, CD3, CD8, CD69, CD103",,,,,35427494,Ovarian cancer immunogenicity is governed by a narrow subset of progenitor tissue-resident memory T cells,Cancer cell,2022,single cell transcriptome,10× Genomics,Biological phenotype,existence,mice,flow cytometry,BD Biosciences,protein,"To functionally validate the protective role of TRM-like T-cells in vivo, we transferred (intratumorally, to bypass defective traf ficking to tumor beds), ovalbumin (OVA)-specific OT-I T cells into flank (p53/KRas-dependent) OVAlow-UPK10 ovarian tumors developed in congenic mice (Rutkowski et al., 2015; Scarlett et al., 2012; Zhu et al., 2016) (Figure 2F). After 7 days,  40% of tumor antigen-specific TILs acquired a TRM-like phenotype, while the rest remained as CD103neg (recirculating) lymphocytes (Figure 2G), which were also found in blood (Figure S1J).",
CT284,Human,Ovary,Ovary,,Ovarian carcinoma,T cell, TRM-like T-cells,,,"CD45, CD3, CD8, CD69, CD103",,,,,35427494,Ovarian cancer immunogenicity is governed by a narrow subset of progenitor tissue-resident memory T cells,Cancer cell,2022,single cell transcriptome,10× Genomics,Clinical phenotype,improved OS,clinical samples,survival analysis,analysis,clinical data,"Supporting previ ous reports (Webb et al., 2014), high ratios of TRM-like versus re circulating CD8+ TILs were associated with improved overall survival, both in total tumor and specifically in PCK+ tumor islets (Figures 5C and S6A).",
CT285,Human,Ovary,Ovary,,Ovarian carcinoma,T cell,TRMstem TILs,,,"CD45.2, CD3, CD8, CD69, CD103, IL7R, TCF1",,,,,35427494,Ovarian cancer immunogenicity is governed by a narrow subset of progenitor tissue-resident memory T cells,Cancer cell,2022,single cell transcriptome,10× Genomics,Biological phenotype,existence,clinical samples,multiplex Immunofluorescence staining,"PerkinElmer OPAL TM 7-Color Automation IHC kit (Waltham, MA)",protein,"To verify the protective role of TRMstem TILs in human ovarian cancer, we next performed multiplex immunofluorescence on 122 different annotated HGSOCs (Figure 5B).",
CT286,Human,Ovary,Ovary,,Ovarian carcinoma,T cell,TRMstem TILs,,,"CD45.2, CD3, CD8, CD69, CD103, IL7R, TCF1",,,,,35427494,Ovarian cancer immunogenicity is governed by a narrow subset of progenitor tissue-resident memory T cells,Cancer cell,2022,single cell transcriptome,10× Genomics,Clinical phenotype,improved OS,clinical samples,survival analysis,analysis,clinical data,Tumor infiltration by CD3+ CD8+ CD103low CD69+ TRM-like cells expressing the TRMstem markers TCF1 was also strongly associated with superior outcome (Figure 5E).,
CT287,Human,Ovary,Ovary,,Ovarian carcinoma,T cell,TRMstem TILs,,,"CD45.2, CD3, CD8, CD69, CD103, IL7R, TCF1",,,,,35427494,Ovarian cancer immunogenicity is governed by a narrow subset of progenitor tissue-resident memory T cells,Cancer cell,2022,single cell transcriptome,10× Genomics,Biological phenotype,existence,mice,flow cytometry,BD Biosciences,protein,"Taken together, these results suggested that the qual ity of T cell priming and persistence of tumor antigen in the TME, are required for the formation and maintenance of a TRMstem cell pool with hybrid features of stemness and tissue residency, which generates waves of TRM-like cells that, through the active recog nition of tumor antigen, progressively reach exhaustion.",
CT288,Human,Ovary,Ovary,,Ovarian carcinoma,macrophage,M2-like macrophage,,,"C1q, FTL, SPP1",,,,,36725186,Integrated immunogenomic analysis of single-cell and bulk tissue transcriptome profiling unravels a macrophage activation paradigm associated with immunologically and clinically distinct behaviors in ovarian cancer,Journal of advanced research,2023,single cell transcriptome,10× Genomics,Clinical phenotype,poor OS,clinical samples,survival analysis,analysis,clinical data,"Survival analysis showed that patients with low infiltration of naïve CD4 T cells, resting memory CD4 T cells, M2 macrophages or eosino phils had a significantly longer OS than those with high infiltration, whereas patients with low infiltration of activated CD4 memory T cells, M0 macrophages or M1 macrophages had a significantly shorter OS than those with high infiltration (Fig. 1B and Supple mentary Fig. 2).",
CT289,Human,Ovary,Ovary,,Ovarian carcinoma,macrophage,M2-like macrophage,,,"C1q, FTL, SPP1",,,,,36725186,Integrated immunogenomic analysis of single-cell and bulk tissue transcriptome profiling unravels a macrophage activation paradigm associated with immunologically and clinically distinct behaviors in ovarian cancer,Journal of advanced research,2023,single cell transcriptome,10× Genomics,Biological phenotype,lower proortion,clinical samples,Immunohistochemistry (IHC) staining,Abcam,protein,"To further validate the clinical significance of macrophages in OV, we conducted an immunohisto chemistry assay to investigate the expression of M1 macrophage marker (CD86) and M2 macrophage marker (CD206) of 17 OV patients (including 10 patients with recurrence and 7 patients without recurrence). As shown in Fig. 1D, the expression level of CD86 in non recurrent patient tissues is significantly higher than recurrent patient tissues (P = 0.034), whereas the expression level of CD206 in non-recurrent patient tissues is significantly lower than recurrent patient tissues (P = 0.009) (Fig. 1D).",
CT290,Human,Ovary,Ovary,,Ovarian carcinoma,macrophage,M1-like macrophage,,,"CCL7, CCL20, IL6",,,,,36725186,Integrated immunogenomic analysis of single-cell and bulk tissue transcriptome profiling unravels a macrophage activation paradigm associated with immunologically and clinically distinct behaviors in ovarian cancer,Journal of advanced research,2023,single cell transcriptome,10× Genomics,Clinical phenotype,better OS,clinical samples,survival analysis,analysis,clinical data,"Survival analysis showed that patients with low infiltration of naïve CD4 T cells, resting memory CD4 T cells, M2 macrophages or eosino phils had a significantly longer OS than those with high infiltration, whereas patients with low infiltration of activated CD4 memory T cells, M0 macrophages or M1 macrophages had a significantly shorter OS than those with high infiltration (Fig. 1B and Supple mentary Fig. 2).",
CT291,Human,Ovary,Ovary,,Ovarian carcinoma,macrophage,M1-like macrophage,,,"CCL7, CCL20, IL6",,,,,36725186,Integrated immunogenomic analysis of single-cell and bulk tissue transcriptome profiling unravels a macrophage activation paradigm associated with immunologically and clinically distinct behaviors in ovarian cancer,Journal of advanced research,2023,single cell transcriptome,10× Genomics,Biological phenotype,higher proortion,clinical samples,Immunohistochemistry (IHC) staining,Abcam,protein,"To further validate the clinical significance of macrophages in OV, we conducted an immunohisto chemistry assay to investigate the expression of M1 macrophage marker (CD86) and M2 macrophage marker (CD206) of 17 OV patients (including 10 patients with recurrence and 7 patients without recurrence). As shown in Fig. 1D, the expression level of CD86 in non recurrent patient tissues is significantly higher than recurrent patient tissues (P = 0.034), whereas the expression level of CD206 in non-recurrent patient tissues is significantly lower than recurrent patient tissues (P = 0.009) (Fig. 1D).",
CT292,Human,Ovary,Ovary,,Ovarian carcinoma,Cancer cell,STC1+ cells,,,STC1,,,,,35392966,"Stanniocalcin 1 promotes metastasis, lipid metabolism and cisplatin chemoresistance via the FOXC2/ITGB6 signaling axis in ovarian cancer",Journal of Experimental & Clinical Cancer Research,2022,single cell transcriptome,10× Genomics,Biological phenotype,higher proortion,clinical samples,Immunohistochemistry (IHC) staining,"Abcam, R&D, Proteintech",protein,"After  that, we conducted an IHC assay of three types of tissues from TMAs and determined that STC1 expression was  higher in tumor and peritoneal metastasis tissues than in  para-carcinoma tissues, which verifed the results of sin gle-cell sequencing (Fig. 1C-D).",
CT293,Human,Ovary,Ovary,,Ovarian carcinoma,Cancer cell,STC1+ cells,,,STC1,,,,,35392966,"Stanniocalcin 1 promotes metastasis, lipid metabolism and cisplatin chemoresistance via the FOXC2/ITGB6 signaling axis in ovarian cancer",Journal of Experimental & Clinical Cancer Research,2022,single cell transcriptome,10× Genomics,Biological phenotype,decreased migration,cell lines,Transwell Assays,Transwell Assays,protein,"After that,  the results of cell migration and invasion assays showed  that cell migration and invasion were decreased in the  STC1-sh1 and STC1-sh2 groups compared with the NC  groups of the two cell lines, which indicated that knock down of STC1 could decrease the migration and invasion  of OC cells (Supplementary Fig.  2D-F (Cell migration  and invasion assays in Skov3-ip1 and Hey cell lines and  statistical analysis)).",
CT294,Human,Ovary,Ovary,,Ovarian carcinoma,Cancer cell,STC1+ cells,,,STC1,,,,,35392966,"Stanniocalcin 1 promotes metastasis, lipid metabolism and cisplatin chemoresistance via the FOXC2/ITGB6 signaling axis in ovarian cancer",Journal of Experimental & Clinical Cancer Research,2022,single cell transcriptome,10× Genomics,Biological phenotype,promoted lipid metabolism,cell lines,Immunofluorescence staining,"Santa Cruz Biotechnology, Proteintech, Beyotime, Beyotime",protein,"IF analyses confrmed the down-regulation  of UCP1, TOM20 and perilipin1 in STC1-sh1 and STC1sh2 cells compared with those in control cells (Fig.  3G  and Supplementary Fig.  3C-D (IF assays detected the  relationship between STC1 and TOM20 in Skov3-ip1 and  Hey cell lines. IF assays detected the relationship between  STC1 and perilipin1 in Skov3-ip1 and Hey cell lines)).",
CT295,Human,Ovary,Ovary,,Ovarian carcinoma,Cancer cell,STC1+ cells,,,STC1,,,,,35392966,"Stanniocalcin 1 promotes metastasis, lipid metabolism and cisplatin chemoresistance via the FOXC2/ITGB6 signaling axis in ovarian cancer",Journal of Experimental & Clinical Cancer Research,2022,single cell transcriptome,10× Genomics,Biological phenotype,combination,cell lines,co-IP assays,"GE Healthcare, Pitts burgh, USA",protein,"Then,  we conducted co-IP assays, which showed that STC1  directly bound to ITGB6 (Fig.  4C).",
CT296,Human,Ovary,Ovary,,Ovarian carcinoma,Cancer cell,STC1+ cells,,,STC1,,,,,35392966,"Stanniocalcin 1 promotes metastasis, lipid metabolism and cisplatin chemoresistance via the FOXC2/ITGB6 signaling axis in ovarian cancer",Journal of Experimental & Clinical Cancer Research,2022,single cell transcriptome,10× Genomics,Clinical phenotype,combination,cell lines, Western blot,"Proteintech, CST, Abclonal, Beyotime",Protein,"Next, we con ducted WB analysis and found that stable knockdown of  STC1 decreased the expression levels of phosphorylated  PI3K, FAK and AKT, and it also decreased the expres sion levels of the members of the integrin family (ITGAV,  ITGB6 and ITGB7) (Fig. 4E)",
CT297,Human,Ovary,Ovary,,Ovarian carcinoma,Cancer cell,STC1+ cells,,,STC1,,,,,35392966,"Stanniocalcin 1 promotes metastasis, lipid metabolism and cisplatin chemoresistance via the FOXC2/ITGB6 signaling axis in ovarian cancer",Journal of Experimental & Clinical Cancer Research,2022,single cell transcriptome,10× Genomics,Biological phenotype,combination,cell lines,Immunofluorescence staining,"Santa Cruz Biotechnology, Proteintech, Beyotime, Beyotime",protein,The IF assay demonstrated  the co-localization of STC1 and ITGB6 (Fig. 4F).,
CT298,Human,Ovary,Ovary,,Ovarian carcinoma,Cancer cell,STC1+ cells,,,STC1,,,,,35392966,"Stanniocalcin 1 promotes metastasis, lipid metabolism and cisplatin chemoresistance via the FOXC2/ITGB6 signaling axis in ovarian cancer",Journal of Experimental & Clinical Cancer Research,2022,single cell transcriptome,10× Genomics,Biological phenotype,down-regulated expression,cell lines,Quantitative PCR,"miScript Reverse Transcription Kit (Qia gen, Dusseldorf, NRW, Germany)",RNA,The WB and qPCR results demonstrated that the protein expression and mRNA expression levels of FOXC2 were signifcantly down-regulated (Fig.  5B-C).,
CT299,Human,Ovary,Ovary,,Ovarian carcinoma,Cancer cell,STC1+ cells,,,STC1,,,,,35392966,"Stanniocalcin 1 promotes metastasis, lipid metabolism and cisplatin chemoresistance via the FOXC2/ITGB6 signaling axis in ovarian cancer",Journal of Experimental & Clinical Cancer Research,2022,single cell transcriptome,10× Genomics,Clinical phenotype,"larger tumor weight, tumor volume and ascites volume",mice,Xenograft mouse model, Xinhua Hospital Afliated to Shanghai JiaoTong University School of Medicine,model,"We found that all of these parameters showed  signifcant diferences in the NC+DDP group, STC1-sh1  group and STC1-sh1+DDP group compared with the NC  group. Tere was a signifcant diference between the sin gle treatment (NC+DDP and STC1-sh1) groups and the  combined treatment (STC1-sh1+DDP) groups. In the NC  group, tumor metastases were found in the liver, spleen,  peritoneum and colon, while we did not fnd metastases in  the STC1-sh1 group (Fig. 6F-G).",
CT300,Human,Ovary,Ovary,,Ovarian carcinoma,Cancer cell,STC1+ cells,,,STC1,,,,,35392966,"Stanniocalcin 1 promotes metastasis, lipid metabolism and cisplatin chemoresistance via the FOXC2/ITGB6 signaling axis in ovarian cancer",Journal of Experimental & Clinical Cancer Research,2022,single cell transcriptome,10× Genomics,Clinical phenotype,poor OS,clinical samples,survival analysis,analysis,clinical data,"High  expression of FOXC2, STC1 and ITGB6 was asso ciated with poor OS in OC patients (Fig.  8B-D).",
