,in_tissue,array_row,array_col,_indices,_scvi_batch,_scvi_labels,leiden_clusters,imagecol,imagerow,patho_class,Reject,Rank_Score,Rank_Label
AACACCTACTATCGAA-1,1,0,122,0,0,0,13,1750.16892416,80.699648,1,0.0,1.1562114873562467e-16,Rank-
AACACTTGGCAAGGAA-1,1,47,71,1,0,0,5,1040.0870912,1197.20742912,2,0.0,1.1283450302573828e-12,Rank-
AACAGGATTCATAGTT-1,1,49,43,2,0,0,4,655.20607232,1241.57346816,2,1.0,0.9929996728897095,Background
AACAGGCCAACGATTA-1,1,71,127,3,0,0,10,1803.76850432,1777.3440614400001,0,0.0,1.0,Rank+
AACAGGTTATTGCACC-1,1,28,86,4,0,0,1,1249.98124544,745.13926144,0,0.0,1.0,Rank+
AACAGGTTCACCGAAG-1,1,51,41,5,0,0,4,627.35531008,1289.09242368,2,1.0,0.06370888650417328,Background
AACAGTCAGGCTCCGC-1,1,24,6,6,0,0,9,152.54110208,639.89190656,0,1.0,0.9668848514556885,Background
AACAGTCCACGCGGTG-1,1,12,10,7,0,0,8,209.96922368,353.72720128000003,4,0.0,0.9999983310699463,Rank+
AACAGTCGTGTCGCGG-1,1,44,124,8,0,0,3,1768.33572864,1131.97208576,0,0.0,1.0,Rank+
AACATACTCATATGCG-1,1,50,6,9,0,0,7,147.06103296,1261.01645312,3,0.0,1.033411194839573e-06,Rank-
AACATATTCTTGCGAA-1,1,41,123,10,0,0,1,1755.19857664,1060.20570112,0,0.0,0.999998927116394,Rank+
AACATCGCGTGACCAC-1,1,46,124,11,0,0,10,1767.885312,1179.79131904,0,0.0,0.9999998807907104,Rank+
AACATCTAATGACCGG-1,1,67,55,12,0,0,6,816.1549516800001,1672.99753984,2,0.0,1.4506480283671408e-07,Rank-
AACATCTTAAGGCTCA-1,1,16,8,13,0,0,0,181.6680448,449.06539008,5,0.0,1.0540252020228922e-22,Rank-
AACATGACTTGGCTGC-1,1,18,124,14,0,0,0,1773.8157977600001,510.92260864,4,0.0,1.2302631401107038e-18,Rank-
AACCAAGCGTGGCCTC-1,1,0,104,15,0,0,13,1503.04032768,78.52263424,1,0.0,1.4215472271343107e-40,Rank-
AACCAAGGTATCAGGC-1,1,38,104,16,0,0,6,1495.0078976,986.26230272,1,0.0,2.0176501855397007e-25,Rank-
AACCAATCTGGTTGGC-1,1,52,18,17,0,0,2,311.38803712,1310.18693632,3,1.0,0.02574346959590912,Background
AACCACTGCCATAGCC-1,1,29,49,18,0,0,2,741.83620608,764.5822464,5,0.0,1.0,Rank+
AACCAGAATCAGACGT-1,1,59,77,19,0,0,1,1119.88590592,1484.57324544,0,0.0,1.0,Rank+
AACCATAGAATTCGAA-1,1,4,124,20,0,0,0,1776.74350592,176.48825344,1,0.0,2.394960008089697e-09,Rank-
AACCATGAATTGCCTT-1,1,73,75,21,0,0,3,1089.48278272,1818.78239232,0,1.0,0.2716286778450012,Background
AACCGCATGTATGTTA-1,1,19,119,22,0,0,0,1704.90205184,534.19413504,1,0.0,1.7962712247796724e-29,Rank-
AACCGCCAGACTACTT-1,1,39,45,23,0,0,1,684.78343168,1002.9277184,0,0.0,0.9999719858169556,Rank+
AACCGTGCTTATGTTG-1,1,68,72,24,0,0,1,1049.32063232,1698.97156608,0,0.0,1.0,Rank+
AACCTAAGATACTGAG-1,1,54,98,25,0,0,3,1409.27859712,1367.6901273600001,0,0.0,1.0,Rank+
AACCTACAGAGGTAGT-1,1,30,108,26,0,0,0,1551.61025536,795.58592512,1,0.0,1.9957094677602964e-27,Rank-
AACCTACCTACCGGTT-1,1,10,2,27,0,0,8,100.5930496,305.00713472,4,0.0,0.00014321123308036476,Rank-
AACCTACTGTAACTCA-1,1,35,17,28,0,0,11,301.25366272,903.98619648,3,1.0,0.017862167209386826,Background
AACCTGACAGTGCCGC-1,1,14,82,29,0,0,3,1198.03319296,410.2544896,3,0.0,0.9999997615814209,Rank+
AACCTTAGCGTCCGGT-1,1,64,58,30,0,0,0,857.96862976,1601.75664128,1,0.0,8.032369584463398e-25,Rank-
AACGAAGCGTGGAAGT-1,1,21,75,31,0,0,10,1100.44292096,576.60836864,5,0.0,1.0,Rank+
AACGAATTGACCGGTT-1,1,35,39,32,0,0,2,603.25801984,906.68869632,5,1.0,0.6775896549224854,Background
AACGACATTAAGATGG-1,1,7,39,33,0,0,0,609.1885056,237.81998592,1,0.0,2.99525872357885e-30,Rank-
AACGACCATTCGAATC-1,1,13,117,34,0,0,0,1678.77788672,390.58629632000003,4,0.0,5.831703830949664e-08,Rank-
AACGAGCCTCTTCGGC-1,1,38,12,35,0,0,12,231.9645696,975.07695616,0,0.0,1.0,Rank+
AACGAGCTAATAACTA-1,1,27,101,36,0,0,5,1456.12192768,723.06884608,2,0.0,2.1867313515500086e-11,Rank-
AACGCACTGGTGCTCG-1,1,7,27,37,0,0,0,444.4110848,236.39366656,4,0.0,5.3641705214354e-42,Rank-
AACGCATGCCTCAATA-1,1,12,0,38,0,0,8,72.74228736,352.52609024000003,4,0.0,2.6352520595643737e-15,Rank-
AACGGCACAGAATATT-1,1,14,24,39,0,0,8,401.77164288,403.19796224,1,0.0,5.421389378715775e-25,Rank-
AACGGTAATCGACCTG-1,1,50,4,40,0,0,7,119.58561792,1260.71617536,3,1.0,0.21873143315315247,Background
AACGTCGCGACAAGGT-1,1,18,12,41,0,0,0,236.16845824,497.33504,5,0.0,3.9302974987453093e-19,Rank-
AACGTGACGGTCCACC-1,1,32,126,42,0,0,10,1798.2884352,845.58217216,1,0.0,1.0,Rank+
AACTAACGAACTAGAT-1,1,48,126,43,0,0,10,1794.9103104,1227.7606912,0,0.0,1.0,Rank+
AACTAGCACTGTTCGA-1,1,24,58,44,0,0,2,866.45147648,646.19773952,3,1.0,0.08615990728139877,Background
AACTAGCCTAATAGCA-1,1,7,53,45,0,0,5,801.366272,239.54658304,2,0.0,3.308718316691328e-13,Rank-
AACTAGCCTTGCAATA-1,1,26,56,46,0,0,2,838.5256448,693.71669504,3,0.0,1.2035973668389488e-05,Rank-
AACTAGGCCTGACACC-1,1,41,99,47,0,0,5,1425.71880448,1057.2779929600001,2,0.0,3.17117310189019e-09,Rank-
AACTATCGTCATAGTC-1,1,69,81,48,0,0,7,1172.65972224,1723.9696896,3,0.0,0.0035872396547347307,Rank-
AACTATCTAGCAGTAT-1,1,14,52,49,0,0,1,786.20224512,406.57608704,0,0.0,1.0,Rank+
AACTATGCTGCATTCG-1,1,60,44,50,0,0,1,666.6166272,1504.46664704,0,0.0,1.0,Rank+
AACTATGTGCTTGTTA-1,1,49,91,51,0,0,4,1314.16561664,1247.42888448,0,1.0,0.9941070079803467,Background
AACTATTCTGCGGCCT-1,1,36,110,52,0,0,6,1577.80948992,939.19376384,1,0.0,0.0007248353795148432,Rank-
AACTATTGGCGGATTC-1,1,1,17,53,0,0,8,308.46032896,91.80992512,4,1.0,0.03468423709273338,Background
AACTCAACCTTGACCA-1,1,39,79,54,0,0,0,1151.5652096000001,1007.0565376000001,1,0.0,7.033558557032383e-27,Rank-
AACTCAACTTGACAGC-1,1,53,41,55,0,0,4,626.90489344,1336.91165696,2,0.0,1.0,Rank+
AACTCACCGAACTTAT-1,1,19,71,56,0,0,7,1045.94250752,528.33871872,3,1.0,0.8903888463973999,Background
AACTCACCTCGGTGTT-1,1,22,48,57,0,0,9,729.59988736,597.25246464,0,0.0,1.0,Rank+
AACTCACGGAGTACGT-1,1,63,77,58,0,0,1,1119.06014208,1580.13664256,0,0.0,1.0,Rank+
AACTCAGATCCATGCC-1,1,19,13,59,0,0,0,249.68095744000001,521.28219136,1,0.0,1.6935664761358361e-22,Rank-
AACTGCAACGTCCTGG-1,1,42,100,60,0,0,5,1439.23130368,1081.30021376,2,0.0,4.265352827881319e-12,Rank-
AACTGCAATACGGATT-1,1,5,55,61,0,0,5,829.29210368,191.95255808000002,2,0.0,4.3272446291763326e-16,Rank-
AACTGCCTCGATAGGT-1,1,37,61,62,0,0,4,904.88702976,957.13536,2,1.0,0.026512721553444862,Background
AACTGCGAACCTTACC-1,1,12,60,63,0,0,1,896.40418304,359.80782592,0,0.0,1.0,Rank+
AACTGCGATCGACTAA-1,1,39,121,64,0,0,1,1728.17357824,1012.16125952,0,0.0,1.0,Rank+
AACTGCGATGAATAGG-1,1,76,48,65,0,0,2,718.18933248,1887.17065216,3,0.0,2.5736912903084885e-06,Rank-
AACTGCGGTCCGAAGC-1,1,12,42,66,0,0,5,649.350656,357.63081216,2,0.0,0.0012270397273823619,Rank-
AACTGCTACCTCGATA-1,1,53,97,67,0,0,3,1395.69102848,1343.6679065600001,0,0.0,1.0,Rank+
AACTGGTCATGTGGTT-1,1,6,64,68,0,0,4,952.6311936,216.9506816,2,1.0,0.19001540541648865,Background
AACTTCAAGGATAATC-1,1,60,70,69,0,0,6,1023.5718144,1507.61956352,2,0.0,9.76284461804525e-22,Rank-
AACTTCACAATAACTG-1,1,15,13,70,0,0,0,250.58179072000001,425.79386368,5,0.0,1.0,Rank+
AACTTCAGATACTACC-1,1,51,83,71,0,0,5,1203.96367872,1294.1971456,2,0.0,2.8291969461635702e-12,Rank-
AACTTCATCTTCTGGT-1,1,34,8,72,0,0,12,177.9145728,878.9880729600001,0,0.0,1.0,Rank+
AACTTCGCTTAGTCAG-1,1,37,77,73,0,0,12,1124.5402112,959.08716544,3,0.0,2.760895401188179e-10,Rank-
AACTTGCTCGTAACCG-1,1,5,47,74,0,0,6,719.46551296,190.97665536,1,0.0,6.829470071941601e-27,Rank-
AACTTGGTTAATACTA-1,1,10,86,75,0,0,1,1253.80978688,315.21657856,0,0.0,1.0,Rank+
AACTTGGTTACATAAC-1,1,45,3,76,0,0,6,106.89888256,1141.20562688,1,0.0,6.582507872110455e-09,Rank-
AACTTGTTGACCGATA-1,1,77,91,77,0,0,2,1308.31020032,1916.2975948800001,3,0.0,2.520495582161795e-19,Rank-
AAGAATTCTGGCTGCA-1,1,56,52,78,0,0,0,777.3440512,1409.87915264,1,0.0,5.764030745758486e-14,Rank-
AAGACAATCTCCTGCA-1,1,60,54,79,0,0,0,803.91863296,1505.66775808,1,0.0,2.3533414122617726e-35,Rank-
AAGACTAAGGAGATCC-1,1,51,27,80,0,0,2,435.17754368,1287.440896,5,0.0,1.0,Rank+
AAGACTCAAGGCTCCA-1,1,25,101,81,0,0,4,1456.57234432,675.32468224,2,0.0,1.0,Rank+
AAGACTGCTACTTCCT-1,1,77,115,82,0,0,7,1637.78997248,1919.1502336,3,0.0,5.189226327285967e-13,Rank-
AAGACTGTCATAGTGC-1,1,34,46,83,0,0,3,699.57211136,883.64237824,3,0.0,0.9999998807907104,Rank+
AAGAGCAGATGTGCCA-1,1,18,40,84,0,0,4,620.59906048,500.7131648,2,1.0,0.00555790401995182,Background
AAGATACAGGCGAACG-1,1,34,120,85,0,0,6,1715.48684288,892.65071104,2,0.0,9.171105061477022e-28,Rank-
AAGATAGGCTTGCTTA-1,1,66,80,86,0,0,3,1159.59763968,1652.20330496,0,0.0,1.0,Rank+
AAGATATTGGACGTCC-1,1,66,74,87,0,0,1,1077.246464,1651.45261056,0,0.0,1.0,Rank+
AAGATCTGTAACTTGT-1,1,48,110,88,0,0,7,1575.25712896,1225.80888576,3,1.0,0.013252083212137222,Background
AAGATGAAGGTCATCG-1,1,25,113,89,0,0,5,1621.27469568,676.7510016,2,0.0,1.7703885232811523e-12,Rank-
AAGATGCACTATACTT-1,1,6,54,90,0,0,6,815.32918784,215.74957056,2,0.0,1.0524726923311079e-10,Rank-
AAGATGGCCGCTAGTT-1,1,62,34,91,0,0,2,528.93927424,1551.00969984,3,0.0,0.0011911699548363686,Rank-
AAGATTAGGCTGTCTA-1,1,13,25,92,0,0,0,415.73455872,379.4760192,1,0.0,1.0124978442552847e-23,Rank-
AAGATTATCTAGCATA-1,1,28,70,93,0,0,1,1030.328064,743.187456,0,0.0,1.0,Rank+
AAGATTCTGGTCGCGA-1,1,20,0,94,0,0,0,71.01569024,543.65288448,5,0.0,8.29948386505778e-27,Rank-
AAGATTGACACTCGAT-1,1,76,66,95,0,0,1,965.31792896,1889.34766592,0,0.0,1.0,Rank+
AAGCAAGAGCGTGATC-1,1,10,20,96,0,0,8,347.72164608,307.18414848000003,4,0.0,4.69886004834507e-14,Rank-
AAGCACTCAGGAATGT-1,1,24,0,97,0,0,0,70.1899264,639.14121216,1,0.0,2.875505284613698e-23,Rank-
AAGCAGCGGACACGTG-1,1,39,71,98,0,0,0,1041.73861888,1006.08063488,1,0.0,2.3472180459381282e-20,Rank-
AAGCAGTATCAGAATC-1,1,30,14,99,0,0,9,261.09151232,784.17537024,5,0.0,1.0,Rank+
AAGCAGTGAGTGCGAC-1,1,46,28,100,0,0,2,449.96622336,1168.0804864,3,0.0,1.8117499687997363e-12,Rank-
AAGCAGTGGCATCACT-1,1,57,73,101,0,0,5,1065.38549248,1436.30359552,2,1.0,0.01390183623880148,Background
AAGCAGTGGCTCATCC-1,1,48,4,102,0,0,11,120.03603456,1212.97201152,0,0.0,0.9999697208404541,Rank+
AAGCAGTGTAGAATCT-1,1,18,70,103,0,0,3,1032.43000832,504.31649792,3,1.0,0.030691582709550858,Background
AAGCATCAAGCGTGAT-1,1,57,31,104,0,0,2,488.77712384,1431.1988736,3,0.0,1.1732439022041352e-12,Rank-
AAGCATTGAGTGGTTG-1,1,29,25,105,0,0,9,412.35643392000003,761.65453824,3,1.0,0.9850735068321228,Background
AAGCCACCATTCAAGA-1,1,50,12,106,0,0,2,229.41220864000002,1261.69207808,5,0.0,1.0,Rank+
AAGCCACTATGTCTAA-1,1,28,100,107,0,0,4,1442.15901184,746.86585856,2,0.0,2.7920313172558053e-08,Rank-
AAGCCAGATCCAACAT-1,1,59,107,108,0,0,2,1531.71685376,1488.251648,5,0.0,0.0027032282669097185,Rank-
AAGCCAGGCCGACGTG-1,1,34,60,109,0,0,1,891.74987776,885.36897536,0,0.0,1.0,Rank+
AAGCCAGGCTGCTTGA-1,1,67,53,110,0,0,4,788.67953664,1672.77233152,2,0.0,0.000596112571656704,Rank-
AAGCCAGGTTACGAAC-1,1,49,15,111,0,0,2,270.85053952,1238.19534336,3,1.0,0.9615375995635986,Background
AAGCCATCCGTGCTAT-1,1,47,27,112,0,0,2,436.00330752,1191.87749888,5,1.0,0.7196915149688721,Background
AAGCCATTATCGAAGG-1,1,72,92,113,0,0,2,1323.09888,1796.93718528,5,0.0,1.0,Rank+
AAGCCATTATCTGCCA-1,1,52,32,114,0,0,3,503.56580352000003,1311.91353344,0,0.0,1.0,Rank+
AAGCGAGCCGTCCGCT-1,1,0,32,115,0,0,8,514.6010112,69.73950976,4,0.0,1.0,Rank+
AAGCGAGGAAGTGAAC-1,1,27,111,116,0,0,6,1593.42393344,724.3450265600001,2,0.0,1.4042484327459863e-19,Rank-
AAGCGTTCGTCTGTCC-1,1,16,66,117,0,0,3,977.92959488,456.046848,3,1.0,0.992032527923584,Background
AAGGACATAACCGCAC-1,1,75,97,118,0,0,2,1391.11179264,1869.2290560000001,5,0.0,1.0,Rank+
AAGGACCAACATGGCT-1,1,10,42,119,0,0,5,649.7260032,309.81157888,2,0.0,2.559716761468822e-13,Rank-
AAGGACCTGCAAGCAT-1,1,69,119,120,0,0,3,1694.39233024,1728.54892544,0,0.0,1.0,Rank+
AAGGAGGCACTCAATT-1,1,20,72,121,0,0,7,1059.45500672,552.36093952,3,1.0,0.47844699025154114,Background
AAGGCAGTCTGATCAC-1,1,45,97,122,0,0,4,1397.4176256,1152.61618176,2,0.0,3.959754620449726e-16,Rank-
AAGGCATGAACAGCTC-1,1,15,55,123,0,0,1,827.19015936,430.82351616,0,0.0,1.0,Rank+
AAGGCCAATTCAATAA-1,1,60,98,124,0,0,7,1408.00241664,1510.99768832,3,0.0,1.2201155884239423e-12,Rank-
AAGGCCAGCAATCGCC-1,1,23,1,125,0,0,0,84.15284224,615.41926912,1,0.0,3.176375860114812e-26,Rank-
AAGGCCAGTCGCAATT-1,1,34,16,126,0,0,11,287.74116352,879.96397568,5,0.0,1.0,Rank+
AAGGCCGACCTACCTG-1,1,45,73,127,0,0,6,1067.93785344,1149.6884736,2,0.0,1.3849204172789592e-13,Rank-
AAGGCCGACTATGTAA-1,1,27,17,128,0,0,9,302.9051904,712.93447168,0,0.0,0.9999902248382568,Rank+
AAGGCCGATTCTGAGC-1,1,48,88,129,0,0,4,1273.25277184,1223.18145536,2,0.0,2.0739727074397737e-14,Rank-
AAGGCCTCGCGAGGAA-1,1,64,98,130,0,0,2,1407.10158336,1606.56108544,3,1.0,0.6778416633605957,Background
AAGGCGAACAGCATAA-1,1,5,123,131,0,0,0,1762.7805900800001,200.21019648,1,1.0,0.9717641472816467,Background
AAGGCGACGGTGTCGG-1,1,59,51,132,0,0,6,762.93071872,1481.42032896,2,0.0,1.3233989404825511e-14,Rank-
AAGGCGAGGTTCATGT-1,1,20,86,133,0,0,10,1251.70784256,554.08753664,5,0.0,0.9999986886978149,Rank+
AAGGCGCCGACAATCT-1,1,70,48,134,0,0,1,719.46551296,1743.8630912,0,0.0,1.0,Rank+
AAGGCGCCTAACATAG-1,1,17,105,135,0,0,4,1513.17470208,484.72337408,0,0.0,1.0,Rank+
AAGGTGATCCGTGACG-1,1,42,124,136,0,0,1,1768.71107584,1084.22792192,0,0.0,1.0,Rank+
AAGGTGCCGCTAAGGT-1,1,70,80,137,0,0,7,1158.7718758400001,1747.69163264,3,0.0,0.00026597603573463857,Rank-
AAGGTGGATATGATCG-1,1,50,20,138,0,0,2,339.23879936000003,1262.6679808000001,3,1.0,0.48854032158851624,Background
AAGGTGTCCATTAAGA-1,1,35,123,139,0,0,5,1756.47475712,916.89814016,2,0.0,1.4134074831362986e-17,Rank-
AAGGTTCATGCGGTGC-1,1,75,89,140,0,0,2,1281.28520192,1868.25315328,3,1.0,0.045761238783597946,Background
AAGGTTGCAGAAGCAG-1,1,19,105,141,0,0,4,1512.7242854400001,532.46753792,0,0.0,1.0,Rank+
AAGGTTGCTGAGTTGA-1,1,14,44,142,0,0,4,676.3756544,405.67525376000003,2,0.0,0.00015694761532358825,Rank-
AAGTACTAAGGTTACG-1,1,62,54,143,0,0,0,803.46821632,1553.48699136,1,0.0,4.9798288257532925e-24,Rank-
AAGTACTACAGTAGAA-1,1,20,102,144,0,0,1,1471.361024,556.03934208,0,0.0,1.0,Rank+
AAGTACTGGATGCGCA-1,1,50,70,145,0,0,6,1025.67375872,1268.7486054400001,2,0.0,5.969092678904248e-14,Rank-
AAGTATTGTAGGTCGC-1,1,65,115,146,0,0,2,1640.34233344,1632.53511168,3,0.0,0.999997615814209,Rank+
AAGTCGCTATCCTGTC-1,1,28,28,147,0,0,9,453.71969536,738.15780352,0,0.0,0.9999872446060181,Rank+
AAGTCGGACACTTCAG-1,1,28,24,148,0,0,9,398.84393472,737.6323174400001,0,0.0,1.0,Rank+
AAGTCTACCGGTTGGA-1,1,18,72,149,0,0,7,1059.90542336,504.61677568,3,0.0,2.994287129354234e-08,Rank-
AAGTCTACGCACTCGG-1,1,61,127,150,0,0,10,1805.87044864,1538.47310336,0,0.0,0.9999998807907104,Rank+
AAGTCTGTCAATTCTT-1,1,25,45,151,0,0,9,687.78620928,668.4933632,0,0.0,0.998604953289032,Rank+
AAGTCTTAAGTTGCCA-1,1,33,61,152,0,0,1,905.7127936,861.57196288,0,0.0,1.0,Rank+
AAGTCTTAATAGAACT-1,1,4,50,153,0,0,0,760.8287744,167.47992064,1,0.0,8.532446469653799e-28,Rank-
AAGTGAGCCTGTTACA-1,1,58,94,154,0,0,3,1353.5020032,1462.80310784,0,0.0,1.0,Rank+
AAGTGATCCACGAGCG-1,1,70,118,155,0,0,3,1680.4294144,1752.34593792,0,1.0,0.9872328042984009,Background
AAGTGGACGAATCTAC-1,1,16,90,156,0,0,7,1307.40936704,458.97455616,3,1.0,0.6533410549163818,Background
AAGTGGCGAAGTTAAT-1,1,41,83,157,0,0,0,1206.06562304,1055.32618752,1,0.0,5.968359411988159e-38,Rank-
AAGTGGCGAGTGTACA-1,1,23,75,158,0,0,10,1100.06757376,624.42760192,5,0.0,1.0,Rank+
AAGTGGTTCCTCGCGT-1,1,15,59,159,0,0,3,882.06592,431.34900224,0,0.0,1.0,Rank+
AAGTTACTATTACATC-1,1,55,45,160,0,0,4,681.40530688,1385.18130688,2,0.0,1.4110367374087218e-05,Rank-
AAGTTCCTATTGCTGG-1,1,28,50,161,0,0,9,755.7991219200001,740.78523392,3,0.0,1.0,Rank+
AATAACATGTGCTATG-1,1,50,38,162,0,0,1,586.36739584,1264.84499456,0,0.0,1.0,Rank+
AATAACATGTTACGTC-1,1,52,74,163,0,0,5,1080.1741721600001,1317.01825536,2,0.0,5.737022590324159e-08,Rank-
AATAACGTAACTGTGA-1,1,30,58,164,0,0,7,865.175296,789.50530048,3,0.0,0.99727863073349,Rank+
AATAACGTATTGAACA-1,1,68,42,165,0,0,7,637.48968448,1695.3682329600001,3,0.0,1.16625786805713e-09,Rank-
AATAACTCTAATACAG-1,1,5,51,166,0,0,6,774.3412736,191.50214144,2,0.0,5.101400267855914e-18,Rank-
AATAACTCTACGATGT-1,1,18,56,167,0,0,3,840.25224192,502.66497024,0,0.0,1.0,Rank+
AATAACTTCATACGGA-1,1,51,111,168,0,0,2,1588.31921152,1297.65033984,3,0.0,2.711982416414571e-09,Rank-
AATACGAGAACACTCG-1,1,35,117,169,0,0,5,1674.12358144,916.14744576,2,1.0,0.012904063798487186,Background
AATACGCATATCCAGA-1,1,13,13,170,0,0,8,250.95713792,377.9746304,4,0.0,0.9999974966049194,Rank+
AATACGGTACGGCCTA-1,1,15,57,171,0,0,1,854.59050496,431.12379392,0,0.0,1.0,Rank+
AATACGTAGACAGTTA-1,1,56,80,172,0,0,1,1161.699584,1413.25727744,0,0.0,1.0,Rank+
AATAGATAGCCTAACC-1,1,28,30,173,0,0,9,481.19511040000003,738.38301184,0,0.0,3.7902125882283144e-07,Rank-
AATAGCACGGAAGCGA-1,1,65,39,174,0,0,2,596.95218688,1623.30157056,3,0.0,1.0,Rank+
AATAGTATAGTTGTCG-1,1,40,74,175,0,0,0,1082.72653312,1030.328064,1,0.0,6.180171280064713e-38,Rank-
AATAGTCGTTATCTAG-1,1,46,16,176,0,0,7,285.18880256,1166.65416704,3,1.0,0.0062879412434995174,Background
AATAGTCTGGAACAAT-1,1,76,92,177,0,0,2,1322.19804672,1892.5005824,3,1.0,0.08097229152917862,Background
AATAGTGCTCATAGAA-1,1,29,79,178,0,0,4,1153.66715392,768.18557952,0,0.0,1.0,Rank+
AATAGTTGGTGCTCAG-1,1,35,85,179,0,0,6,1234.8172185600001,912.24383488,2,0.0,3.650717172544863e-19,Rank-
AATATTAGGCTTCTGG-1,1,25,51,180,0,0,9,770.13738496,669.2440576,3,0.0,1.0,Rank+
AATCCGACCACGGTCC-1,1,72,82,181,0,0,2,1185.79687424,1795.73607424,3,0.0,6.030605436535552e-05,Rank-
AATCCGCCGACCTGAG-1,1,60,58,182,0,0,0,858.86946304,1506.19324416,4,0.0,2.235116957681778e-17,Rank-
AATCCGCCTGGTCAAT-1,1,33,47,183,0,0,7,713.5350272000001,859.84536576,3,1.0,0.01709907315671444,Background
AATCCGGAGCTTGTCT-1,1,31,11,184,0,0,9,219.72825088,807.7471744000001,0,0.0,0.9999990463256836,Rank+
AATCCTCGTCACAGGC-1,1,33,3,185,0,0,12,109.45124352,854.51543552,0,1.0,0.05121135711669922,Background
AATCGAACGGACGGAG-1,1,58,42,186,0,0,1,639.5916288,1456.42220544,0,0.0,1.0,Rank+
AATCGAATGTAACAGT-1,1,30,126,187,0,0,10,1798.73885184,797.76293888,4,0.0,0.9999998807907104,Rank+
AATCGACTATCGCTAG-1,1,65,37,188,0,0,2,569.47677184,1623.07636224,5,0.0,0.9999699592590332,Rank+
AATCGGCGCCAACGGT-1,1,5,3,189,0,0,8,115.38172928,185.64672512,4,0.0,2.0049568017106723e-13,Rank-
AATCTATCTAACCGAG-1,1,9,21,190,0,0,8,361.68456192,283.387136,4,0.0,3.040840691227731e-13,Rank-
AATCTGCGAGACGTTC-1,1,17,9,191,0,0,0,195.25561344,473.08761088,4,0.0,5.74720510422061e-24,Rank-
AATCTGCGTTCCTTAC-1,1,22,2,192,0,0,0,98.04068864,591.62225664,1,0.0,1.838160514877268e-21,Rank-
AATCTTAGCCTCTGTC-1,1,66,56,193,0,0,6,830.11786752,1649.2755968000001,2,0.0,3.2025109248934314e-06,Rank-
AATGAAGACGGTTCAG-1,1,37,65,194,0,0,6,959.7627904,957.5857766400001,2,0.0,2.681335135358308e-26,Rank-
AATGAAGAGGATGTAT-1,1,72,76,195,0,0,3,1103.44569856,1794.98537984,0,0.0,1.0,Rank+
AATGAATCGGAAGGCA-1,1,46,90,196,0,0,5,1301.10353408,1175.66249984,2,0.0,1.2213914715175633e-06,Rank-
AATGATCTTGACAGCG-1,1,42,116,197,0,0,11,1658.8844851200001,1083.2520192,0,1.0,0.8485848307609558,Background
AATGATTACAACCTAA-1,1,43,89,198,0,0,6,1288.04145152,1103.82104576,2,0.0,8.451706394406434e-16,Rank-
AATGCAATCACTGTCG-1,1,19,61,199,0,0,3,908.7155712,527.13760768,3,1.0,0.9777764081954956,Background
AATGCCGACGAGCAAC-1,1,65,77,200,0,0,3,1118.60972544,1627.8808064,0,1.0,0.9940953254699707,Background
AATGCCGCGATTGAGC-1,1,52,0,201,0,0,7,64.25944064,1308.00992256,3,1.0,0.9619872570037842,Background
AATGCGAACCTCGCGT-1,1,46,0,202,0,0,4,65.53562112,1164.7023616000001,2,0.0,9.369254257762805e-05,Rank-
AATGGACATCCTACTC-1,1,41,59,203,0,0,0,876.5858508800001,1052.39847936,1,0.0,1.6877569289196718e-28,Rank-
AATGGAGGACCTGGTG-1,1,41,105,204,0,0,4,1508.0699801600001,1058.02868736,2,0.0,5.4271725957733e-07,Rank-
AATGGCATAGTATCAT-1,1,31,71,205,0,0,1,1043.465216,815.0289100800001,0,0.0,1.0,Rank+
AATGGCTCCACGAATT-1,1,3,117,206,0,0,13,1680.87983104,151.71533824,1,0.0,1.837189502044727e-25,Rank-
AATGGTCGATACTCGG-1,1,10,52,207,0,0,5,787.02800896,311.08775936,2,0.0,1.6125015989132407e-08,Rank-
AATGGTCTCGAGCGCT-1,1,26,8,208,0,0,9,179.56610048,687.93634816,0,1.0,0.9927420616149902,Background
AATGGTGCGTCCTAAC-1,1,32,108,209,0,0,0,1551.15983872,843.4051584,4,0.0,2.6686187498281804e-20,Rank-
AATGGTTATTCTAGCT-1,1,20,20,210,0,0,6,345.61970176,546.05510656,2,0.0,0.9999958276748657,Rank+
AATGTACTTAACATCA-1,1,60,86,211,0,0,3,1243.22499584,1509.57136896,0,1.0,0.9951480031013489,Background
AATGTCAGGTCATTAC-1,1,30,78,212,0,0,4,1139.77930752,791.9825920000001,2,0.0,1.751108591463435e-08,Rank-
AATTACCAACTCCGTA-1,1,67,121,213,0,0,3,1722.24309248,1681.02996992,0,0.0,1.0,Rank+
AATTAGCAACCGTTCC-1,1,11,43,214,0,0,5,663.2385024,333.83379968,2,0.0,4.981018202065979e-12,Rank-
AATTAGCTTAGGTGTA-1,1,13,69,215,0,0,3,1019.74327296,384.80594944,0,0.0,0.9983921647071838,Rank+
AATTATACCTCAATGA-1,1,72,46,216,0,0,7,691.53968128,1791.38204672,3,1.0,0.4887072741985321,Background
AATTATCTAGATAACC-1,1,3,121,217,0,0,13,1735.75559168,152.24082432,1,0.0,1.2901427252158848e-23,Rank-
AATTCTAACATCGTGC-1,1,76,72,218,0,0,3,1047.6691046400001,1890.09836032,0,0.0,1.0,Rank+
AATTCTCAGACGCAAC-1,1,17,55,219,0,0,3,826.73974272,478.64274944,0,0.0,1.0,Rank+
AATTCTCGCACCAGTA-1,1,27,89,220,0,0,1,1291.41957632,721.64252672,0,0.0,1.0,Rank+
AATTCTTGCATTGGTC-1,1,77,61,221,0,0,1,896.40418304,1912.6191923200001,0,0.0,1.0,Rank+
AATTCTTGGATACGGA-1,1,59,53,222,0,0,0,790.40613376,1481.64553728,1,0.0,6.005951205111523e-40,Rank-
AATTGAATTCACTAGA-1,1,71,77,223,0,0,3,1117.33354496,1771.2634368000001,0,0.0,3.769194108826923e-06,Rank-
AATTGCATTGAAGAAT-1,1,46,54,224,0,0,0,806.84634112,1171.23340288,1,0.0,6.040849307073495e-25,Rank-
AATTGCGGTGCTAATA-1,1,26,24,225,0,0,11,399.21928192,689.8881536,0,0.0,1.0,Rank+
AATTGCGTCAGACACT-1,1,24,22,226,0,0,1,372.19428352,641.843712,2,1.0,0.9388337135314941,Background
AATTGGACGGCATCGT-1,1,22,34,227,0,0,4,537.34705152,595.52586752,2,0.0,1.0,Rank+
AATTGGAGACATGGAG-1,1,17,43,228,0,0,4,661.96232192,477.21643008,2,0.0,0.9992146492004395,Rank+
AATTGGCTTGAGTTGC-1,1,53,53,229,0,0,0,791.68231424,1338.33797632,1,0.0,1.3234130236128294e-08,Rank-
AATTGGTTATGATACA-1,1,48,70,230,0,0,5,1026.12417536,1221.0044416,2,0.0,1.3947863690573752e-14,Rank-
AATTGTAGAATCCTAG-1,1,60,56,231,0,0,0,831.394048,1505.8929664,1,0.0,0.9997645020484924,Rank+
ACAACCTTGGTGTCAA-1,1,8,56,232,0,0,4,842.35418624,263.79401216,2,1.0,0.9476509094238281,Background
ACAACGAGCGATCTGA-1,1,50,116,233,0,0,2,1657.23295744,1274.303744,3,1.0,0.04124535992741585,Background
ACAACGCCGATAGTAT-1,1,29,21,234,0,0,9,357.40560384,761.12905216,3,1.0,0.010012611746788025,Background
ACAACGTGAATTCACG-1,1,15,5,235,0,0,0,140.7552,424.81796096,5,0.0,0.9992275238037109,Rank+
ACAACGTGGAGCTACT-1,1,65,81,236,0,0,3,1173.56055552,1628.40629248,0,0.0,1.0,Rank+
ACAACTAACCAGTGGA-1,1,72,110,237,0,0,2,1570.15240704,1799.1141990400001,5,0.0,0.003214920638129115,Rank-
ACAACTAAGGTGTTAT-1,1,25,47,238,0,0,9,715.18655488,668.7936409600001,0,0.0,1.0,Rank+
ACAACTAAGTGGCGCT-1,1,52,104,239,0,0,3,1492.00512,1320.6215884800001,0,0.0,0.0003803450963459909,Rank-
ACAACTGAATCCAGTC-1,1,50,122,240,0,0,2,1739.58413312,1275.0544384,3,0.0,5.649544618790969e-06,Rank-
ACAACTGTCGTGGATA-1,1,44,108,241,0,0,1,1548.60747776,1130.02028032,0,0.0,1.0,Rank+
ACAAGTAGTTCCGGTA-1,1,7,115,242,0,0,0,1652.57865216,247.05352704,4,0.0,1.1182193450977655e-20,Rank-
ACAATACAATCCTTAA-1,1,11,105,243,0,0,5,1514.45088256,341.41581312,2,0.0,4.309019557263299e-19,Rank-
ACAATACACTTCCATC-1,1,13,27,244,0,0,0,443.20997376,379.70122752000003,1,0.0,4.222326065984066e-18,Rank-
ACAATACAGGCGCCGT-1,1,43,101,245,0,0,4,1452.74380288,1105.32243456,0,0.0,1.0,Rank+
ACAATACGCCTTATTC-1,1,26,102,246,0,0,4,1470.08484352,699.34690304,2,0.0,0.9995761513710022,Rank+
ACAATAGGATCCAACC-1,1,6,80,247,0,0,4,1172.28437504,218.90248704,2,1.0,0.022982297465205193,Background
ACAATATCATCCGGTA-1,1,17,109,248,0,0,4,1568.05046272,485.17379072,2,0.0,1.032163798875274e-09,Rank-
ACAATATGAATCATGA-1,1,2,28,249,0,0,0,459.19976448,117.03325696,4,1.0,0.9385892152786255,Background
ACAATTGGTCGCGTAA-1,1,49,93,250,0,0,4,1341.64103168,1247.6540928,0,0.0,1.0,Rank+
ACAGAATAAGAACCAT-1,1,54,100,251,0,0,3,1436.6789427200001,1367.91533568,0,0.0,1.0,Rank+
ACAGAATAAGATAGTG-1,1,58,80,252,0,0,1,1161.24916736,1461.07651072,0,0.0,1.0,Rank+
ACAGAATCCGTTGCTT-1,1,41,93,253,0,0,6,1343.3676288,1056.52729856,2,0.0,7.51446371793918e-09,Rank-
ACAGAATCTTGATAAG-1,1,52,58,254,0,0,0,860.52099072,1315.06644992,1,0.0,7.749090016942705e-18,Rank-
ACAGAATGTCTTATTG-1,1,40,90,255,0,0,0,1302.37971456,1032.27986944,1,0.0,6.811933324239989e-27,Rank-
ACAGAATGTTGAGTCC-1,1,62,36,256,0,0,2,556.4146892800001,1551.3099776,3,0.0,6.877035048091784e-05,Rank-
ACAGATCTGAAGTATC-1,1,31,1,257,0,0,12,82.42624512,806.5460633600001,0,0.0,4.527914279606193e-05,Rank-
ACAGCCAGGCATAAGC-1,1,20,76,258,0,0,10,1114.4058368,552.8864256,5,0.0,0.9997698664665222,Rank+
ACAGGAACTACAGAAC-1,1,36,54,259,0,0,1,809.02335488,932.3624448,0,0.0,1.0,Rank+
ACAGGACTGAGCCGAT-1,1,57,65,260,0,0,0,955.55890176,1435.3276928,1,0.0,5.583784125110197e-17,Rank-
ACAGGAGTCATAATGT-1,1,9,119,261,0,0,8,1707.0790656,295.32317696,4,0.0,2.3757331657492387e-09,Rank-
ACAGGATACCGGATTC-1,1,33,9,262,0,0,12,191.8024192,855.26612992,0,0.0,1.0,Rank+
ACAGGCACGCGAGGAT-1,1,33,7,263,0,0,12,164.4020736,855.0409216,0,0.0,1.0,Rank+
ACAGGCATTGAACCAT-1,1,9,63,264,0,0,1,938.2178611200001,288.49185792000003,0,0.0,1.0,Rank+
ACAGGCCTTCTAATGC-1,1,9,85,265,0,0,1,1240.29728768,291.19435776,0,0.0,1.0,Rank+
ACAGGTACCAAGGAAG-1,1,13,99,266,0,0,1,1431.64929024,388.40928256,2,0.0,1.0,Rank+
ACAGGTTCAGTGAACG-1,1,43,49,267,0,0,6,738.8334284800001,1099.0166016,2,0.0,1.2453144797915788e-13,Rank-
ACAGTACGCACTACCT-1,1,44,10,268,0,0,11,203.21297408,1118.1593088,2,0.0,0.0041241333819925785,Rank-
ACAGTATGCCTGGATG-1,1,2,2,269,0,0,8,102.31964672000001,113.88034048,4,0.0,6.74253049091e-16,Rank-
ACAGTCACAATATTAG-1,1,10,102,270,0,0,5,1473.46296832,317.09331456,2,0.0,4.435288580850738e-09,Rank-
ACAGTTGAGGCTAATG-1,1,76,126,271,0,0,4,1788.97982464,1896.6294016,0,0.0,1.0,Rank+
ACATAACCTCTGCCTT-1,1,75,115,272,0,0,2,1638.16531968,1871.40606976,3,0.0,0.0015312830219045281,Rank-
ACATAAGACGCATATG-1,1,27,121,273,0,0,0,1730.7259392,725.5461376000001,4,0.0,9.555282121098685e-10,Rank-
ACATAAGCAATGCGGT-1,1,18,86,274,0,0,10,1252.08318976,506.26830336,5,0.0,0.9998691082000732,Rank+
ACATCGAAGTGATTAA-1,1,72,120,275,0,0,3,1707.4544128,1800.31531008,0,0.0,1.0,Rank+
ACATCGCCACAAGAGG-1,1,18,58,276,0,0,3,867.72765696,502.89017856,0,0.0,1.0,Rank+
ACATCGCCTAGTATGT-1,1,61,125,277,0,0,1,1778.4701030400001,1538.1728256000001,0,0.0,1.0,Rank+
ACATCGGCTTACAAGG-1,1,57,39,278,0,0,1,598.60371456,1432.17477632,0,0.0,1.0,Rank+
ACATCGTAGACAGGTT-1,1,36,20,279,0,0,7,342.24157696000003,928.2336256,3,1.0,0.9933968782424927,Background
ACATCGTCGGTCTACC-1,1,59,79,280,0,0,1,1147.36132096,1484.79845376,0,0.0,1.0,Rank+
ACATCTACCTGTTCTA-1,1,74,46,281,0,0,2,691.16433408,1839.1262105600001,3,0.0,4.558306318358518e-05,Rank-
ACATCTATCCGAACCA-1,1,66,40,282,0,0,2,610.46468608,1647.32379136,3,0.0,0.0004909374401904643,Rank-
ACATCTCAGTATTGCA-1,1,20,120,283,0,0,0,1718.48962048,558.21635584,1,0.0,1.6794843118574569e-21,Rank-
ACATCTCGACAACCAC-1,1,59,89,284,0,0,3,1284.66332672,1486.07463424,0,0.0,0.9998923540115356,Rank+
ACATCTCGCATAGAAT-1,1,7,51,285,0,0,5,773.9659264000001,239.24630528,2,0.0,5.996418376034722e-19,Rank-
ACATCTGACCTTGTCT-1,1,3,15,286,0,0,8,280.53449728,139.32888064,4,0.0,0.9999998807907104,Rank+
ACATGGATGCGTAAGC-1,1,46,84,287,0,0,5,1218.7523584,1174.91180544,2,0.0,1.6035086756753574e-16,Rank-
ACATGTTCACCGGCAG-1,1,62,98,288,0,0,2,1407.5520000000001,1558.8169216000001,3,0.0,1.5075034554001832e-09,Rank-
ACATGTTCCACTGATA-1,1,68,84,289,0,0,2,1214.09805312,1700.39788544,3,0.0,1.3966648282348615e-08,Rank-
ACATGTTCCAGGACGT-1,1,55,55,290,0,0,0,818.70731264,1386.38241792,1,0.0,3.9806182558281484e-19,Rank-
ACATGTTGCTTGATCT-1,1,49,19,291,0,0,2,325.72630016,1238.64576,5,0.0,1.0,Rank+
ACATTCCTGAGTTCCG-1,1,65,43,292,0,0,3,651.8279475200001,1623.8270566400001,0,0.0,0.9999947547912598,Rank+
ACATTGAACTAAGCTA-1,1,3,113,293,0,0,13,1625.92900096,151.2649216,1,0.0,4.7438011695946226e-23,Rank-
ACATTGAAGGCGGTGC-1,1,23,23,294,0,0,6,386.15719936,618.0466995200001,2,1.0,0.9233163595199585,Background
ACATTGAATACGCATA-1,1,63,45,295,0,0,1,679.7537792,1576.23303168,0,1.0,0.039668768644332886,Background
ACATTGATCGTAATCC-1,1,75,85,296,0,0,2,1226.3343718400001,1867.80273664,3,0.0,2.1446066966746002e-06,Rank-
ACATTGCAGTTCGGCA-1,1,68,40,297,0,0,2,610.01426944,1695.0679552,5,0.0,0.00018053234089165926,Rank-
ACATTGGTTCACAGTG-1,1,38,98,298,0,0,0,1412.65672192,985.51160832,1,0.0,2.624753108193545e-07,Rank-
ACATTGGTTCTGCCGT-1,1,48,8,299,0,0,11,174.9117952,1213.42242816,0,0.0,1.0,Rank+
ACATTGTACATTCTTG-1,1,49,55,300,0,0,0,819.98349312,1243.07485696,1,0.0,1.6300863215999475e-21,Rank-
ACCAAGCACTTGCGCA-1,1,17,77,301,0,0,7,1128.74409984,481.27017984,3,1.0,0.04076867550611496,Background
ACCAAGGCTTCGCTAG-1,1,73,69,302,0,0,1,1007.1316070400001,1818.03169792,0,0.0,1.0,Rank+
ACCAAGTGATGGTGAG-1,1,23,49,303,0,0,3,743.11238656,621.199616,0,1.0,0.34912076592445374,Background
ACCAAGTGGCTGTATG-1,1,30,64,304,0,0,1,947.52647168,790.25599488,0,0.0,0.9999951124191284,Rank+
ACCAATCATGGTTCAT-1,1,55,121,305,0,0,7,1724.79545344,1394.4148480000001,3,1.0,0.0911322832107544,Background
ACCAATGAGCCTCATC-1,1,58,70,306,0,0,6,1024.02223104,1459.87539968,2,0.0,2.2793375369204954e-19,Rank-
ACCAATGATCGCGGCC-1,1,52,124,307,0,0,7,1766.6091315200001,1323.09888,3,0.0,0.999778687953949,Rank+
ACCACGGCCTCGCACC-1,1,40,108,308,0,0,4,1549.50831104,1034.4568832,2,1.0,0.006118441931903362,Background
ACCAGCACTCCAATAC-1,1,69,125,309,0,0,10,1776.74350592,1729.29961984,0,0.0,1.0,Rank+
ACCAGTATGAAGTTCC-1,1,27,59,310,0,0,2,879.51355904,717.96412416,3,0.0,5.282196902101077e-09,Rank-
ACCATAACTCCTCGTA-1,1,15,79,311,0,0,7,1156.66993152,433.75122432,3,0.0,0.0011433198815211654,Rank-
ACCATTAGATCGTGGC-1,1,37,97,312,0,0,0,1399.14422272,961.48938752,1,0.0,8.745805762813783e-17,Rank-
ACCGAAGATGTCGGCA-1,1,55,105,313,0,0,7,1505.142272,1392.46304256,3,0.0,0.000238393695326522,Rank-
ACCGAAGCCGAATTAA-1,1,51,71,314,0,0,6,1039.1862579200001,1292.7708262400001,2,0.0,3.486759511302104e-17,Rank-
ACCGAGGTGATACCGA-1,1,52,20,315,0,0,2,338.86345216,1310.48721408,3,1.0,0.9884450435638428,Background
ACCGATTCCGGATACT-1,1,37,119,316,0,0,4,1701.1485798400001,964.19188736,2,0.0,0.0005267167580313981,Rank-
ACCGATTGAGGATCTG-1,1,24,112,317,0,0,4,1607.76219648,652.80385024,2,1.0,0.9894844889640808,Background
ACCGCAGGTCGAGTTG-1,1,17,99,318,0,0,1,1430.8235264,483.97267968,0,0.0,1.0,Rank+
ACCGCTTGCTAAGCAG-1,1,13,121,319,0,0,0,1733.65364736,391.1117824,4,0.0,2.5321816590644786e-22,Rank-
ACCGGACGCCAAGCGT-1,1,19,41,320,0,0,1,634.11155968,524.7353856,2,0.0,1.0,Rank+
ACCGGCACCATACTGC-1,1,27,47,321,0,0,9,714.81120768,716.5378048,0,0.0,1.0,Rank+
ACCGGCACGTACGAAC-1,1,58,92,322,0,0,3,1326.02658816,1462.50283008,0,0.0,1.0,Rank+
ACCGGCCGACCTGCAC-1,1,53,115,323,0,0,2,1642.81962496,1345.84492032,3,0.0,1.0,Rank+
ACCGGCCTCAGGAGTT-1,1,34,110,324,0,0,0,1578.18483712,891.37453056,4,0.0,1.4799247938235283e-10,Rank-
ACCGGCTATCGTGCGG-1,1,24,86,325,0,0,3,1250.80700928,649.65093376,3,0.0,0.9999035596847534,Rank+
ACCGTACACGACCGTC-1,1,28,74,326,0,0,1,1085.27889408,743.7129420800001,0,0.0,1.0,Rank+
ACCGTACTATCGGAGG-1,1,53,87,327,0,0,4,1258.46409216,1342.46679552,0,0.0,1.0,Rank+
ACCGTAGGCGGAGGTT-1,1,14,66,328,0,0,3,978.38001152,408.30268416,0,0.0,1.0,Rank+
ACCGTGTTATAAGTCG-1,1,2,108,329,0,0,13,1557.5407411200001,126.79228416000001,1,0.0,7.842180598855464e-30,Rank-
ACCTAACAATCTTCAA-1,1,6,126,330,0,0,10,1803.76850432,224.4576256,1,0.0,1.0,Rank+
ACCTAAGTAGAACAGA-1,1,30,116,331,0,0,0,1661.4368460800001,796.56182784,4,0.0,1.1226900520355798e-09,Rank-
ACCTAAGTGATAATCA-1,1,37,121,332,0,0,4,1728.62399488,964.41709568,2,1.0,0.9667677283287048,Background
ACCTAATGTTACCAAT-1,1,59,97,333,0,0,7,1394.48991744,1487.05053696,0,0.0,5.119730758451624e-06,Rank-
ACCTAATTGTCGCTGA-1,1,46,34,334,0,0,3,532.31739904,1168.8311808,0,0.0,1.0,Rank+
ACCTATAACGAACTAC-1,1,48,94,335,0,0,4,1355.60394752,1223.85708032,0,1.0,0.8319913148880005,Background
ACCTATGCTACCGGAT-1,1,45,13,336,0,0,11,244.20088832,1142.40673792,0,0.0,1.0,Rank+
ACCTCCACAGAACTCA-1,1,76,84,337,0,0,7,1212.371456,1891.52467968,3,1.0,0.9929360747337341,Background
ACCTCCACAGCTACGT-1,1,8,26,338,0,0,0,430.5232384,260.1156096,1,0.0,9.996938809322357e-33,Rank-
ACCTCCGATTATAAGA-1,1,74,76,339,0,0,7,1102.99528192,1842.80461312,3,1.0,0.5826334357261658,Background
ACCTCCTAGAGGCATG-1,1,23,29,340,0,0,6,468.50837504000003,618.79739392,2,0.0,6.839406818670568e-11,Rank-
ACCTCGCACTAAGAGC-1,1,62,114,341,0,0,2,1627.20518144,1560.76872704,3,1.0,0.9813200235366821,Background
ACCTGCACTAGATGGC-1,1,5,31,342,0,0,0,499.81233152,189.09991936,4,0.0,2.3704991217025385e-14,Rank-
ACCTGCCACTATCAAT-1,1,29,107,343,0,0,6,1538.09775616,771.63877376,2,0.0,1.3491981505696864e-16,Rank-
ACCTGCCAGAGGATCT-1,1,10,104,344,0,0,5,1500.93838336,317.39359232,2,0.0,4.2148356067242196e-14,Rank-
ACCTGCTTATAGTTCG-1,1,20,54,345,0,0,3,812.40147968,550.18392576,0,0.0,1.0,Rank+
ACCTGCTTCCACATTG-1,1,25,1,346,0,0,0,83.7024256,663.16343296,0,0.0,4.104948900642106e-30,Rank-
ACCTGCTTGAGCCTGG-1,1,29,99,347,0,0,5,1428.27116544,770.66287104,2,0.0,1.776881152794601e-15,Rank-
ACCTGCTTGCTACGAC-1,1,56,72,348,0,0,5,1051.87299328,1412.35644416,2,0.0,3.45155085416459e-21,Rank-
ACCTGTCTGCGGTTGT-1,1,64,102,349,0,0,2,1462.05241344,1607.08657152,3,0.0,0.9999352693557739,Rank+
ACCTGTGGCGCTGCAA-1,1,75,47,350,0,0,2,704.67683328,1863.1484313600001,3,0.0,8.904671666698505e-09,Rank-
ACCTGTGGTCACCTCG-1,1,35,53,351,0,0,1,795.43578624,908.340224,0,0.0,1.0,Rank+
ACCTTCGGTGCTACGA-1,1,30,2,352,0,0,12,96.38916096,782.74905088,0,0.0,1.0,Rank+
ACCTTGGCTCTGTAAG-1,1,60,116,353,0,0,2,1655.05594368,1513.24977152,3,1.0,0.9941011071205139,Background
ACGAACATAGGATCGG-1,1,10,76,354,0,0,11,1116.5077811200001,313.94039808,0,0.0,1.0,Rank+
ACGAACGCACGAGCAC-1,1,38,94,355,0,0,0,1357.70589184,984.98612224,1,0.0,9.700615451754635e-24,Rank-
ACGAAGCCACCTGAGG-1,1,6,72,356,0,0,1,1062.45778432,217.92658432,2,0.0,1.1748712495318614e-05,Rank-
ACGAAGCTCATCCTCG-1,1,13,59,357,0,0,1,882.51633664,383.6048384,0,0.0,1.0,Rank+
ACGACAAGCACTTCAC-1,1,57,41,358,0,0,1,626.0791296,1432.47505408,0,0.0,1.0,Rank+
ACGACTGAAGACTTAC-1,1,32,48,359,0,0,7,727.49794304,836.12342272,3,1.0,0.23523424565792084,Background
ACGAGGACAACTCACC-1,1,5,75,360,0,0,4,1103.82104576,194.4298496,2,1.0,0.16314035654067993,Background
ACGAGGACCTGCTAGT-1,1,43,111,361,0,0,1,1590.0458086400001,1106.5235456,0,0.0,1.0,Rank+
ACGAGGCTAGGTGGCT-1,1,3,23,362,0,0,8,390.361088,140.30478336000002,4,0.0,1.3486187810940464e-07,Rank-
ACGAGTGCGTGCGTTC-1,1,62,40,363,0,0,3,611.29044992,1551.76039424,3,0.0,4.338563397432438e-10,Rank-
ACGATGACTATTAGAT-1,1,39,99,364,0,0,6,1426.16922112,1009.5338291200001,1,0.0,5.2663432743991646e-20,Rank-
ACGATGCGAAGGAGCA-1,1,54,94,365,0,0,1,1354.32776704,1367.23971072,0,0.0,1.0,Rank+
ACGATGCTCCAATACA-1,1,37,35,366,0,0,2,547.9318425600001,953.9824435200001,5,0.0,2.1102594871535985e-07,Rank-
ACGATGTCGCACAATC-1,1,57,75,367,0,0,4,1092.86090752,1436.60387328,2,0.0,0.9999998807907104,Rank+
ACGATGTCGTTGCCAA-1,1,50,92,368,0,0,1,1327.75318528,1271.45110528,0,0.0,1.0,Rank+
ACGATGTTACCTCATT-1,1,47,55,369,0,0,0,820.35884032,1195.25562368,1,0.0,1.274352666577258e-13,Rank-
ACGCAACGAAGAGTAT-1,1,18,52,370,0,0,3,785.30141184,502.13948416,0,0.0,1.0,Rank+
ACGCAACGTGTAATTG-1,1,36,2,371,0,0,0,95.11298048,926.05661184,1,0.0,4.294032640073568e-29,Rank-
ACGCAAGCTCCGCTTA-1,1,2,66,372,0,0,0,980.93237248,121.68756224,1,0.0,3.205953541088033e-28,Rank-
ACGCAAGGCATAAGTC-1,1,21,27,373,0,0,6,441.48337664,570.75295232,2,1.0,0.023130539804697037,Background
ACGCAATAGTATACGA-1,1,14,50,374,0,0,4,758.72683008,406.35087872,2,0.0,1.0,Rank+
ACGCACATTGTAAGTA-1,1,50,14,375,0,0,2,256.88762368,1261.9172864,3,0.0,3.154736623400822e-05,Rank-
ACGCATCGTCGAGCAG-1,1,2,32,376,0,0,0,514.1505945600001,117.55874304,4,0.0,5.949312087893607e-15,Rank-
ACGCCGGCATCACTGG-1,1,32,90,377,0,0,5,1304.03124224,841.22814464,2,0.0,2.4044980699697715e-17,Rank-
ACGCGGCTCAAGTTCA-1,1,32,124,378,0,0,0,1770.81302016,845.35696384,1,0.0,3.157354486164215e-15,Rank-
ACGCGTAGACTCAACT-1,1,8,58,379,0,0,4,869.82960128,264.01922048,2,0.0,0.9966902732849121,Rank+
ACGCGTCGGTGAGGTT-1,1,44,50,380,0,0,6,752.42099712,1122.96375296,2,0.0,3.380659472895786e-05,Rank-
ACGCGTTCCAGCCTTC-1,1,16,16,381,0,0,8,291.49463552000003,450.0412928,4,1.0,0.03329820930957794,Background
ACGCGTTCGCGATCAT-1,1,22,6,382,0,0,12,152.99151872000002,592.14774272,0,0.0,5.584065121411186e-08,Rank-
ACGCTCAGTGCACCGT-1,1,0,10,383,0,0,8,212.52158464000001,67.11207936,4,0.0,5.343755993258981e-10,Rank-
ACGCTGCGATTAACGA-1,1,42,42,384,0,0,1,642.9697536,1074.2436864000001,0,1.0,0.955272376537323,Background
ACGGCCGGAACGCTAG-1,1,28,2,385,0,0,12,96.76450816,734.9298176,0,0.0,0.9999799728393555,Rank+
ACGGCCGTCAACGTAT-1,1,56,74,386,0,0,5,1079.34840832,1412.58165248,2,0.0,9.285850865126122e-06,Rank-
ACGGCCGTGACATTAA-1,1,66,66,387,0,0,5,967.41987328,1650.47670784,2,0.0,8.211965829563184e-12,Rank-
ACGGCCTGGCTAAGTT-1,1,6,36,388,0,0,0,568.20059136,213.5725568,1,0.0,1.6990209784638274e-30,Rank-
ACGGCCTTGCCAGAAC-1,1,42,114,389,0,0,1,1631.40907008,1083.02681088,0,0.0,1.0,Rank+
ACGGCTATGGCATACC-1,1,56,54,390,0,0,0,804.7443968,1410.1043609600001,1,0.0,5.9534124288074776e-18,Rank-
ACGGCTTAACGATAGT-1,1,16,60,391,0,0,3,895.5784192,455.37122304,0,0.0,1.0,Rank+
ACGGCTTACGTATGCC-1,1,16,74,392,0,0,3,1087.7561856,457.02275072000003,3,0.0,0.9999184608459473,Rank+
ACGGCTTATTGGTATG-1,1,47,17,393,0,0,2,298.70130176,1190.67638784,3,1.0,0.9551541805267334,Background
ACGGCTTCAGGTACCG-1,1,19,25,394,0,0,6,414.45837824,522.78358016,1,0.0,7.591443454260511e-18,Rank-
ACGGCTTCCATCGGAA-1,1,26,68,395,0,0,3,1003.3030656,695.21808384,3,1.0,0.004613091237843037,Background
ACGGCTTGTTCAATCG-1,1,23,73,396,0,0,9,1072.59215872,624.1273241600001,5,0.0,1.0,Rank+
ACGGTCGGACAGGCGA-1,1,69,59,397,0,0,4,870.65536512,1721.26718976,2,0.0,2.8490449582863064e-11,Rank-
ACGGTGATAATGTTAC-1,1,31,7,398,0,0,12,164.77742080000002,807.22168832,0,0.0,1.0,Rank+
ACGGTGTACGGTGCCA-1,1,24,26,399,0,0,11,427.1451136,642.29412864,0,0.0,0.9999661445617676,Rank+
ACGGTTACATCCGAAG-1,1,18,62,400,0,0,3,922.6034176000001,503.3405952,3,1.0,0.0056032445281744,Background
ACGGTTCACCTTCCGG-1,1,21,41,401,0,0,1,633.66114304,572.47954944,0,0.0,1.0,Rank+
ACGGTTCGCAAGTAAC-1,1,60,48,402,0,0,4,721.56745728,1504.99213312,2,0.0,7.281527132363408e-07,Rank-
ACGGTTCGTACAGTTG-1,1,35,47,403,0,0,3,713.08461056,907.66459904,0,0.0,1.0,Rank+
ACGGTTCGTCCGACCG-1,1,19,67,404,0,0,3,991.06674688,527.88830208,3,1.0,0.9414826035499573,Background
ACGTCAGATTACTTCG-1,1,23,107,405,0,0,4,1539.37393664,628.25614336,2,0.0,9.347076229460072e-06,Rank-
ACGTGAAGGTCGCCTC-1,1,77,79,406,0,0,3,1143.53277952,1914.79620608,0,0.0,1.0,Rank+
ACGTGCAATTATTCGG-1,1,36,16,407,0,0,11,287.29074688000003,927.78320896,0,0.0,1.0,Rank+
ACGTTAATACAATGAC-1,1,46,48,408,0,0,6,724.49516544,1170.55777792,2,0.0,4.2416619814891643e-20,Rank-
ACGTTACGCAGACAGC-1,1,19,115,409,0,0,5,1650.0262912,533.66864896,2,0.0,1.4085800570814392e-16,Rank-
ACGTTAGGCTCAAGCC-1,1,11,91,410,0,0,1,1322.19804672,339.689216,0,0.0,1.0,Rank+
ACGTTAGTACTGGACA-1,1,8,100,411,0,0,6,1446.4379699200001,269.1239424,2,1.0,0.7910376787185669,Background
ACGTTCACATGATCTG-1,1,46,116,412,0,0,7,1658.05872128,1178.81541632,3,0.0,1.778351879817841e-12,Rank-
ACGTTCACGACTAGGT-1,1,47,81,413,0,0,5,1177.31402752,1198.40854016,2,0.0,2.1413390505209406e-10,Rank-
ACGTTCACTAGTTGTA-1,1,23,121,414,0,0,0,1731.5517030400001,629.98274048,4,0.0,3.2012354187103165e-21,Rank-
ACGTTCCATTACCTCA-1,1,17,97,415,0,0,1,1403.34811136,483.74747136,0,0.0,1.0,Rank+
ACGTTCGTCCGCCTAT-1,1,63,39,416,0,0,7,597.32753408,1575.55740672,3,0.0,1.4362551946367486e-12,Rank-
ACGTTCTATGCACGAC-1,1,29,39,417,0,0,9,604.53420032,763.38113536,0,0.0,1.7033918311426532e-06,Rank-
ACGTTCTGCCATAATC-1,1,54,82,418,0,0,4,1189.62541568,1365.73832192,0,0.0,0.9989585876464844,Rank+
ACTAATAGTCAACATA-1,1,14,36,419,0,0,6,566.54906368,404.69935104,1,0.0,1.0,Rank+
ACTAATCGGCCACCGA-1,1,38,2,420,0,0,0,94.66256384,973.87584512,1,0.0,9.856366389726645e-09,Rank-
ACTAATGCCTTGCATC-1,1,71,117,421,0,0,3,1666.46649856,1776.0678809600001,3,0.0,1.35446032167863e-09,Rank-
ACTAATTCTATGCGCA-1,1,6,4,422,0,0,8,128.89422848,209.66894592,4,0.0,1.562971280177905e-11,Rank-
ACTACAATGACCGTAA-1,1,12,18,423,0,0,8,319.7958144,354.703104,4,0.0,8.038369259111278e-08,Rank-
ACTACCAACTGTGGCT-1,1,9,123,424,0,0,8,1761.95482624,295.7735936,4,0.0,1.279106571231087e-16,Rank-
ACTACCTTGGTTGACC-1,1,0,40,425,0,0,0,624.42760192,70.71541248,4,0.0,1.1252532854610052e-14,Rank-
ACTACGCCTCATGATT-1,1,20,110,426,0,0,4,1581.18761472,556.94017536,2,0.0,0.0025368360802531242,Rank-
ACTACGTCTAATGGCC-1,1,18,0,427,0,0,0,71.46610688,495.8336512,5,0.0,1.7603275608013558e-12,Rank-
ACTAGATCTGAAGCGG-1,1,22,54,428,0,0,3,811.95106304,597.9280896,0,0.0,1.0,Rank+
ACTATCAAGGACGGAA-1,1,75,55,429,0,0,1,814.503424,1864.12433408,0,0.0,1.0,Rank+
ACTATGAGGTTCTGTC-1,1,18,98,430,0,0,1,1416.86061056,507.76969216000003,0,0.0,1.0,Rank+
ACTATTACCAGGTGCT-1,1,67,71,431,0,0,1,1035.80813312,1674.94934528,0,0.0,1.0,Rank+
ACTATTAGACAGGCTG-1,1,25,83,432,0,0,3,1209.44374784,673.14766848,0,0.0,1.0,Rank+
ACTATTAGCCTAATCG-1,1,6,84,433,0,0,4,1227.16013568,219.42797312,2,0.0,1.9432203771430068e-05,Rank-
ACTATTGCGAGCTAGA-1,1,10,62,434,0,0,1,924.33001472,312.2888704,0,0.0,1.0,Rank+
ACTATTGTTCGCACAG-1,1,29,125,435,0,0,10,1785.22635264,773.81578752,4,0.0,0.9999773502349854,Rank+
ACTCAGCGGTAGATTG-1,1,8,4,436,0,0,8,128.44381184,257.4881792,4,0.0,4.254465602571145e-05,Rank-
ACTCAGCTCGAGTGTC-1,1,25,19,437,0,0,11,330.83102208,665.34044672,0,0.0,0.9997366070747375,Rank+
ACTCAGCTTCTGAGAC-1,1,30,10,438,0,0,9,206.21575168,783.7249536,0,0.0,1.0,Rank+
ACTCAGGCCTGCAACT-1,1,46,74,439,0,0,6,1081.4503526400001,1173.7106944,2,1.0,0.006209217011928558,Background
ACTCAGTAGATACAAT-1,1,76,54,440,0,0,3,800.5405081600001,1887.92134656,0,0.0,1.0,Rank+
ACTCAGTGAGCCTCCA-1,1,45,57,441,0,0,0,848.284672,1147.73666816,1,0.0,0.0013998914510011673,Rank-
ACTCCACGTTCGCTAC-1,1,46,118,442,0,0,7,1685.53413632,1179.04062464,3,0.0,0.00011645680206129327,Rank-
ACTCCAGGCCGAAGAC-1,1,24,88,443,0,0,3,1278.28242432,649.87614208,0,0.0,0.9999994039535522,Rank+
ACTCCAGTAGCTCCAG-1,1,29,113,444,0,0,0,1620.4489318400001,772.31439872,1,0.0,3.563091684480564e-25,Rank-
ACTCCTATGTTCCTAC-1,1,53,19,445,0,0,2,324.90053632,1334.20915712,5,0.0,1.0,Rank+
ACTCCTGACCACTGAG-1,1,6,76,446,0,0,4,1117.33354496,218.4520704,2,0.0,0.999798595905304,Rank+
ACTCCTGCGGCAACCA-1,1,4,58,447,0,0,5,870.65536512,168.45582336,2,0.0,2.790762412829828e-13,Rank-
ACTCGAACGTTCGTTA-1,1,15,21,448,0,0,8,360.40838144,426.7697664,1,0.0,1.521021676664791e-11,Rank-
ACTCGATAAGACCAGG-1,1,11,29,449,0,0,0,471.060736,332.182272,1,0.0,2.986168372722711e-36,Rank-
ACTCGATTGATATCCA-1,1,22,68,450,0,0,2,1004.12882944,599.65468672,3,1.0,0.15484489500522614,Background
ACTCGTATTGTCAGAA-1,1,52,68,451,0,0,6,997.82299648,1316.26756096,1,0.0,2.9559671420858093e-19,Rank-
ACTCTAAGCTTGCGCC-1,1,34,90,452,0,0,6,1303.6558950400001,888.97230848,2,0.0,2.4301486112565195e-27,Rank-
ACTCTACTTCCGCATT-1,1,37,45,453,0,0,1,685.23384832,955.1835545600001,0,0.0,1.0,Rank+
ACTCTTGCGGAGAACC-1,1,62,72,454,0,0,4,1050.5968128,1555.66400512,2,0.0,0.0001283435703953728,Rank-
ACTGACGGCGAATAGT-1,1,46,36,455,0,0,1,559.79281408,1169.05638912,0,0.0,1.0,Rank+
ACTGACGTGATATTGG-1,1,49,95,456,0,0,4,1369.11644672,1247.87930112,0,0.0,1.0,Rank+
ACTGACTCTGCTGGCC-1,1,18,14,457,0,0,0,263.64387328,497.56024832,5,0.0,1.4866568119485773e-23,Rank-
ACTGACTGTCATCTAC-1,1,55,29,458,0,0,2,461.75212544,1383.22950144,3,0.0,0.0016024718061089516,Rank-
ACTGAGCAAGAACACG-1,1,0,26,459,0,0,8,432.17476608,68.98881536,4,0.0,1.0567018180612786e-12,Rank-
ACTGAGCGATTACTAA-1,1,74,64,460,0,0,1,938.2178611200001,1841.30322432,0,0.0,1.0,Rank+
ACTGAGCGCAACTCAT-1,1,59,47,461,0,0,4,708.05495808,1480.96991232,2,0.0,1.022845390252769e-05,Rank-
ACTGAGGATAGGCGCT-1,1,5,63,462,0,0,4,939.1186944,192.9284608,2,0.0,1.0644519221614246e-07,Rank-
ACTGATACAGAACGTC-1,1,75,57,463,0,0,1,841.9037696,1864.3495424,0,0.0,1.0,Rank+
ACTGATACCTTCACTA-1,1,74,48,464,0,0,7,718.56467968,1839.35141888,3,0.0,1.1911307495893197e-09,Rank-
ACTGATACTCCATTAC-1,1,7,57,465,0,0,4,856.31710208,239.99699968000002,2,0.0,6.143889663690061e-07,Rank-
ACTGATAGCACGGTCT-1,1,63,107,466,0,0,2,1530.89108992,1583.81504512,5,0.0,1.0,Rank+
ACTGATGTCCACTCGC-1,1,5,45,467,0,0,0,691.99009792,190.75144704000002,1,0.0,8.29896096454545e-31,Rank-
ACTGCAACTTCAGTCA-1,1,1,5,468,0,0,8,143.68290816,90.38360576,4,0.0,6.888928328407928e-05,Rank-
ACTGCAAGGCTTCTCG-1,1,9,9,469,0,0,8,196.90714112,281.96081664,4,0.0,7.1494309850095306e-06,Rank-
ACTGCATCTTGTTCCA-1,1,12,116,470,0,0,0,1665.26538752,366.63914496,4,0.0,1.2868663361587096e-06,Rank-
ACTGCCGTTGGTGAGC-1,1,45,1,471,0,0,6,79.49853696,1140.90534912,2,0.0,2.451804797869942e-14,Rank-
ACTGGTAAGGCCTCAG-1,1,66,38,472,0,0,2,582.9892710400001,1647.09858304,5,1.0,0.020101776346564293,Background
ACTGGTGATTCCGATC-1,1,23,19,473,0,0,4,331.20636928,617.59628288,2,1.0,0.9869310259819031,Background
ACTGGTTCTGAACGAT-1,1,25,27,474,0,0,11,440.6576128,666.31634944,0,0.0,0.9999840259552002,Rank+
ACTGTACAATTCTACT-1,1,19,31,475,0,0,6,496.80955392,523.53427456,2,0.0,8.754582614400874e-10,Rank-
ACTGTACATCCGATAC-1,1,38,8,476,0,0,12,177.08880896,974.5514700800001,0,0.0,1.0,Rank+
ACTGTAGACAAGGAAT-1,1,28,22,477,0,0,9,371.36851968,737.40710912,0,0.0,1.0,Rank+
ACTGTAGAGTGCCGGC-1,1,10,12,478,0,0,8,237.89505536000001,306.20824576,4,0.0,1.3063024620341146e-11,Rank-
ACTGTAGCAGCTTCTG-1,1,13,37,479,0,0,6,580.43691008,380.90233856000003,2,0.0,9.488862874693776e-14,Rank-
ACTGTATGATCCTCAT-1,1,69,91,480,0,0,2,1309.961728,1725.17080064,5,0.0,0.9999998807907104,Rank+
ACTGTATTCTAGTCCA-1,1,13,83,481,0,0,3,1211.9961088,386.45747712,0,0.0,1.0,Rank+
ACTTAAGCCAGTAGGA-1,1,62,56,482,0,0,0,830.94363136,1553.71219968,1,0.0,2.079001106082e-23,Rank-
ACTTGAAGCGAGCGGT-1,1,45,75,483,0,0,5,1095.41326848,1149.91368192,2,0.0,2.7421040537307135e-20,Rank-
ACTTGAATGTATTGGA-1,1,6,32,484,0,0,0,513.32483072,213.04707072,1,0.0,1.3317317561290624e-22,Rank-
ACTTGAATTAACTTAG-1,1,32,2,485,0,0,12,95.93874432,830.49321472,0,0.0,1.0,Rank+
ACTTGAATTAGCCGGT-1,1,17,5,486,0,0,0,140.30478336000002,472.5621248,4,0.0,7.267947694344912e-06,Rank-
ACTTGAGCACGAACAT-1,1,2,38,487,0,0,0,596.50177024,118.234368,4,0.0,9.225307726122654e-15,Rank-
ACTTGAGCCGTTCTTA-1,1,51,49,488,0,0,0,737.1819008,1290.0683264,1,0.0,6.625359984910588e-20,Rank-
AGAACAGGAGCATGGA-1,1,27,81,489,0,0,1,1181.5929856,720.666624,0,0.0,1.0,Rank+
AGAACTTCGATGCGTA-1,1,32,94,490,0,0,6,1358.98207232,841.67856128,2,0.0,6.453696226363224e-18,Rank-
AGAAGCAATGAGGAAC-1,1,74,66,491,0,0,1,965.69327616,1841.60350208,0,0.0,1.0,Rank+
AGAAGCAGCCTAAGCT-1,1,38,72,492,0,0,12,1055.70153472,982.35869184,3,0.0,0.9999825954437256,Rank+
AGAAGCGATGTTCTAA-1,1,46,122,493,0,0,3,1740.40989696,1179.49104128,0,1.0,0.03151898831129074,Background
AGAAGCTTGCCTCCGC-1,1,21,1,494,0,0,0,84.52818944,567.60003584,1,0.0,9.017963150052416e-23,Rank-
AGAAGGATGGTATGAA-1,1,23,87,495,0,0,3,1264.76992512,625.85392128,3,0.0,0.9999988079071045,Rank+
AGAAGGCGTAGAATAG-1,1,55,39,496,0,0,1,599.0541312,1384.43061248,0,0.0,1.0,Rank+
AGAAGTTAACCAGAGC-1,1,21,95,497,0,0,3,1375.0469324800001,579.01059072,3,0.0,1.0,Rank+
AGAAGTTGAGCGCAAG-1,1,20,64,498,0,0,3,949.628416,551.3850368,3,1.0,0.9802559614181519,Background
AGAATTCTGTTGACAA-1,1,16,32,499,0,0,5,511.2228864,451.99309824,2,0.0,1.9250906749777863e-13,Rank-
AGACAAGACGTATCGC-1,1,28,96,500,0,0,4,1387.2832512,746.41544192,2,1.0,0.024143502116203308,Background
AGACATCTTAGCACCT-1,1,56,78,501,0,0,4,1134.22416896,1413.03206912,0,0.0,0.9960928559303284,Rank+
AGACCGAACCGATGTC-1,1,42,4,502,0,0,0,121.31221504,1069.66445056,1,0.0,2.0153290591906625e-08,Rank-
AGACCGAAGACTACTC-1,1,4,54,503,0,0,6,815.77960448,168.00540672,2,0.0,4.420712638188238e-31,Rank-
AGACCGACCGCAGACA-1,1,41,71,504,0,0,0,1041.28820224,1053.89986816,1,0.0,2.90761002525964e-26,Rank-
AGACCGCCAAGTTCAA-1,1,12,114,505,0,0,0,1637.78997248,366.3388672,4,0.0,3.825548977395158e-29,Rank-
AGACCGCCGGCCAATG-1,1,53,49,506,0,0,6,736.73148416,1337.88755968,1,0.0,8.2821883978596e-26,Rank-
AGACCGGACTGTCCAT-1,1,63,91,507,0,0,7,1311.23790848,1581.86323968,3,0.0,5.200315872366801e-12,Rank-
AGACCGGAGCAACGCT-1,1,62,48,508,0,0,4,721.11704064,1552.7362969600001,2,0.0,0.0015406933380290866,Rank-
AGACCGGTATCCGTGG-1,1,63,95,509,0,0,2,1366.18873856,1582.31365632,3,0.0,0.9999996423721313,Rank+
AGACCGTCACTGAGCT-1,1,51,119,510,0,0,2,1698.14580224,1298.55117312,3,1.0,0.07394073158502579,Background
AGACCGTCATTAGTTA-1,1,29,41,511,0,0,9,632.00961536,763.60634368,3,0.0,0.0019405141938477755,Rank-
AGACCTATCCTTATAG-1,1,51,31,512,0,0,7,490.05330432,1287.89131264,3,0.0,7.992245798504882e-08,Rank-
AGACCTCAGCGAGGTG-1,1,47,13,513,0,0,7,243.82554112,1190.1509017600001,3,1.0,0.052938781678676605,Background
AGACCTGATAACAGTG-1,1,3,33,514,0,0,0,527.66309376,141.5058944,4,0.0,1.2364546903932398e-18,Rank-
AGACCTTCGCGTGAAC-1,1,58,32,515,0,0,7,502.28962304,1455.2210944,3,0.0,9.266937260957175e-13,Rank-
AGACGATGCTGATAAT-1,1,72,114,516,0,0,2,1625.1032371200001,1799.63968512,3,0.0,7.516219591163775e-11,Rank-
AGACGCGTGATGCATC-1,1,19,99,517,0,0,1,1430.37310976,531.71684352,0,0.0,1.0,Rank+
AGACGCTTGGCCTCAC-1,1,15,101,518,0,0,1,1458.67428864,436.45372416,0,0.0,1.0,Rank+
AGACGGCCTTACGGAG-1,1,40,54,519,0,0,4,808.1225216,1027.92584192,2,0.0,1.523183482496048e-16,Rank-
AGACGTAGGCGGACCG-1,1,36,102,520,0,0,0,1467.9828992,938.2178611200001,4,0.0,1.354238369224866e-20,Rank-
AGACGTTGCACCGCCA-1,1,2,110,521,0,0,13,1584.94108672,127.01749248,1,0.0,4.160455140580382e-42,Rank-
AGACTACGTGCTCCAT-1,1,68,94,522,0,0,2,1351.40005888,1701.67406592,5,0.0,0.9999934434890747,Rank+
AGACTCAGACAGATAA-1,1,45,11,523,0,0,11,216.72547328000002,1142.1815296,0,0.0,0.9999637603759766,Rank+
AGACTCATGACCTGGC-1,1,38,44,524,0,0,1,671.27093248,978.98056704,0,0.0,1.0,Rank+
AGACTCATTGCGGACA-1,1,42,68,525,0,0,0,999.9249408000001,1077.39660288,1,0.0,1.1519891598971217e-24,Rank-
AGACTCCGCTTCGTAT-1,1,38,116,526,0,0,4,1659.71024896,987.68862208,2,0.0,9.212799341185018e-07,Rank-
AGACTCCTGTATGGCG-1,1,47,63,527,0,0,0,930.26050048,1196.2315264000001,1,0.0,8.798951374097085e-31,Rank-
AGACTCCTTATCATAC-1,1,12,16,528,0,0,8,292.3954688,354.47789568,4,0.0,3.5019590427509684e-07,Rank-
AGACTCGACTCCTAAT-1,1,11,79,529,0,0,3,1157.4956953600001,338.1878272,0,0.0,1.0,Rank+
AGACTCTATTAGCGCT-1,1,18,104,530,0,0,4,1499.21178624,508.44531712,0,0.0,1.0,Rank+
AGACTGGAACCGTTGG-1,1,77,65,531,0,0,1,951.35501312,1913.1446784,0,0.0,1.0,Rank+
AGACTGGTAAGGAGGT-1,1,57,87,532,0,0,3,1257.56325888,1438.03019264,0,0.0,0.9999998807907104,Rank+
AGATAACCAATACGCC-1,1,61,81,533,0,0,1,1174.38631936,1532.84289536,0,0.0,1.0,Rank+
AGATAAGCCACTCATA-1,1,49,69,534,0,0,5,1012.16125952,1244.72638464,2,0.0,5.067927295946935e-16,Rank-
AGATAAGTGCTACGAC-1,1,17,115,535,0,0,6,1650.47670784,485.92448512,2,0.0,1.9503393123900823e-22,Rank-
AGATACATCTACGCAC-1,1,13,119,536,0,0,0,1706.17823232,390.88657408,4,0.0,0.9999898672103882,Rank+
AGATAGGTGAATTGCC-1,1,7,5,537,0,0,8,142.40672768,233.69116672,4,0.0,0.00041170581243932247,Rank-
AGATCAACTCGCTATG-1,1,52,4,538,0,0,2,119.21027072,1308.53540864,5,1.0,0.005590855609625578,Background
AGATCAGTCGATAGAA-1,1,49,53,539,0,0,0,792.50807808,1242.7745792,1,0.0,9.25002681600819e-19,Rank-
AGATCATTCACGCTGT-1,1,69,51,540,0,0,4,760.8287744,1720.29128704,0,0.0,1.0,Rank+
AGATCTAACGAGCTCA-1,1,72,74,541,0,0,3,1075.97028352,1794.76017152,0,0.0,1.0,Rank+
AGATCTAACGTAATGT-1,1,9,1,542,0,0,8,87.0805504,280.98491392,4,0.0,0.9985489249229431,Rank+
AGATCTCCGCCTTATT-1,1,45,31,543,0,0,7,491.3294848,1144.58375168,3,1.0,0.024981394410133362,Background
AGATGAGGCGCCTCCA-1,1,9,59,544,0,0,1,883.34210048,288.04144128,0,0.0,1.0,Rank+
AGATGCACGTAGGTGC-1,1,71,45,545,0,0,7,678.02718208,1767.35982592,3,0.0,0.9979414343833923,Rank+
AGATGCGGCTAGTGAC-1,1,1,11,546,0,0,8,226.03408384,91.05923072,4,0.0,3.233314657680175e-11,Rank-
AGATGCTCCGTCATCT-1,1,30,88,547,0,0,5,1277.00624384,793.1837030400001,2,1.0,0.007989566773176193,Background
AGATTGAGTTAGGAAC-1,1,32,84,548,0,0,5,1221.6800665600001,840.47745024,2,0.0,7.17477011136225e-09,Rank-
AGATTGCGCCTCGCTC-1,1,30,38,549,0,0,9,590.57128448,787.1030784,5,0.0,1.0,Rank+
AGCAATAACAATTCCA-1,1,8,76,550,0,0,1,1116.95819776,266.19623424,0,0.0,1.0,Rank+
AGCACCTCCAATCACG-1,1,68,112,551,0,0,2,1598.45358592,1703.85107968,3,0.0,0.0007828107918612659,Rank-
AGCACGAGATAACGGT-1,1,33,111,552,0,0,0,1592.14775296,867.65258752,4,0.0,6.487665222751349e-13,Rank-
AGCACGATACCTAAGC-1,1,11,49,553,0,0,5,745.66474752,334.58449408,2,0.0,7.201583773763787e-10,Rank-
AGCACGCTCGATCTAA-1,1,36,42,554,0,0,3,644.24593408,930.9361254400001,3,0.0,1.0,Rank+
AGCACGGAGGCAGTCA-1,1,17,67,555,0,0,3,991.4420940800001,480.0690688,3,1.0,0.9605258107185364,Background
AGCACGTGCACCTCTG-1,1,62,118,556,0,0,7,1682.15601152,1561.2191436800001,3,0.0,0.9973623156547546,Rank+
AGCACGTGCACTGTAA-1,1,32,4,557,0,0,12,123.41415936,830.79349248,0,0.0,1.0,Rank+
AGCACTCATACAGAAC-1,1,62,38,558,0,0,7,583.81503488,1551.53518592,3,0.0,0.0014213597169145942,Rank-
AGCACTGCATCCTAGC-1,1,11,89,559,0,0,1,1294.79770112,339.46400768,0,0.0,1.0,Rank+
AGCAGGATAGGTCTCC-1,1,11,125,560,0,0,10,1788.97982464,343.8180352,4,0.0,1.0,Rank+
AGCAGGTAAGTATCTG-1,1,16,50,561,0,0,1,758.27641344,454.170112,0,1.0,0.9442691802978516,Background
AGCAGGTGCAATGGTT-1,1,63,85,562,0,0,7,1228.8867328000001,1581.11254528,3,0.0,4.7135428758338094e-05,Rank-
AGCATAATTCCAGATA-1,1,8,38,563,0,0,0,595.22558976,261.6169984,1,0.0,2.2261585325577294e-23,Rank-
AGCATCCTGACAGCCG-1,1,5,69,564,0,0,4,1021.46987008,193.6791552,2,0.0,1.965726748043295e-10,Rank-
AGCATGAGCGAATATT-1,1,56,44,565,0,0,4,667.51746048,1408.90324992,0,0.0,0.9999958276748657,Rank+
AGCATGCACCGCGTCA-1,1,44,38,566,0,0,1,587.64357632,1121.5374336,0,0.0,0.9999463558197021,Rank+
AGCATTAGACGGATTG-1,1,8,46,567,0,0,5,705.0521804800001,262.51783168000003,2,0.0,1.5664275832934526e-18,Rank-
AGCCAGATACTCGAAC-1,1,15,89,568,0,0,3,1293.89686784,434.95233536,0,0.0,1.0,Rank+
AGCCAGATCAAGATTC-1,1,4,48,569,0,0,0,733.35335936,167.25471232,1,0.0,2.1081138966201463e-20,Rank-
AGCCAGCGGCAAGCGT-1,1,45,105,570,0,0,1,1507.24421632,1153.59208448,0,0.0,1.0,Rank+
AGCCAGCGTTACAGTC-1,1,35,125,571,0,0,10,1783.95017216,917.12334848,2,1.0,0.2020251452922821,Background
AGCCATCCGTCAACTC-1,1,41,121,572,0,0,1,1727.7231616000001,1059.9804928,0,0.0,1.0,Rank+
AGCCGACCGATGTACA-1,1,4,116,573,0,0,13,1666.9169152,175.51235072,1,0.0,1.273495797704527e-08,Rank-
AGCCGATGTTCTACTC-1,1,55,93,574,0,0,1,1340.3648512,1390.96165376,0,0.0,1.0,Rank+
AGCCGGCCTATTCCAG-1,1,46,62,575,0,0,0,916.67293184,1172.2093056,1,0.0,5.423118551450834e-13,Rank-
AGCCGTAGACTCTGAA-1,1,74,52,576,0,0,3,773.51550976,1839.87690496,0,0.0,1.0,Rank+
AGCCGTAGTGGAGTGC-1,1,59,61,577,0,0,0,900.23272448,1482.6214400000001,1,0.0,9.939711500733298e-25,Rank-
AGCCGTATCTTCGTCT-1,1,21,53,578,0,0,3,798.43856384,573.98093824,0,1.0,0.99165278673172,Background
AGCCGTATTCAACCGT-1,1,47,105,579,0,0,3,1506.7937996800001,1201.33624832,0,0.0,1.0,Rank+
AGCCGTTGCATCCTAG-1,1,19,5,580,0,0,0,139.85436672,520.30628864,5,0.0,5.1833476475814794e-14,Rank-
AGCCTACGGTGACCAA-1,1,71,75,581,0,0,3,1089.9331993600001,1771.03822848,0,0.0,1.0,Rank+
AGCCTCCGAACTACCA-1,1,24,64,582,0,0,2,948.80265216,646.94843392,3,1.0,0.1317008137702942,Background
AGCCTCGCATGGTCCT-1,1,50,102,583,0,0,3,1464.9801216,1272.65221632,0,0.0,1.0,Rank+
AGCCTCTATGCAGCAA-1,1,19,103,584,0,0,1,1485.2488704,532.2423296000001,0,0.0,1.0,Rank+
AGCCTCTGTTCCGATG-1,1,6,10,585,0,0,8,211.24540416,210.41964032,4,0.0,1.0,Rank+
AGCGACAGCTACATCG-1,1,55,117,586,0,0,2,1669.84462336,1393.88936192,3,0.0,3.610787473462551e-07,Rank-
AGCGACATCCTTCTAA-1,1,74,92,587,0,0,2,1322.64846336,1844.75641856,5,0.0,0.00027273697196505964,Rank-
AGCGACATTCGATCTG-1,1,68,90,588,0,0,2,1296.4492288000001,1701.1485798400001,3,0.0,0.9999996423721313,Rank+
AGCGACCGTTCTATAC-1,1,15,97,589,0,0,1,1403.72345856,435.92823808,0,0.0,1.0,Rank+
AGCGACTATGTATCTT-1,1,65,41,590,0,0,7,624.42760192,1623.52677888,3,0.0,1.4012563269716338e-06,Rank-
AGCGAGAACAGATTCT-1,1,33,59,591,0,0,1,878.23737856,861.34675456,0,0.0,0.9999336004257202,Rank+
AGCGAGGAACTGGTCC-1,1,51,37,592,0,0,1,572.40448,1288.64200704,0,0.0,1.0,Rank+
AGCGCAGATGAGGTGC-1,1,8,2,593,0,0,8,101.04346624,257.18790144,4,0.0,4.343630732872583e-10,Rank-
AGCGCATCGTGGTCGA-1,1,69,79,594,0,0,7,1145.25937664,1723.74448128,0,0.0,1.0,Rank+
AGCGGAATGTCGCTGT-1,1,30,34,595,0,0,2,535.69552384,786.65266176,5,0.0,1.0,Rank+
AGCGGATCGCGGACAG-1,1,77,77,596,0,0,1,1116.05736448,1914.57099776,0,0.0,1.0,Rank+
AGCGGTGAGTGACATG-1,1,44,66,597,0,0,0,972.0741785600001,1124.9155584,1,0.0,1.330005992655953e-29,Rank-
AGCGGTGCACCAAGCC-1,1,77,95,598,0,0,2,1363.18596096,1916.74801152,3,0.0,2.0368151609773122e-08,Rank-
AGCGGTTAATCGAAGT-1,1,11,77,599,0,0,3,1130.02028032,337.96261888,0,0.0,1.0,Rank+
AGCGGTTACAATACGC-1,1,44,114,600,0,0,3,1631.03372288,1130.77097472,0,0.0,1.0,Rank+
AGCGGTTAGACTCGCC-1,1,52,36,601,0,0,1,558.5166336,1312.36395008,0,0.0,1.0,Rank+
AGCGTGCCTGTATGCC-1,1,10,8,602,0,0,8,182.94422528,305.68275968,4,0.0,1.5746605868116603e-06,Rank-
AGCGTGCGCCTGATCG-1,1,24,74,603,0,0,7,1086.10465792,648.14954496,5,0.0,0.9999998807907104,Rank+
AGCGTGCTTCGCTCAT-1,1,45,47,604,0,0,5,710.98266624,1146.53555712,2,0.0,2.96734477267524e-11,Rank-
AGCGTGGCACCGACAA-1,1,45,79,605,0,0,5,1150.2890291200001,1150.439168,2,0.0,3.3325046501294793e-22,Rank-
AGCGTGTATGTACGGT-1,1,17,91,606,0,0,7,1320.99693568,482.99677696000003,3,0.0,0.9999997615814209,Rank+
AGCGTTACAGTCCTGG-1,1,17,15,607,0,0,6,277.60678912000003,473.76323584,4,0.0,7.825036618669401e-09,Rank-
AGCGTTATACCTGTTG-1,1,44,48,608,0,0,6,724.94558208,1122.73854464,2,0.0,4.41137654183521e-10,Rank-
AGCGTTGGCTCACGAT-1,1,55,13,609,0,0,2,242.09894400000002,1381.277696,5,1.0,0.7915214896202087,Background
AGCTACCAGCGTTACT-1,1,40,116,610,0,0,1,1659.33490176,1035.43278592,0,0.0,1.0,Rank+
AGCTAGCGTACAGTAA-1,1,30,112,611,0,0,0,1606.486016,796.1114112,1,0.0,1.7175421930995863e-21,Rank-
AGCTATAAGTCCAGCA-1,1,36,14,612,0,0,11,259.81533184,927.55800064,0,0.0,1.0,Rank+
AGCTATAGAATAGTCT-1,1,51,17,613,0,0,2,297.87553792,1286.23978496,3,0.0,0.0004684062150772661,Rank-
AGCTCAACATCGTCCG-1,1,44,14,614,0,0,11,258.16380416,1118.60972544,3,1.0,0.04877769201993942,Background
AGCTCACTATGCAGTT-1,1,70,84,615,0,0,2,1213.64763648,1748.21711872,3,0.0,0.00040035738493315876,Rank-
AGCTCGACAGGCGATA-1,1,57,69,616,0,0,6,1010.50973184,1435.85317888,2,0.0,1.6151094350824735e-11,Rank-
AGCTCGCATTAGGATT-1,1,40,120,617,0,0,11,1714.2106624,1035.958272,0,0.0,0.9997707009315491,Rank+
AGCTGACGTAACGCTG-1,1,22,38,618,0,0,1,592.2978816,595.97628416,0,0.0,1.0,Rank+
AGCTGTACGCTGACTC-1,1,12,90,619,0,0,1,1308.31020032,363.41115904000003,0,0.0,1.0,Rank+
AGCTGTCCAGATGCTA-1,1,28,114,620,0,0,0,1634.41184768,748.5924556800001,1,0.0,5.438195539653311e-22,Rank-
AGCTGTTCCGGTGATT-1,1,61,73,621,0,0,4,1064.55972864,1531.86699264,2,1.0,0.8033236265182495,Background
AGCTGTTGAAGGCCTT-1,1,72,50,622,0,0,1,746.49051136,1791.83246336,0,0.0,1.0,Rank+
AGCTTGAGTCAGGCCG-1,1,50,50,623,0,0,0,751.14481664,1266.3463833600001,1,0.0,1.0794658526202994e-21,Rank-
AGCTTGGATGCAAGCC-1,1,17,17,624,0,0,0,305.08220416,473.98844416000003,4,0.0,3.931873288820498e-05,Rank-
AGGAATTACGGTGACG-1,1,61,69,625,0,0,6,1009.6088985600001,1531.416576,2,0.0,4.6949917918117696e-17,Rank-
AGGACCAGTAACCTAA-1,1,26,18,626,0,0,9,316.86810624000003,689.1374592,0,1.0,0.3351592719554901,Background
AGGACCAGTGCGCCAG-1,1,52,110,627,0,0,2,1574.43136512,1321.37228288,3,0.0,4.340529994806275e-05,Rank-
AGGACCGCAATAGTTA-1,1,37,17,628,0,0,11,300.80324608,951.80542976,3,1.0,0.26430606842041016,Background
AGGACCTGTACCATTC-1,1,40,32,629,0,0,2,506.11816448,1025.29841152,3,1.0,0.9950659275054932,Background
AGGACGAAGCCTCCTT-1,1,21,15,630,0,0,6,276.78102528,569.32663296,3,0.0,0.00048379928921349347,Rank-
AGGACGAATGCTTCAA-1,1,41,103,631,0,0,5,1480.66963456,1057.80347904,2,0.0,4.311608847729076e-07,Rank-
AGGACGTATCGCCGTA-1,1,43,93,632,0,0,5,1342.91721216,1104.3465318400001,2,0.0,2.864626125285291e-13,Rank-
AGGACGTCGGCACGAA-1,1,34,68,633,0,0,4,1001.57646848,886.2698086400001,0,1.0,0.6905588507652283,Background
AGGACTAGGACCGCAG-1,1,20,82,634,0,0,10,1196.75701248,553.56205056,5,1.0,0.3168110251426697,Background
AGGACTGAAGTGCCTT-1,1,57,95,635,0,0,3,1367.3898496,1439.00609536,0,0.0,1.0,Rank+
AGGACTGGATGAAGAC-1,1,22,66,636,0,0,2,976.6534144,599.4294784,3,0.0,0.9999995231628418,Rank+
AGGAGCAGCGTTAATA-1,1,7,67,637,0,0,1,993.61910784,241.19811072000002,0,0.0,0.9966298937797546,Rank+
AGGAGCATAATCCACT-1,1,48,90,638,0,0,4,1300.65311744,1223.40666368,2,0.0,3.0800345030002063e-07,Rank-
AGGAGCATCACTCAGC-1,1,26,12,639,0,0,9,234.51693056,688.3867648,0,0.0,1.0,Rank+
AGGAGCATCTTAACTC-1,1,73,79,640,0,0,2,1144.35854336,1819.23280896,3,0.0,1.1757508744381084e-08,Rank-
AGGAGCCGCTGAGTAG-1,1,64,66,641,0,0,5,967.79522048,1602.65747456,2,0.0,3.441303289664355e-17,Rank-
AGGAGCCTCGAACGTT-1,1,68,46,642,0,0,3,692.36544512,1695.8186496,0,0.0,1.0,Rank+
AGGAGCGAATGCGTTA-1,1,7,9,643,0,0,0,197.35755776,234.14158336,4,0.0,0.9999885559082031,Rank+
AGGAGTACAGTGCATA-1,1,6,40,644,0,0,0,623.15142144,214.02297344000002,1,0.0,3.0047358779696984e-14,Rank-
AGGATAACCGGTCGGA-1,1,48,74,645,0,0,5,1080.999936,1221.45485824,2,0.0,6.544219333104451e-11,Rank-
AGGATACCTCCGAGCG-1,1,8,52,646,0,0,5,787.4784256,263.26852608,2,0.0,7.419823219376176e-13,Rank-
AGGATAGGCTCAGTTG-1,1,54,114,647,0,0,2,1628.93177856,1369.6419328,3,0.0,1.0,Rank+
AGGATATCGCGAATAC-1,1,52,86,648,0,0,4,1244.95159296,1318.44457472,0,0.0,1.0,Rank+
AGGATCAACATTCGTT-1,1,24,106,649,0,0,4,1525.4110208,652.05315584,2,0.0,0.9999316930770874,Rank+
AGGATCCGCTCGGTGC-1,1,77,127,650,0,0,4,1802.49232384,1920.6516224,2,0.0,4.120244057048694e-08,Rank-
AGGATCCGTAAGTAAT-1,1,1,3,651,0,0,8,116.20749312,90.083328,4,0.0,5.400153213486192e-09,Rank-
AGGATCCGTGAGGCGG-1,1,42,110,652,0,0,1,1576.53330944,1082.5013248,0,0.0,1.0,Rank+
AGGATCGAGCACCGCC-1,1,38,126,653,0,0,10,1797.01225472,988.88973312,2,0.0,1.0,Rank+
AGGATGCTCGACAGTC-1,1,76,56,654,0,0,3,828.0159232,1888.14655488,0,0.0,1.0,Rank+
AGGATTCCTTGCTGCG-1,1,73,51,655,0,0,3,760.00301056,1815.85468416,0,0.0,0.9999998807907104,Rank+
AGGATTCTACGCCTAG-1,1,43,99,656,0,0,5,1425.26838784,1105.0221568,2,0.0,3.428459081078472e-07,Rank-
AGGCAACAGCGTTCGC-1,1,67,127,657,0,0,10,1804.59426816,1681.78066432,0,0.0,1.0,Rank+
AGGCAACAGTCTGGTT-1,1,77,113,658,0,0,2,1610.31455744,1918.92502528,5,0.0,1.5481911308512508e-09,Rank-
AGGCAACTAGCGTACC-1,1,51,59,659,0,0,0,874.48390656,1291.26943744,1,0.0,2.9485022506478245e-18,Rank-
AGGCAATGTCAGCTGG-1,1,59,37,660,0,0,3,570.75295232,1479.76880128,0,0.0,0.9998619556427002,Rank+
AGGCATTAAGTCTGGC-1,1,31,53,661,0,0,7,796.33661952,812.85189632,3,0.0,1.5387162030644497e-11,Rank-
AGGCATTACTATAGTA-1,1,34,78,662,0,0,6,1138.87847424,887.5459891200001,2,0.0,0.00045688264071941376,Rank-
AGGCCGCAGAATAACG-1,1,27,103,663,0,0,5,1483.59734272,723.36912384,2,0.0,2.5152653293503136e-08,Rank-
AGGCCTGTCTAGTGGC-1,1,16,92,664,0,0,3,1334.88478208,459.27483392,3,0.0,1.0,Rank+
AGGCCTTGTCGTTGAT-1,1,75,99,665,0,0,3,1418.51213824,1869.45426432,5,0.0,1.0,Rank+
AGGCGATTCCACTTCT-1,1,8,78,666,0,0,1,1144.35854336,266.42144256,0,0.0,1.0,Rank+
AGGCTGCAGCTCAGGC-1,1,41,35,667,0,0,12,547.10607872,1049.54584064,0,0.0,1.0,Rank+
AGGCTTAACCGATTGT-1,1,41,7,668,0,0,0,162.67547648000001,1046.0926464,1,0.0,1.2653641939752221e-21,Rank-
AGGTACAGCTATGATA-1,1,19,27,669,0,0,6,441.93379328000003,523.00878848,2,0.0,4.832643989572793e-15,Rank-
AGGTACCAGACGCCAG-1,1,21,9,670,0,0,12,194.35478016,568.57593856,1,0.0,2.128744736040744e-09,Rank-
AGGTACTCTGCCACCG-1,1,73,81,671,0,0,2,1171.8339584,1819.53308672,3,0.0,1.4923018170520663e-05,Rank-
AGGTCTCACGCCAATA-1,1,37,13,672,0,0,12,245.92748544,951.27994368,0,0.0,1.0,Rank+
AGGTCTTCCATCGCCG-1,1,44,52,673,0,0,6,779.82134272,1123.26403072,2,1.0,0.008496355265378952,Background
AGGTGAAGTGACGACT-1,1,28,88,674,0,0,4,1277.45666048,745.4395392,0,0.0,0.9999998807907104,Rank+
AGGTGAATCCACAACC-1,1,70,46,675,0,0,3,691.99009792,1743.5628134400001,0,1.0,0.977955162525177,Background
AGGTGAGCAATGTCTT-1,1,48,44,676,0,0,5,669.16898816,1217.85152512,2,0.0,1.7702025097637375e-16,Rank-
AGGTGAGGTAGAATAC-1,1,63,105,677,0,0,2,1503.41567488,1583.51476736,3,1.0,0.04142606630921364,Background
AGGTGATTGGCGGTAT-1,1,54,44,678,0,0,4,667.89280768,1361.15908608,2,0.0,2.3260263333213516e-06,Rank-
AGGTGGACTTGCCACC-1,1,19,1,679,0,0,0,84.97860608,519.855872,5,0.0,1.6123151872307097e-14,Rank-
AGGTGGCACTTGTCAG-1,1,53,7,680,0,0,2,160.12311552,1332.7828377600001,5,0.0,1.0,Rank+
AGGTGGCTGTCGCCAA-1,1,34,116,681,0,0,6,1660.61108224,892.12522496,1,0.0,2.7985957639757187e-22,Rank-
AGGTTACATTCCACGC-1,1,68,64,682,0,0,4,939.4940416000001,1697.99566336,2,0.0,3.668047838800703e-07,Rank-
AGGTTAGTGGCCATAG-1,1,24,104,683,0,0,4,1497.93560576,651.8279475200001,2,0.0,1.0,Rank+
AGGTTCCACGCCGAAG-1,1,44,16,684,0,0,11,285.6392192,1118.83493376,3,0.0,0.0008273499552160501,Rank-
AGGTTGAGTAGGAGAT-1,1,44,32,685,0,0,3,505.29240064,1120.7867392,0,0.0,1.0,Rank+
AGTAACCGCAGGTCAA-1,1,22,116,686,0,0,6,1663.08837376,605.51010304,2,0.0,6.630975235566439e-08,Rank-
AGTAAGCTCGGCCAAT-1,1,46,82,687,0,0,5,1191.2769433600001,1174.68659712,2,0.0,5.428050023348341e-11,Rank-
AGTACATATGTAGGAA-1,1,11,35,688,0,0,0,553.41191168,332.85789696,1,0.0,1.2007778877887176e-06,Rank-
AGTACCGAACCGCAAT-1,1,57,119,689,0,0,7,1696.9446912,1441.93380352,3,0.0,0.9998629093170166,Rank+
AGTACCGTTGTACGCC-1,1,26,70,690,0,0,3,1030.77848064,695.44329216,3,0.0,0.9999998807907104,Rank+
AGTAGACAGATAACGG-1,1,5,77,691,0,0,5,1131.2964608,194.65505792,2,0.0,4.57657674778067e-13,Rank-
AGTAGACAGTAAGGAG-1,1,38,54,692,0,0,4,808.57293824,980.18167808,2,0.0,0.9997250437736511,Rank+
AGTAGAGCATGGACGT-1,1,33,49,693,0,0,3,741.01044224,860.14564352,3,0.0,0.0009398596594110131,Rank-
AGTAGAGTGCCGAATG-1,1,73,113,694,0,0,2,1611.14032128,1823.36162816,5,0.0,2.199086746035306e-11,Rank-
AGTATTCAGCTGAATG-1,1,48,80,695,0,0,5,1163.42618112,1222.20555264,2,0.0,1.197982783196494e-05,Rank-
AGTATTCGTCGGTATC-1,1,23,55,696,0,0,3,825.46356224,621.9503104,3,0.0,0.9999990463256836,Rank+
AGTATTGGTATGTCTA-1,1,29,115,697,0,0,0,1647.92434688,772.53960704,4,0.0,1.2375803574754714e-14,Rank-
AGTCACCATACCTCCA-1,1,76,120,698,0,0,3,1706.62864896,1895.8787072,0,0.0,1.0,Rank+
AGTCACTTATTCAAGG-1,1,48,28,699,0,0,2,449.51580672,1215.89971968,3,0.0,3.76734703877446e-07,Rank-
AGTCGCAGGAACGAGT-1,1,30,0,700,0,0,0,68.91374592,782.52384256,1,0.0,1.3009712444567991e-15,Rank-
AGTCGCCACTCGGCGA-1,1,42,62,701,0,0,0,917.57376512,1076.6459084800001,1,0.0,4.309688043109006e-29,Rank-
AGTCGGACCGTGCTTA-1,1,29,73,702,0,0,1,1071.31597824,767.50995456,0,0.0,0.9999994039535522,Rank+
AGTCGGTCTAATCTGT-1,1,44,62,703,0,0,0,917.12334848,1124.46514176,1,0.0,1.876826172519941e-05,Rank-
AGTCGGTTATACATAG-1,1,29,23,704,0,0,9,384.88101888,761.42932992,3,1.0,0.609479546546936,Background
AGTCGGTTGGTTGGCG-1,1,18,22,705,0,0,0,373.470464,498.53615104,1,0.0,1.9472575385169846e-26,Rank-
AGTCGTTGCCGCCAAC-1,1,7,7,706,0,0,8,169.88214272,233.91637504,4,1.0,0.02127397432923317,Background
AGTCGTTGCCTTACCT-1,1,67,61,707,0,0,6,898.50612736,1673.74823424,2,0.0,2.7344542290061924e-15,Rank-
AGTCTAGGATTGTCAC-1,1,27,13,708,0,0,9,248.02942976,712.4089856,0,0.0,1.0,Rank+
AGTGAGTATTCTAAGT-1,1,39,75,709,0,0,0,1096.68944896,1006.60612096,1,0.0,2.1533225676574827e-18,Rank-
AGTGCAATAACTAACA-1,1,54,74,710,0,0,5,1079.72375552,1364.7624192,2,0.0,1.8882665613409455e-13,Rank-
AGTGCAGCTTCATCGG-1,1,77,63,711,0,0,1,923.87959808,1912.84440064,0,0.0,1.0,Rank+
AGTGCCAGATGCTCTG-1,1,36,80,712,0,0,6,1165.90347264,935.51536128,2,0.0,2.2092776881861436e-26,Rank-
AGTGCGCAACATGCGT-1,1,49,65,713,0,0,0,957.28549888,1244.275968,1,0.0,3.9617600371268e-18,Rank-
AGTGCTTCGCGGACGC-1,1,7,15,714,0,0,8,279.70873344,234.89227776,4,0.0,0.0038526542484760284,Rank-
AGTGGTATGTCCAAGT-1,1,20,42,715,0,0,1,647.62405888,548.7576064,0,0.0,1.0,Rank+
AGTGTAAGCCGAACAA-1,1,10,120,716,0,0,0,1720.5915648,319.34539776,4,0.0,3.589746121884785e-12,Rank-
AGTGTAAGTCCATACA-1,1,25,127,717,0,0,0,1813.5275315200001,678.4775987200001,4,0.0,1.0,Rank+
AGTGTACCTCTGTATG-1,1,34,114,718,0,0,0,1633.1356672,891.90001664,1,0.0,1.0902222050482302e-12,Rank-
AGTGTAGCTCTTATCT-1,1,9,105,719,0,0,6,1514.82622976,293.59657984,1,0.0,3.460951610042405e-36,Rank-
AGTGTATGCGCTGCCT-1,1,0,118,720,0,0,13,1695.2180940800001,80.17416192,1,0.0,1.1010797831426903e-21,Rank-
AGTGTCATGGTTGTGG-1,1,60,78,721,0,0,1,1133.39840512,1508.59546624,0,0.0,1.0,Rank+
AGTGTCGTGGCATGTT-1,1,50,114,722,0,0,2,1629.7575424,1274.07853568,3,0.0,2.688314850729512e-07,Rank-
AGTGTCTAGGCTAATA-1,1,22,80,723,0,0,10,1168.90625024,601.0810060800001,5,0.0,0.9999998807907104,Rank+
AGTGTCTGAACTGTGG-1,1,13,23,724,0,0,8,388.25914368,379.17574144,1,0.0,8.117575141089612e-24,Rank-
AGTGTCTTAAGCTTGT-1,1,22,22,725,0,0,4,372.64470016,594.09954816,2,0.0,9.25335319876448e-17,Rank-
AGTGTTCGAGGATGAA-1,1,63,93,726,0,0,2,1338.7133235200001,1582.088448,3,0.0,3.2632268415211385e-11,Rank-
AGTTAACGAGCCACTC-1,1,50,118,727,0,0,2,1684.63330304,1274.60402176,3,1.0,0.514398992061615,Background
AGTTAAGACTGGCTCC-1,1,49,45,728,0,0,5,682.68148736,1241.79867648,2,1.0,0.18700790405273438,Background
AGTTAAGGTAGATACT-1,1,2,118,729,0,0,13,1694.76767744,127.99339520000001,1,0.0,7.661427924447006e-36,Rank-
AGTTACCTCACCAGCA-1,1,53,77,730,0,0,5,1121.1620864,1341.2656844800001,2,0.0,7.534811108378392e-10,Rank-
AGTTAGAAGGACGAAT-1,1,12,78,731,0,0,3,1143.53277952,361.98483968,0,0.0,1.0,Rank+
AGTTATCCTGAACGAA-1,1,32,54,732,0,0,3,809.84911872,836.7990476800001,3,0.0,0.9998852014541626,Rank+
AGTTCAGTTCATACAT-1,1,29,127,733,0,0,10,1812.62669824,774.04099584,4,0.0,1.0,Rank+
AGTTCGGCACATACGG-1,1,22,82,734,0,0,10,1196.38166528,601.38128384,5,0.0,0.003761233761906624,Rank-
AGTTCGTCTAGTGCAG-1,1,49,27,735,0,0,2,435.55289088,1239.6216627200001,3,1.0,0.22629643976688385,Background
AGTTCGTGCAGACCTT-1,1,42,92,736,0,0,6,1329.40471296,1080.32431104,2,0.0,0.00011665696365525946,Rank-
AGTTCGTGCATGTCGA-1,1,37,115,737,0,0,5,1646.19774976,963.6664012800001,2,0.0,7.749715582802685e-13,Rank-
AGTTGGAAGAGTATTG-1,1,65,121,738,0,0,3,1722.69350912,1633.28580608,0,0.0,1.0,Rank+
AGTTGGACGTTGGTAT-1,1,27,127,739,0,0,10,1813.07711488,726.22176256,4,1.0,0.3069884479045868,Background
AGTTGGCAACGTTGTC-1,1,62,108,740,0,0,2,1544.85400576,1560.01803264,5,0.0,0.9999926090240479,Rank+
AGTTGGCACCAGTTAC-1,1,52,60,741,0,0,0,887.99640576,1315.29165824,1,0.0,2.1710526477126283e-21,Rank-
AGTTGTACTTAATGGA-1,1,36,60,742,0,0,4,891.37453056,933.1131392,0,0.0,0.9999798536300659,Rank+
AGTTGTCCACAGACCA-1,1,29,45,743,0,0,9,686.8853760000001,764.05676032,3,1.0,0.5765584111213684,Background
ATAACCTAGAACCTGC-1,1,33,57,744,0,0,1,850.83703296,861.0464768,0,0.0,1.0,Rank+
ATAACGGCAAGACTCC-1,1,11,101,745,0,0,4,1459.50005248,340.89032704,2,0.0,5.044883399918376e-10,Rank-
ATAACTGAACTCCTGG-1,1,12,106,746,0,0,5,1527.96338176,365.36296448,2,1.0,0.0189190786331892,Background
ATAAGAATCATGCATC-1,1,45,109,747,0,0,3,1562.1950464000001,1154.04250112,0,0.0,0.9999992847442627,Rank+
ATAAGACCAATCGCGG-1,1,26,100,748,0,0,4,1442.6094284800001,699.12169472,0,0.0,0.9999947547912598,Rank+
ATAAGGAATAGAACAT-1,1,35,101,749,0,0,0,1454.4704,914.19564032,1,0.0,1.6993965053242177e-23,Rank-
ATAAGGAGCCGTGATG-1,1,7,3,750,0,0,8,114.93131264,233.4659584,4,0.0,3.6169688570253833e-16,Rank-
ATAAGGCGGACAAGTT-1,1,21,21,751,0,0,6,359.13220096,570.07732736,2,0.0,1.2408558802690095e-07,Rank-
ATAAGGTTAGCTCACG-1,1,13,123,752,0,0,0,1761.1290624,391.33699072,4,0.0,6.936489376719334e-27,Rank-
ATAAGTACCACGAGTT-1,1,41,101,753,0,0,5,1453.19421952,1057.50320128,2,0.0,4.763429024023935e-05,Rank-
ATAATCCGTTCCGTTC-1,1,18,108,754,0,0,4,1554.16261632,508.97080320000003,2,0.0,0.0012094952398911119,Rank-
ATAATCGTAGTTATTC-1,1,28,12,755,0,0,9,234.06651392,736.20599808,0,0.0,2.2620542938778243e-10,Rank-
ATAATTAGTTCTACGG-1,1,62,52,756,0,0,6,776.06787072,1553.1867136,2,0.0,2.0367747632232006e-17,Rank-
ATAATTATCGACCACG-1,1,20,4,757,0,0,0,125.96652032,544.10330112,1,0.0,5.485576908643339e-29,Rank-
ATAATTCTCCGGTCGG-1,1,77,93,758,0,0,2,1335.71054592,1916.5228032,3,0.0,1.656007145647842e-12,Rank-
ATACAAGGTCAGTAGA-1,1,45,85,759,0,0,5,1232.6402048,1151.11479296,2,0.0,4.565520184129923e-10,Rank-
ATACAATTGCGGTATT-1,1,45,99,760,0,0,4,1424.89304064,1152.84139008,2,1.0,0.217666357755661,Background
ATACATCAAGGATTGC-1,1,42,60,761,0,0,0,890.09835008,1076.42070016,1,0.0,3.1297497594033217e-30,Rank-
ATACATCACGCCTTCT-1,1,47,41,762,0,0,4,628.18107392,1193.604096,2,0.0,0.9992467164993286,Rank+
ATACATCACTGTCCGG-1,1,13,81,763,0,0,3,1184.52069376,386.2322688,0,0.0,1.0,Rank+
ATACATCATGCACCAA-1,1,31,115,764,0,0,0,1647.47393024,820.35884032,4,0.0,1.2355408037824367e-13,Rank-
ATACATGCATGATCTG-1,1,4,14,765,0,0,8,266.57158144,163.12589312,4,0.0,2.0951435431015852e-07,Rank-
ATACATGCTGGTGCAG-1,1,3,19,766,0,0,8,335.48532736,139.85436672,4,0.0,1.649051728502826e-11,Rank-
ATACCATAGCCAATCG-1,1,57,3,767,0,0,2,104.42159104,1427.8207488,3,0.0,3.8230729346167e-12,Rank-
ATACCGTTCCAGTCCA-1,1,44,120,768,0,0,3,1713.38489856,1131.52166912,0,1.0,0.9952740669250488,Background
ATACGACATCTAGACC-1,1,65,75,769,0,0,1,1091.1343104,1627.6555980800001,0,0.0,1.0,Rank+
ATACGCGGTGAAGCCG-1,1,40,126,770,0,0,10,1796.63690752,1036.7089664,2,0.0,1.0,Rank+
ATACGCTGAGATCAGA-1,1,38,64,771,0,0,6,945.874944,981.38278912,2,0.0,4.2196425411205213e-23,Rank-
ATACGGCACGTTACGA-1,1,11,33,772,0,0,0,525.93649664,332.63268864,1,0.0,2.8289381942897776e-23,Rank-
ATACGGCGACTGGTCT-1,1,45,37,773,0,0,1,573.68066048,1145.33444608,0,0.0,1.0,Rank+
ATACTAGCCACTTCGC-1,1,56,86,774,0,0,1,1244.05075968,1414.00797184,0,0.0,0.9999998807907104,Rank+
ATACTAGCCATTAGTT-1,1,23,51,775,0,0,9,770.5878016,621.49989376,0,0.0,1.0,Rank+
ATACTAGTAACTGAGT-1,1,35,115,776,0,0,5,1646.6481664,915.92223744,2,0.0,4.9908588373170915e-09,Rank-
ATACTATCAACTTGTA-1,1,35,5,777,0,0,12,136.47624192,902.55987712,0,1.0,0.08621975034475327,Background
ATACTATCCGAACATA-1,1,39,127,778,0,0,10,1810.52475392,1012.91195392,2,0.0,1.0,Rank+
ATACTATGCCAGTGAG-1,1,17,125,779,0,0,0,1787.70364416,487.12559616,4,0.0,6.1678882487536946e-12,Rank-
ATACTCGTCCAACTGC-1,1,2,24,780,0,0,8,404.32400384,116.58284032,4,0.0,0.002902394626289606,Rank-
ATACTGACTTCGGCAC-1,1,64,46,781,0,0,1,693.2662784,1600.25525248,0,0.0,1.0,Rank+
ATACTGGACCACAGCC-1,1,8,54,782,0,0,5,814.8787712,263.4937344,2,0.0,1.3061292770000926e-13,Rank-
ATACTGGAGGATAACG-1,1,26,54,783,0,0,2,811.1252992,693.49148672,3,0.0,0.9994369149208069,Rank+
ATAGAACCTCTACCGA-1,1,21,107,784,0,0,4,1539.74928384,580.51197952,0,1.0,0.03975792974233627,Background
ATAGAACGTTCGATCT-1,1,18,44,785,0,0,1,675.47482112,501.16358144000003,2,0.0,1.0,Rank+
ATAGAAGGAGCAGTAG-1,1,7,25,786,0,0,0,417.0107392,236.0933888,4,0.0,6.38209910331492e-29,Rank-
ATAGAATTCTACTTGA-1,1,10,116,787,0,0,0,1665.64073472,318.81991168,4,0.0,3.150050415180923e-16,Rank-
ATAGAATTCTAGGCCG-1,1,20,26,788,0,0,6,427.97087744,546.80580096,2,0.0,5.94773796186443e-14,Rank-
ATAGACATGGCTATGG-1,1,36,46,789,0,0,1,699.19676416,931.38654208,0,0.0,1.0,Rank+
ATAGATCGGCATCCGA-1,1,17,127,790,0,0,6,1815.1790592,487.35080448,4,1.0,0.9228938817977905,Background
ATAGATGCCTAAGCAC-1,1,43,81,791,0,0,6,1178.2148608,1102.84514304,1,0.0,0.9992172718048096,Rank+
ATAGATTGAGTTCGAG-1,1,29,43,792,0,0,9,659.4850304,763.831552,3,1.0,0.8946234583854675,Background
ATAGCACCTGCTGTCT-1,1,21,93,793,0,0,3,1347.57151744,578.7853824,3,0.0,0.9999098777770996,Rank+
ATAGCGGCGAGTAATT-1,1,45,119,794,0,0,7,1699.42198272,1155.24361216,3,0.0,0.002046358771622181,Rank-
ATAGCTATTCGCACTC-1,1,51,73,795,0,0,6,1066.66167296,1292.99603456,2,0.0,2.2589047798221777e-23,Rank-
ATAGCTGCGGATAAGA-1,1,0,4,796,0,0,8,130.17040896,66.36138496,4,1.0,0.9886858463287354,Background
ATAGCTGTGAATCGGC-1,1,4,64,797,0,0,5,953.0065408,169.20651776,2,0.0,1.16955739797725e-12,Rank-
ATAGGCCGATAGAAGT-1,1,56,102,798,0,0,7,1463.70394112,1415.95977728,0,0.0,1.0,Rank+
ATAGGCCGATGATCTA-1,1,30,118,799,0,0,0,1688.91226112,796.8621056000001,4,0.0,9.221146094434116e-17,Rank-
ATAGTACTATGGTTCT-1,1,44,96,800,0,0,4,1383.9051264,1128.59396096,2,0.0,5.055905238741942e-13,Rank-
ATAGTCCGCCGTTGGC-1,1,32,80,801,0,0,5,1166.80430592,839.95196416,2,0.0,7.810493116267025e-06,Rank-
ATAGTCGAAGGAAGCT-1,1,17,123,802,0,0,0,1760.30329856,486.90038784,4,1.0,0.13660459220409393,Background
ATAGTCGCTAAGGTAT-1,1,74,82,803,0,0,2,1185.3464576000001,1843.48023808,3,0.0,1.8784987787512364e-06,Rank-
ATAGTGACGAATAGAT-1,1,6,78,804,0,0,4,1144.80896,218.67727872,2,1.0,0.9711560606956482,Background
ATAGTGAGTGAGGATT-1,1,29,95,805,0,0,4,1373.32033536,770.13738496,2,1.0,0.02611352875828743,Background
ATAGTGTCAGATGTAG-1,1,70,70,806,0,0,1,1021.46987008,1746.4905216,0,0.0,1.0,Rank+
ATAGTTAAGCCTGCCG-1,1,64,56,807,0,0,0,830.56828416,1601.45636352,1,0.0,1.4286477485783074e-21,Rank-
ATAGTTAAGGCACGAG-1,1,41,81,808,0,0,0,1178.590208,1055.1009792,1,0.0,2.293545096603055e-27,Rank-
ATAGTTAGTCCTTAAT-1,1,53,117,809,0,0,2,1670.29504,1346.14519808,3,0.0,0.9999998807907104,Rank+
ATAGTTCATCGGATCT-1,1,10,60,810,0,0,1,896.85459968,312.06366208000003,0,0.0,1.0,Rank+
ATAGTTCCTAGGCCGG-1,1,6,24,811,0,0,0,403.49824,212.071168,4,0.0,0.9972038269042969,Rank+
ATAGTTCGCAGCCGTG-1,1,45,53,812,0,0,6,793.33384192,1147.28625152,1,0.0,0.00030963748577050865,Rank-
ATCAACATAAGCGTAG-1,1,12,118,813,0,0,0,1692.66573312,366.86435328,4,0.0,3.9146772629061743e-11,Rank-
ATCAAGGAGCTTACAT-1,1,71,63,814,0,0,1,925.15577856,1769.53683968,0,0.0,1.0,Rank+
ATCAAGTGGTGATGGC-1,1,16,114,815,0,0,6,1636.96420864,461.90226432000003,2,0.0,1.0736321554016826e-10,Rank-
ATCAATCTGCAGGACC-1,1,9,39,816,0,0,6,608.73808896,285.56414976,2,0.0,2.2909242558544207e-10,Rank-
ATCAATGGTTGTACCT-1,1,7,33,817,0,0,0,526.83732992,237.06929152,1,0.0,7.337460865199962e-29,Rank-
ATCAATGTCAACTCGG-1,1,3,59,818,0,0,6,884.61828096,144.65881088,2,0.0,7.06700797599262e-14,Rank-
ATCACCAGTTCGGCGA-1,1,30,102,819,0,0,6,1469.25907968,794.91030016,2,0.0,4.1707992320052394e-16,Rank-
ATCACGTTCAATGATA-1,1,59,29,820,0,0,2,460.9263616,1478.79289856,5,0.0,1.0,Rank+
ATCACTTAGGCCTTGT-1,1,27,117,821,0,0,0,1675.77510912,725.02065152,1,0.0,9.02980489887287e-23,Rank-
ATCAGTAAGCTCGCCG-1,1,54,78,822,0,0,4,1134.6745856,1365.2879052800001,2,1.0,0.019928915426135063,Background
ATCATTCACCAGATTG-1,1,28,56,823,0,0,2,838.1502976,741.53592832,5,0.0,1.0,Rank+
ATCATTCCAACTTCGC-1,1,13,43,824,0,0,5,662.8631552,381.65303296,2,0.0,6.3669840528746136e-06,Rank-
ATCATTGTCCATGCCA-1,1,31,77,825,0,0,6,1125.81639168,815.70453504,2,1.0,0.9502158164978027,Background
ATCCAACGCATGGTAC-1,1,8,114,826,0,0,0,1638.61573632,270.77547008,4,0.0,4.350229281790384e-18,Rank-
ATCCAACGCCACATCG-1,1,22,28,827,0,0,6,454.99587584,594.77517312,2,0.0,0.0001876998576335609,Rank-
ATCCACATGTTGGACC-1,1,17,83,828,0,0,10,1211.17034496,482.02087424,5,0.0,0.9964555501937866,Rank+
ATCCACTCGTACTCGG-1,1,56,8,829,0,0,2,173.26026752,1404.5492224,3,0.0,2.990543066516693e-07,Rank-
ATCCGAACAGGCTCGA-1,1,77,87,830,0,0,2,1253.35937024,1915.7721088,3,0.0,3.3477637328971355e-10,Rank-
ATCCGAACGCAACCTT-1,1,70,126,831,0,0,1,1790.25600512,1753.3218406400001,0,0.0,1.0,Rank+
ATCCGAGTACAGGAAT-1,1,16,82,832,0,0,7,1197.58277632,457.99865344,3,0.0,7.517297490267083e-05,Rank-
ATCCGAGTACCACGTG-1,1,20,78,833,0,0,5,1141.88125184,553.11163392,5,0.0,1.0,Rank+
ATCCGAGTCACTTGTA-1,1,48,108,834,0,0,3,1547.7817139200001,1225.58367744,3,0.0,1.791712487942787e-15,Rank-
ATCCGATGACCTCGGA-1,1,53,81,835,0,0,4,1176.03784704,1341.71610112,2,0.0,0.9999816417694092,Rank+
ATCCGGATCGCCGTAT-1,1,60,60,836,0,0,0,886.2698086400001,1506.41845248,4,0.0,2.0770814046500163e-07,Rank-
ATCCGGATGACGTAAC-1,1,27,49,837,0,0,9,742.21155328,716.76301312,3,0.0,6.537838270759266e-09,Rank-
ATCCGGATTACCGGTC-1,1,1,127,838,0,0,0,1818.557184,105.17228544,1,0.0,1.0,Rank+
ATCCGGCGTAGTCTGA-1,1,77,51,839,0,0,7,759.17724672,1911.41808128,3,0.0,2.0553092326736078e-05,Rank-
ATCCGGTACCGTCCTT-1,1,17,101,840,0,0,1,1458.223872,484.19788800000003,0,0.0,1.0,Rank+
ATCCGGTATCACAAGT-1,1,34,50,841,0,0,1,754.5229414400001,884.09279488,0,0.0,1.0,Rank+
ATCCGTAGCTTCAGTA-1,1,30,60,842,0,0,3,892.65071104,789.80557824,3,1.0,0.9879539012908936,Background
ATCCGTAGTGTCGCTC-1,1,30,110,843,0,0,0,1579.0856704,795.88620288,1,0.0,4.692583679985401e-28,Rank-
ATCCGTGGAACTTCAA-1,1,56,66,844,0,0,0,969.5218176,1411.60574976,1,0.0,1.0163776347504847e-26,Rank-
ATCCTCCAGCCATTGT-1,1,57,107,845,0,0,2,1532.1672704,1440.43241472,5,1.0,0.35156387090682983,Background
ATCCTCGTTCCAGGCC-1,1,27,45,846,0,0,9,687.33579264,716.31259648,0,0.0,1.0,Rank+
ATCGAACATGCTAAGC-1,1,66,78,847,0,0,3,1132.12222464,1651.9030272,0,0.0,1.0,Rank+
ATCGAACTCGTCCGGC-1,1,64,112,848,0,0,2,1599.3544192,1608.2876825600001,5,0.0,0.9999927282333374,Rank+
ATCGAATCTAGCAGAC-1,1,7,41,849,0,0,6,636.66392064,238.04519424,1,0.0,8.066961793856195e-21,Rank-
ATCGACAGCGGCAACA-1,1,35,113,850,0,0,6,1619.1727513600001,915.62195968,1,0.0,1.2434982210596246e-10,Rank-
ATCGACCGGAGTATCG-1,1,61,33,851,0,0,2,515.42677504,1527.06254848,3,1.0,0.3566259741783142,Background
ATCGACTAAGTACTGC-1,1,66,118,852,0,0,7,1681.25517824,1656.7825408,3,0.0,0.9999921321868896,Rank+
ATCGATGTCAGATAGA-1,1,27,15,853,0,0,9,275.5048448,712.63419392,0,1.0,0.01778314635157585,Background
ATCGCAATGCACTAAC-1,1,43,57,854,0,0,0,848.73508864,1099.99250432,1,0.0,2.7392809767729495e-20,Rank-
ATCGCAGTAACTTATT-1,1,28,68,855,0,0,3,1002.85264896,742.96224768,0,0.0,1.0,Rank+
ATCGCAGTAATATCAG-1,1,38,124,856,0,0,4,1769.53683968,988.6645248,2,0.0,2.3065296772983856e-05,Rank-
ATCGCAGTCTATGGCA-1,1,34,98,857,0,0,0,1413.48248576,889.9482112000001,1,0.0,8.3678691692255e-26,Rank-
ATCGCATCACGCATCT-1,1,69,43,858,0,0,7,651.00218368,1719.31538432,3,0.0,7.210453986772336e-06,Rank-
ATCGGCTCTATGCCTC-1,1,21,51,859,0,0,9,770.9631488,573.68066048,0,1.0,0.07530989497900009,Background
ATCGTAATCCACATGC-1,1,23,27,860,0,0,11,441.03296,618.5721856,2,0.0,0.9999912977218628,Rank+
ATCGTACAACTGGCTA-1,1,11,81,861,0,0,1,1184.9711104,338.48810496,0,0.0,1.0,Rank+
ATCGTACACCTATGCC-1,1,28,64,862,0,0,3,947.9768883200001,742.5118310400001,3,0.0,0.9991616010665894,Rank+
ATCGTACCGCGTACGC-1,1,72,88,863,0,0,2,1268.14804992,1796.48676864,5,0.0,1.0,Rank+
ATCGTAGCATGTAGAT-1,1,60,96,864,0,0,7,1380.5270016,1510.77248,3,0.0,5.1289099189943954e-08,Rank-
ATCGTATTACTCGGAG-1,1,28,38,865,0,0,9,591.02170112,739.35891456,3,1.0,0.21958139538764954,Background
ATCGTATTGGAATCCT-1,1,15,17,866,0,0,8,305.45755136,426.24428032000003,4,0.0,1.554997834318783e-05,Rank-
ATCGTCACCATGTCAC-1,1,44,76,867,0,0,6,1109.3011148800001,1126.19173888,2,0.0,3.9596624590299e-13,Rank-
ATCGTCAGTTAGTCCA-1,1,33,45,868,0,0,7,686.05961216,859.62015744,3,0.0,0.9988536834716797,Rank+
ATCGTCCTAGTACGAA-1,1,14,96,869,0,0,1,1390.21095936,411.98108672,0,0.0,1.0,Rank+
ATCGTCTTAACGAAGG-1,1,41,9,870,0,0,12,190.15089152000002,1046.3929241600001,1,0.0,1.0,Rank+
ATCTACAGGAGTGCAC-1,1,16,62,871,0,0,3,923.05383424,455.59643136,0,0.0,1.0,Rank+
ATCTACGACAGCTCTT-1,1,16,12,872,0,0,0,236.61887488,449.51580672,5,0.0,0.9999969005584717,Rank+
ATCTACTCACATCTCC-1,1,41,51,873,0,0,5,766.75926016,1051.42257664,2,0.0,4.1524383931346165e-09,Rank-
ATCTCCTTGCGATACA-1,1,29,81,874,0,0,4,1181.14256896,768.41078784,0,0.0,0.9999996423721313,Rank+
ATCTGAAGTATGCACG-1,1,65,65,875,0,0,5,953.9073740800001,1626.45448704,2,0.0,5.398831474110258e-14,Rank-
ATCTGACCGGAGTCCT-1,1,61,85,876,0,0,3,1229.26208,1533.3683814400001,0,0.0,1.0,Rank+
ATCTGAGGAACGGTTG-1,1,47,57,877,0,0,0,847.83425536,1195.480832,1,0.0,2.4723457137445744e-21,Rank-
ATCTGATACTTCATTA-1,1,69,57,878,0,0,4,843.17995008,1721.04198144,2,0.0,2.476584484156774e-07,Rank-
ATCTGCCGTCTACAGC-1,1,25,23,879,0,0,1,385.70678272,665.8659328,0,0.0,1.0,Rank+
ATCTGGATCCTCAGAC-1,1,42,38,880,0,0,12,588.09399296,1073.79326976,0,0.0,1.0,Rank+
ATCTGTACGCGTCTCC-1,1,38,70,881,0,0,12,1028.22611968,982.13348352,3,1.0,0.007476493250578642,Background
ATCTTAAGCTCCTTGA-1,1,76,68,882,0,0,1,992.71827456,1889.57287424,0,0.0,1.0,Rank+
ATCTTAGACGCCTACT-1,1,59,83,883,0,0,1,1202.2370816,1485.32393984,0,0.0,1.0,Rank+
ATCTTAGACTTGATCT-1,1,71,103,884,0,0,10,1474.28873216,1774.41635328,5,0.0,1.0,Rank+
ATCTTAGATAGGTTCA-1,1,65,51,885,0,0,4,761.65453824,1624.72788992,2,0.0,5.130788736096292e-07,Rank-
ATCTTAGTGGCATGGA-1,1,20,104,886,0,0,1,1498.83643904,556.2645504,0,0.0,1.0,Rank+
ATCTTATCAGCAATAC-1,1,7,21,887,0,0,8,362.05990912,235.64297216,4,0.0,1.5786666551702668e-16,Rank-
ATCTTCGGACATACTA-1,1,51,95,888,0,0,1,1368.66603008,1295.6985344,0,0.0,1.0,Rank+
ATCTTGGCTTCGTCCT-1,1,19,63,889,0,0,7,936.1159168,527.362816,3,0.0,0.00018419684784021229,Rank-
ATGAAGCTGAATCCAG-1,1,55,33,890,0,0,7,516.70295552,1383.67991808,3,1.0,0.03874262422323227,Background
ATGAATGTATCGTGGT-1,1,15,103,891,0,0,1,1486.1497036800001,436.67893248,0,0.0,3.173744600459827e-09,Rank-
ATGACACTAATCGCAC-1,1,61,47,892,0,0,4,707.60454144,1528.71407616,0,1.0,0.9568086266517639,Background
ATGACCAGACGGCCGG-1,1,36,24,893,0,0,10,397.1173376,928.75911168,1,0.0,0.9999970197677612,Rank+
ATGACCTCACGCACTG-1,1,5,37,894,0,0,0,582.1635072,189.77554432,1,0.0,8.052161217106875e-24,Rank-
ATGACCTCACTTAACC-1,1,29,71,895,0,0,1,1043.8405632,767.2096768,0,0.0,1.0,Rank+
ATGAGCATGGCATTCT-1,1,76,94,896,0,0,2,1349.67346176,1892.72579072,3,1.0,0.0055702729150652885,Background
ATGAGCTACATGGAAG-1,1,15,83,897,0,0,7,1211.54569216,434.2767104,3,1.0,0.0791773647069931,Background
ATGAGTACGCTTCCTA-1,1,38,16,898,0,0,11,286.91539968,975.5273728,3,0.0,0.9999843835830688,Rank+
ATGAGTAGCGTGTTAG-1,1,1,123,899,0,0,13,1763.68142336,104.7218688,1,0.0,1.4084160336283184e-20,Rank-
ATGAGTATCAGATCTG-1,1,5,85,900,0,0,5,1241.12305152,195.63096064,2,0.0,3.108222568215524e-10,Rank-
ATGAGTCCTGAAGTGG-1,1,16,112,901,0,0,5,1609.4887936,461.677056,2,0.0,6.884344649904506e-09,Rank-
ATGAGTCTAGATACTC-1,1,5,91,902,0,0,6,1323.4742272,196.38165504,5,0.0,1.498879381162216e-20,Rank-
ATGAGTTACAGATAGA-1,1,13,111,903,0,0,5,1596.3516416,389.91067136,2,0.0,3.875753833674925e-15,Rank-
ATGATAATGCACGCAC-1,1,77,71,904,0,0,1,1033.7061888,1913.82030336,0,0.0,1.0,Rank+
ATGATAATTCCTTGCG-1,1,37,11,905,0,0,12,218.4520704,951.05473536,0,0.0,1.0,Rank+
ATGATATCTAGTCTTA-1,1,42,58,906,0,0,0,862.62293504,1076.19549184,1,0.0,1.0678829399480123e-29,Rank-
ATGATTGATTCCGAAT-1,1,12,22,907,0,0,8,374.74664448,355.22859008,1,0.0,3.374920132156088e-26,Rank-
ATGCATCCTGACTCAC-1,1,18,46,908,0,0,1,702.95023616,501.4638592,0,0.0,1.0,Rank+
ATGCATGCCTGCGATG-1,1,54,68,909,0,0,0,997.3725798400001,1364.08679424,1,0.0,1.2271059819476831e-30,Rank-
ATGCATGGTTCCGCCT-1,1,43,85,910,0,0,6,1233.09062144,1103.37062912,2,0.0,3.1583061276804552e-15,Rank-
ATGCATGGTTGCTGTA-1,1,21,11,911,0,0,6,221.8301952,568.87621632,5,1.0,0.6253966689109802,Background
ATGCATGTATGTGAGT-1,1,46,42,912,0,0,4,642.14398976,1169.80708352,2,1.0,0.6998092532157898,Background
ATGCATGTCACTCGTG-1,1,38,22,913,0,0,9,369.26657536,976.2780672,3,0.0,1.0,Rank+
ATGCATGTCGATGTGG-1,1,60,120,914,0,0,3,1710.00677376,1513.70018816,3,1.0,0.008780810981988907,Background
ATGCATTAGATATCCA-1,1,51,121,915,0,0,2,1725.62121728,1298.8514508800001,3,1.0,0.9923386573791504,Background
ATGCCAGCTGCCATCT-1,1,53,15,916,0,0,2,269.94970624,1333.75874048,5,0.0,0.9999997615814209,Rank+
ATGCCGTCGATAAGAC-1,1,64,96,917,0,0,2,1379.70123776,1606.33587712,3,1.0,0.9624069929122925,Background
ATGCCGTTGTGAAGCG-1,1,41,37,918,0,0,12,574.5814937600001,1049.77104896,0,0.0,1.0,Rank+
ATGCCTTCGTAAGTTA-1,1,42,108,919,0,0,4,1549.0578944000001,1082.27611648,0,0.0,1.0,Rank+
ATGCTACTGAATAGTA-1,1,56,60,920,0,0,0,887.17064192,1410.85505536,1,0.0,2.272845449624583e-07,Rank-
ATGCTCATGCCTGCCT-1,1,70,82,921,0,0,2,1186.17222144,1747.9919104,3,0.0,4.0200642294208055e-12,Rank-
ATGCTCCAACCTGGCC-1,1,43,31,922,0,0,7,491.77990144,1096.83958784,3,1.0,0.04667111486196518,Background
ATGCTCCGTTCTACTG-1,1,30,40,923,0,0,9,618.0466995200001,787.32828672,5,0.0,1.0,Rank+
ATGCTCGCCTCCAATT-1,1,26,16,924,0,0,9,289.3926912,688.91225088,0,0.0,0.9999947547912598,Rank+
ATGCTGAATGCAATAG-1,1,44,92,925,0,0,5,1328.95429632,1128.06847488,2,1.0,0.014410745352506638,Background
ATGCTGACAGTTACAT-1,1,75,63,926,0,0,1,924.33001472,1865.1002368,0,0.0,1.0,Rank+
ATGCTGACGACTCGCT-1,1,60,124,927,0,0,3,1764.95760384,1514.1506048,0,0.0,1.0,Rank+
ATGCTGCCGGCATACT-1,1,23,117,928,0,0,6,1676.60087296,629.4572544,2,0.0,5.107180605976435e-19,Rank-
ATGCTGCCTACTGCAT-1,1,10,18,929,0,0,8,320.24623104,306.95894016,4,0.0,6.8929666661998734e-12,Rank-
ATGCTGCGCTGTTGCA-1,1,34,126,930,0,0,10,1797.8380185600001,893.326336,1,1.0,0.018560459837317467,Background
ATGCTGCGGAACTACC-1,1,59,121,931,0,0,3,1723.9696896,1489.90317568,3,0.0,0.995561957359314,Rank+
ATGCTGCGGATGGTTG-1,1,31,117,932,0,0,0,1674.94934528,820.58404864,4,0.0,1.4235155276765e-07,Rank-
ATGCTGGCTTACTACA-1,1,65,97,933,0,0,2,1393.21373696,1630.35809792,5,0.0,0.9999996423721313,Rank+
ATGCTTACTCTAGGAA-1,1,50,80,934,0,0,5,1162.97576448,1269.94971648,2,0.0,0.0002925809531006962,Rank-
ATGCTTGGACGAACTT-1,1,47,73,935,0,0,6,1067.4874368,1197.43263744,2,0.0,3.6100858413767867e-11,Rank-
ATGGAACGATAGTGAT-1,1,17,107,936,0,0,4,1540.65011712,484.9485824,0,0.0,0.998873770236969,Rank+
ATGGAGCGCACTCGGT-1,1,6,18,937,0,0,8,321.07199488,211.39554304,4,0.0,6.758912108109898e-15,Rank-
ATGGAGGCCACGGCTT-1,1,53,29,938,0,0,2,462.20254208,1335.41026816,3,1.0,0.004814831539988518,Background
ATGGAGTAATCGGACC-1,1,32,74,939,0,0,4,1084.3780608,839.2763392,0,1.0,0.01881752349436283,Background
ATGGAGTCTTCGCAGT-1,1,41,1,940,0,0,0,80.3243008,1045.41702144,1,0.0,1.9114788494201478e-29,Rank-
ATGGCATTATGGCTCG-1,1,26,92,941,0,0,1,1332.7828377600001,698.145792,0,0.0,1.0,Rank+
ATGGTAACGGACCGGA-1,1,49,17,942,0,0,2,298.25088512,1238.42055168,3,0.0,4.384885414765449e-07,Rank-
ATGTAAGAGCCACCTC-1,1,24,96,943,0,0,1,1388.10901504,650.8520448,0,0.0,1.0,Rank+
ATGTAATTGTCGTTCG-1,1,24,42,944,0,0,3,646.79829504,644.24593408,0,0.0,1.0,Rank+
ATGTACAGTGCCTATG-1,1,35,9,945,0,0,12,191.427072,903.01029376,0,1.0,0.20716141164302826,Background
ATGTACATCGTGGTTA-1,1,32,10,946,0,0,9,205.76533504,831.46911744,0,0.0,1.0,Rank+
ATGTACATGAACTCCG-1,1,32,100,947,0,0,0,1441.333248,842.42925568,1,0.0,8.172155160148131e-19,Rank-
ATGTACCAGTTACTCG-1,1,0,8,948,0,0,8,185.0461696,66.8118016,4,0.0,1.8182632862458886e-14,Rank-
ATGTACCATTATTGTC-1,1,68,70,949,0,0,1,1021.92028672,1698.7463577600001,0,0.0,0.9999872446060181,Rank+
ATGTACCGATCCAGAA-1,1,64,74,950,0,0,1,1077.6218112,1603.63337728,0,0.0,1.0,Rank+
ATGTACCTTCACATTA-1,1,4,76,951,0,0,5,1117.7839616,170.63283712,2,0.0,8.588266764419927e-10,Rank-
ATGTACGGTGGCGTAT-1,1,6,92,952,0,0,6,1336.9867264,220.3288064,1,0.0,1.3936422604796952e-15,Rank-
ATGTACTACCGACTTC-1,1,26,60,953,0,0,2,893.4764748800001,694.24218112,3,1.0,0.2839919328689575,Background
ATGTACTAGAGGAATT-1,1,22,120,954,0,0,0,1718.03920384,605.9605196800001,1,0.0,2.7389774000735917e-28,Rank-
ATGTACTCTGCAGCAC-1,1,48,66,955,0,0,0,971.17334528,1220.47895552,1,0.0,4.404657497101116e-22,Rank-
ATGTAGAAGCGAATAG-1,1,61,97,956,0,0,2,1394.0395008,1534.7947008,3,0.0,4.0171616033646274e-11,Rank-
ATGTAGCCGACCAAGG-1,1,57,57,957,0,0,12,845.73231104,1434.35179008,1,0.0,9.666532439951692e-14,Rank-
ATGTAGGTAACCGTAC-1,1,25,43,958,0,0,3,660.3107942400001,668.26815488,0,0.0,1.0,Rank+
ATGTAGGTTGGCGAGG-1,1,36,112,959,0,0,6,1605.28490496,939.4189721600001,2,0.0,1.3814748227748003e-13,Rank-
ATGTATCCAAGGTGGC-1,1,22,106,960,0,0,4,1525.86143744,604.23392256,0,0.0,1.0,Rank+
ATGTATCCATAAGTTG-1,1,30,16,961,0,0,9,288.56692736,784.475648,5,0.0,0.9999988079071045,Rank+
ATGTATCGGAATACGG-1,1,40,80,962,0,0,0,1165.0777088,1031.0787584,1,0.0,3.3559259022966983e-15,Rank-
ATGTATGAGTACCGGA-1,1,40,104,963,0,0,5,1494.55748096,1034.00646656,2,0.0,3.98135213686146e-09,Rank-
ATGTATGTACTATCTT-1,1,71,123,964,0,0,1,1748.89274368,1776.81857536,0,0.0,1.0,Rank+
ATGTATGTTATTGAAG-1,1,68,92,965,0,0,2,1323.92464384,1701.37378816,5,0.0,1.0,Rank+
ATGTCGCATGCCATAC-1,1,9,121,966,0,0,8,1734.4794112,295.54838528,4,1.0,0.7126721143722534,Background
ATGTCGCATTGATTGC-1,1,66,122,967,0,0,3,1736.2060083200001,1657.23295744,0,0.0,1.0,Rank+
ATGTCGGACTGAAGTA-1,1,47,5,968,0,0,11,133.9989504,1189.17499904,0,0.0,0.9999561309814453,Rank+
ATGTCGGATAAGCCGA-1,1,50,44,969,0,0,5,668.71857152,1265.59568896,2,0.0,1.1058563842425428e-08,Rank-
ATGTCGTTACCAGACG-1,1,51,103,970,0,0,3,1478.4926208,1296.67443712,0,0.0,1.0,Rank+
ATGTCTGCGTTGCAGC-1,1,33,117,971,0,0,0,1674.49892864,868.40328192,4,0.0,1.9888511478449895e-15,Rank-
ATGTGAATCCATACGA-1,1,17,73,972,0,0,7,1073.8683392,480.8197632,3,0.0,6.028547439029808e-09,Rank-
ATGTGACATAGAGTCC-1,1,5,115,973,0,0,13,1652.9539993600001,199.23429376,1,0.0,3.2832794778919036e-30,Rank-
ATGTGATCCGTCTAAC-1,1,40,6,974,0,0,0,149.16297728,1022.0704256,1,0.0,8.220484576841476e-21,Rank-
ATGTGCCGGTGACAGA-1,1,0,108,975,0,0,13,1557.91608832,78.97305088,1,0.0,5.301965575167113e-26,Rank-
ATGTGCGTCTGAACAG-1,1,38,78,976,0,0,0,1138.0527104,983.0343168,1,0.0,1.5960524135244632e-22,Rank-
ATGTGCTAACATCGAA-1,1,7,55,977,0,0,5,828.84168704,239.77179136,2,0.0,1.1532499229360837e-05,Rank-
ATGTGCTTGTGCTACC-1,1,11,53,978,0,0,4,800.5405081600001,335.03491072,2,0.0,0.9999662637710571,Rank+
ATGTTAAGATTACTGA-1,1,22,40,979,0,0,1,619.77329664,596.2765619200001,0,0.0,1.0,Rank+
ATGTTACGCCATTCCT-1,1,73,85,980,0,0,2,1226.78478848,1819.98350336,5,1.0,0.9818670749664307,Background
ATGTTACTGGAGGCGG-1,1,19,125,981,0,0,0,1787.32829696,534.94482944,4,0.0,3.023552797021267e-10,Rank-
ATGTTAGACTATCTCA-1,1,59,103,982,0,0,2,1476.84109312,1487.72616192,3,1.0,0.05558927729725838,Background
ATGTTCGCAGAAGTCT-1,1,64,82,983,0,0,3,1187.44840192,1604.6092800000001,0,1.0,0.18406756222248077,Background
ATGTTCTGCCTTATCT-1,1,50,18,984,0,0,2,311.83845376,1262.44277248,3,0.0,0.00016372893878724426,Rank-
ATTAACGGAGTGAATT-1,1,3,127,985,0,0,0,1818.1818368,152.91644928,1,0.0,0.9984582662582397,Rank+
ATTAAGAACAGCTCCG-1,1,35,73,986,0,0,12,1070.03979776,910.81751552,2,0.0,2.264445129185333e-06,Rank-
ATTAAGAATAACGCTT-1,1,58,50,987,0,0,6,749.41821952,1457.39810816,2,0.0,8.843182426120988e-20,Rank-
ATTAAGTGGCCTAAGG-1,1,38,14,988,0,0,11,259.43998464,975.30216448,3,0.0,0.0008139221463352442,Rank-
ATTACAAGCAAGTGTC-1,1,5,23,989,0,0,8,389.98574080000003,188.12401664,4,0.0,1.4199188007641323e-18,Rank-
ATTACATTGAAGTATG-1,1,44,60,990,0,0,0,889.64793344,1124.23993344,1,0.0,1.6243480356354506e-13,Rank-
ATTACCTTCGCAGAAG-1,1,53,17,991,0,0,2,297.42512128,1333.9839488,5,0.0,0.9999998807907104,Rank+
ATTACTCAGTTAACGA-1,1,11,95,992,0,0,1,1377.1488768,340.13963264,0,0.0,1.0,Rank+
ATTACTCCGTGAAGCG-1,1,28,78,993,0,0,1,1140.15465472,744.16335872,0,0.0,1.0,Rank+
ATTACTGAGTGCCTCC-1,1,46,94,994,0,0,4,1356.05436416,1176.11291648,2,0.0,2.506686314518447e-06,Rank-
ATTACTGATATTCGCC-1,1,73,43,995,0,0,2,650.17641984,1814.87878144,5,0.0,7.061042831164877e-13,Rank-
ATTACTGTACGCGGTG-1,1,43,13,996,0,0,11,244.65130496,1094.58750464,3,0.0,2.3814922656129056e-07,Rank-
ATTACTGTCGCATATT-1,1,50,74,997,0,0,5,1080.6245888,1269.27409152,2,0.0,0.0002359101054025814,Rank-
ATTACTTAACCACTTC-1,1,77,83,998,0,0,7,1198.4836096,1915.32169216,0,1.0,0.9907087087631226,Background
ATTACTTGAGCAAGAT-1,1,2,34,999,0,0,0,541.6260096,117.78395136,4,0.0,1.1333023728757333e-18,Rank-
ATTAGACCAAGTATAC-1,1,53,1,1000,0,0,2,77.77193984,1332.03214336,5,0.0,3.339831744497701e-09,Rank-
ATTAGATAAGACGGCG-1,1,29,59,1001,0,0,7,879.13821184,765.78335744,3,1.0,0.561856746673584,Background
ATTAGATTCGTACTCA-1,1,72,72,1002,0,0,1,1048.49486848,1794.5349632,0,0.0,1.0,Rank+
ATTAGCAGGATGTATT-1,1,18,20,1003,0,0,0,345.99504896,498.31094272,1,0.0,1.0932962868359652e-11,Rank-
ATTAGCCTCACTTCTA-1,1,27,53,1004,0,0,2,797.16238336,717.2884992,3,1.0,0.14078064262866974,Background
ATTAGCCTCAGTAGAT-1,1,53,13,1005,0,0,2,242.54936064,1333.45846272,5,0.0,3.624417710401673e-10,Rank-
ATTAGCGAGCATGCTG-1,1,46,110,1006,0,0,3,1575.7075456,1178.06472192,0,0.0,1.0,Rank+
ATTAGCTAGATGCGCA-1,1,70,120,1007,0,0,3,1707.90482944,1752.57114624,0,0.0,0.9999946355819702,Rank+
ATTAGTCGTGTTATGC-1,1,9,57,1008,0,0,4,855.86668544,287.74116352,2,0.0,0.9994801878929138,Rank+
ATTAGTGAGGTATCGC-1,1,55,101,1009,0,0,3,1450.19144192,1391.93755648,0,0.0,1.0,Rank+
ATTAGTGCTTGGTCAT-1,1,41,47,1010,0,0,5,711.80843008,1050.97216,2,0.0,0.001011362997815013,Rank-
ATTAGTTCACAGACTC-1,1,61,67,1011,0,0,6,982.20855296,1531.11629824,1,0.0,0.9999351501464844,Rank+
ATTATCACAACTCGGC-1,1,20,66,1012,0,0,3,977.10383104,551.6102451200001,3,0.0,1.0,Rank+
ATTATCCAGGTGAAGT-1,1,40,18,1013,0,0,11,313.94039808,1023.5718144,3,0.0,1.8404414731776342e-05,Rank-
ATTATCCATTGTGACA-1,1,69,87,1014,0,0,2,1255.08596736,1724.64531456,3,0.0,0.0004296958213672042,Rank-
ATTATCGAAGCCTAAG-1,1,72,80,1015,0,0,2,1158.3214592,1795.51086592,3,0.0,7.871549456694993e-08,Rank-
ATTATCGAGTGCAGAT-1,1,53,43,1016,0,0,4,654.38030848,1337.13686528,2,0.0,7.238165977696553e-08,Rank-
ATTATCTAGATTAACG-1,1,43,105,1017,0,0,4,1507.69463296,1105.7728512,0,0.0,1.0,Rank+
ATTATCTTATTGAGAC-1,1,13,21,1018,0,0,8,360.78372864,378.95053312,1,0.0,1.7531668243098814e-16,Rank-
ATTATGATACTGCGCA-1,1,50,0,1019,0,0,3,64.70985728,1260.2657587200001,0,0.0,1.0,Rank+
ATTATGCCATCGTTAA-1,1,56,100,1020,0,0,3,1436.30359552,1415.73456896,0,0.0,1.0,Rank+
ATTCAAGATTAGTTGC-1,1,31,89,1021,0,0,5,1290.5187430400001,817.20592384,2,0.0,7.05857594596182e-10,Rank-
ATTCACATAGGATGAG-1,1,46,100,1022,0,0,4,1438.40553984,1176.8636108800001,2,0.0,7.112546285270582e-08,Rank-
ATTCACATCGTCACAG-1,1,12,94,1023,0,0,1,1363.18596096,363.93664512,0,0.0,1.0,Rank+
ATTCACATCTTATTCT-1,1,48,78,1024,0,0,5,1135.95076608,1221.98034432,2,0.0,2.627053574677518e-10,Rank-
ATTCACCTGACCAGTT-1,1,26,80,1025,0,0,1,1168.0804864,696.6444032,0,0.0,1.0,Rank+
ATTCACGCTGTTATCG-1,1,21,57,1026,0,0,3,853.31432448,574.43135488,0,0.0,1.0,Rank+
ATTCACGTCGCAGGCT-1,1,41,79,1027,0,0,0,1151.11479296,1054.8757708800001,4,0.0,2.0768530006876063e-08,Rank-
ATTCACTCACGTGCAC-1,1,29,97,1028,0,0,5,1400.7957504,770.36259328,2,0.0,2.7462160323565854e-10,Rank-
ATTCAGCTCCTACTAA-1,1,18,66,1029,0,0,3,977.55424768,503.86608128,3,0.0,0.00021202095376793295,Rank-
ATTCAGTCACCGCCAT-1,1,9,3,1030,0,0,8,114.55596544000001,281.21012224000003,4,0.0,1.554507560272856e-14,Rank-
ATTCATAGCGAAGCGT-1,1,23,83,1031,0,0,7,1209.89416448,625.3284352000001,5,1.0,0.9892109632492065,Background
ATTCATAGTTCTAACT-1,1,13,91,1032,0,0,1,1321.82269952,387.43337984,0,0.0,1.0,Rank+
ATTCCATTGTGAACGC-1,1,16,56,1033,0,0,1,840.70265856,454.84573696,0,0.0,1.0,Rank+
ATTCCGCAACGCCGCT-1,1,35,95,1034,0,0,0,1372.04415488,913.44494592,1,0.0,9.807390418528311e-19,Rank-
ATTCCGCTCCATCAGC-1,1,53,93,1035,0,0,1,1340.81526784,1343.21748992,0,0.0,1.0,Rank+
ATTCCGGACCGGTCTT-1,1,57,7,1036,0,0,2,159.29735168,1428.34623488,3,1.0,0.46016737818717957,Background
ATTCCGGTTACATACC-1,1,25,79,1037,0,0,3,1154.49291776,672.6221824,5,0.0,1.0,Rank+
ATTCCGTAAGGATTCC-1,1,34,106,1038,0,0,0,1523.30907648,890.92411392,1,0.0,5.215562462724078e-20,Rank-
ATTCCTGCCTTAACAG-1,1,39,97,1039,0,0,0,1398.69380608,1009.23355136,1,0.0,7.712109253297297e-18,Rank-
ATTCCTTCGAAGGTGC-1,1,11,15,1040,0,0,8,278.8829696,330.45567488,4,0.0,5.108189804307883e-13,Rank-
ATTCGCTCGCGGAGGC-1,1,24,68,1041,0,0,2,1003.75348224,647.39885056,5,0.0,0.9993225336074829,Rank+
ATTCGTGCCGACATGT-1,1,12,8,1042,0,0,8,182.56887808,353.50199296,4,0.0,1.0,Rank+
ATTCGTTAGAATTCGG-1,1,56,6,1043,0,0,2,145.78485248,1404.32401408,3,0.0,4.615806977088799e-13,Rank-
ATTCTACGTGGCAGAT-1,1,60,72,1044,0,0,4,1051.04722944,1507.84477184,2,0.0,1.0,Rank+
ATTCTACTGGTCGTTC-1,1,39,85,1045,0,0,0,1233.91638528,1007.807232,1,0.0,5.0303738361205316e-14,Rank-
ATTCTAGGACATCAGT-1,1,22,62,1046,0,0,7,921.77765376,598.90399232,3,1.0,0.07586397975683212,Background
ATTCTAGTCCACAAGA-1,1,39,107,1047,0,0,5,1535.99581184,1010.50973184,2,0.0,5.35734535561873e-19,Rank-
ATTCTGAGTACTGTAG-1,1,47,3,1048,0,0,4,106.52353536,1188.94979072,2,0.0,1.0,Rank+
ATTCTTGAGGCGACGC-1,1,67,73,1049,0,0,1,1063.28354816,1675.1745536,0,0.0,0.9993669390678406,Rank+
ATTCTTGGAGTGATAG-1,1,54,42,1050,0,0,4,640.41739264,1360.93387776,2,0.0,2.23384418601702e-12,Rank-
ATTGACGAGCAGCGAC-1,1,14,86,1051,0,0,3,1252.98402304,410.70490624,0,0.0,1.0,Rank+
ATTGACGCATCTCAAC-1,1,26,26,1052,0,0,11,426.69469696,690.11336192,0,0.0,1.0,Rank+
ATTGACGCCACCTTCT-1,1,10,50,1053,0,0,5,759.55259392,310.7874816,2,0.0,1.1953543710419012e-10,Rank-
ATTGACGCCAGCCAAG-1,1,50,100,1054,0,0,3,1437.579776,1272.4270080000001,0,0.0,1.0,Rank+
ATTGACTGAATACTAT-1,1,53,119,1055,0,0,2,1697.7704550400001,1346.3704064,3,1.0,0.14392806589603424,Background
ATTGACTTATGTGGTA-1,1,21,7,1056,0,0,12,166.87936512,568.35073024,1,1.0,0.11011786758899689,Background
ATTGATAACACTAAGA-1,1,50,10,1057,0,0,2,202.01186304,1261.46686976,5,0.0,2.35767672052134e-09,Rank-
ATTGCAAGGCAATGGA-1,1,12,120,1058,0,0,0,1720.14114816,367.0895616,4,0.0,1.7860447343309716e-08,Rank-
ATTGCACGACCACTTG-1,1,50,36,1059,0,0,3,558.8919808,1264.61978624,0,0.0,1.0,Rank+
ATTGCACGCATAACAG-1,1,18,8,1060,0,0,0,181.2926976,496.80955392,4,0.0,7.718888468351076e-23,Rank-
ATTGCAGTTCTTCATT-1,1,43,29,1061,0,0,2,464.30448640000003,1096.53931008,3,1.0,0.9585888385772705,Background
ATTGCATATTGTTATC-1,1,31,83,1062,0,0,5,1208.16756736,816.45522944,2,1.0,0.3469739258289337,Background
ATTGCATCACTGACTG-1,1,24,44,1063,0,0,3,674.27371008,644.54621184,0,0.0,1.0,Rank+
ATTGCCTGATGTGCGG-1,1,70,76,1064,0,0,3,1103.82104576,1747.2412160000001,0,0.0,1.0,Rank+
ATTGCCTTACGCAGTT-1,1,5,17,1065,0,0,8,307.55949568,187.37332224,4,0.0,2.6646483775039087e-07,Rank-
ATTGCCTTGTCTAAGT-1,1,8,48,1066,0,0,6,732.52759552,262.81810944,2,0.0,6.5258954619026085e-15,Rank-
ATTGCGTAGTTAGGAG-1,1,71,51,1067,0,0,1,760.37835776,1768.11052032,0,0.0,0.9999942779541016,Rank+
ATTGGCCTAGGAATCG-1,1,70,62,1068,0,0,4,911.6432793600001,1745.51461888,0,1.0,0.9070683717727661,Background
ATTGGCCTTCCGTGCA-1,1,15,43,1069,0,0,5,662.41273856,429.3971968,2,0.0,2.1291048142302316e-06,Rank-
ATTGGCGAATTGCACT-1,1,72,52,1070,0,0,1,773.9659264000001,1792.13274112,0,0.0,1.0,Rank+
ATTGGCTAACAGACAA-1,1,19,35,1071,0,0,6,551.760384,523.9846912,2,0.0,6.701139643183751e-10,Rank-
ATTGTTAAGTAGACTA-1,1,62,80,1072,0,0,3,1160.42340352,1556.63990784,0,0.0,1.0,Rank+
ATTGTTACGACTAGCG-1,1,52,108,1073,0,0,2,1546.95595008,1321.14707456,3,0.0,2.9776284549143384e-08,Rank-
ATTGTTATACTTCACG-1,1,52,14,1074,0,0,2,256.43720704,1309.7365196800001,3,0.0,7.3300871008541435e-06,Rank-
ATTGTTATCGTAATAC-1,1,3,65,1075,0,0,6,966.96945664,145.40950528,2,0.0,3.840970781449765e-13,Rank-
CAACAGCCAGACCTTC-1,1,11,111,1076,0,0,0,1596.80205824,342.09143808,5,0.0,3.371426920975339e-22,Rank-
CAACAGCCGCCTTGAG-1,1,76,52,1077,0,0,3,773.06509312,1887.6210688,0,0.0,1.0,Rank+
CAACAGGTCAGAGGAC-1,1,29,105,1078,0,0,4,1510.62234112,771.338496,2,0.0,9.067237412285767e-12,Rank-
CAACAGTACGGCAATG-1,1,5,119,1079,0,0,13,1707.90482944,199.75977984,1,0.0,8.628537795148773e-30,Rank-
CAACCGTACTGATCTT-1,1,17,37,1080,0,0,5,579.61114624,476.46573568,2,0.0,0.00031974512967281044,Rank-
CAACCGTATTACTGTA-1,1,32,46,1081,0,0,7,700.022528,835.82314496,3,1.0,0.5899602174758911,Background
CAACCGTTAACAGACC-1,1,68,78,1082,0,0,3,1131.74687744,1699.72226048,0,0.0,0.999998927116394,Rank+
CAACCGTTAATGTCAT-1,1,73,91,1083,0,0,2,1309.13596416,1820.73419776,5,1.0,0.7080214023590088,Background
CAACGCTTGCTCCTAC-1,1,36,68,1084,0,0,12,1001.20112128,934.08904192,0,0.0,7.00885679247136e-14,Rank-
CAACGGCACTCAGTCC-1,1,57,83,1085,0,0,1,1202.68749824,1437.579776,0,0.0,1.0,Rank+
CAACTGACAAGACAAG-1,1,37,21,1086,0,0,7,355.75407616,952.2558464,3,0.0,1.6159447113750502e-05,Rank-
CAACTGCATTCGACTC-1,1,38,114,1087,0,0,5,1632.3099033600001,987.46341376,2,0.0,0.9999914169311523,Rank+
CAACTGCTGGAGTTAT-1,1,36,78,1088,0,0,6,1138.50312704,935.29015296,2,0.0,4.1031292404535014e-13,Rank-
CAACTTGGACATAGAT-1,1,59,33,1089,0,0,7,515.80212224,1479.2433152,3,0.0,5.968227469566045e-06,Rank-
CAACTTGGTACGATGT-1,1,61,79,1090,0,0,1,1146.91090432,1532.61768704,0,0.0,1.0,Rank+
CAAGACCACTATCGAA-1,1,34,74,1091,0,0,12,1084.0027136,887.02050304,2,0.0,1.1737799923139391e-06,Rank-
CAAGATAAGTGCAATG-1,1,25,11,1092,0,0,9,221.00443136,664.364544,0,0.0,0.999991774559021,Rank+
CAAGATAATGAGACCG-1,1,54,124,1093,0,0,3,1766.15871488,1370.84304384,3,0.0,0.9993636012077332,Rank+
CAAGATTACCGATCAT-1,1,22,96,1094,0,0,1,1388.55943168,603.03281152,0,0.0,1.0,Rank+
CAAGATTAGATGAGTT-1,1,16,18,1095,0,0,8,318.97005056,450.26650112,4,1.0,0.30781805515289307,Background
CAAGATTCGTCAGCTG-1,1,58,100,1096,0,0,7,1435.85317888,1463.4787328,3,1.0,0.00944698415696621,Background
CAAGCATGCCTGACTT-1,1,7,99,1097,0,0,6,1432.92547072,245.1017216,1,0.0,5.873894307149158e-14,Rank-
CAAGCCGCCATAGAGG-1,1,30,48,1098,0,0,2,727.87329024,788.30418944,3,0.0,0.9999996423721313,Rank+
CAAGCCTCCACTATCT-1,1,16,10,1099,0,0,0,209.14345984,449.2905984,5,1.0,0.028526529669761658,Background
CAAGGCAAGATTAGCA-1,1,62,122,1100,0,0,3,1737.03177216,1561.74462976,2,0.0,1.0,Rank+
CAAGGTCAGCGATGTC-1,1,5,9,1101,0,0,8,197.73290496,186.39741952,4,0.0,0.9980522394180298,Rank+
CAAGTACTCCGCATCG-1,1,16,44,1102,0,0,4,675.92523776,453.41941760000003,2,0.0,7.939423085190356e-06,Rank-
CAAGTACTTATTAAGC-1,1,53,111,1103,0,0,2,1587.94386432,1345.39450368,3,1.0,0.7029086351394653,Background
CAAGTCCATCGGCGGT-1,1,52,122,1104,0,0,2,1739.13371648,1322.87367168,3,0.0,3.5428765476908097e-10,Rank-
CAAGTCGCAGTCACTC-1,1,16,6,1105,0,0,0,154.2676992,448.76511232,4,0.0,2.3270892261171097e-18,Rank-
CAAGTCGTAGGACTCG-1,1,72,118,1106,0,0,3,1679.97899776,1800.09010176,3,0.0,0.000141299344250001,Rank-
CAAGTCTTGGCGATAG-1,1,8,44,1107,0,0,5,677.65183488,262.29262336,2,0.0,2.6996965427072972e-11,Rank-
CAAGTGAATTGGATGC-1,1,58,30,1108,0,0,2,474.88927744,1454.99588608,3,0.0,0.00019569280266296118,Rank-
CAAGTGTTCGCCACGC-1,1,45,89,1109,0,0,5,1287.59103488,1151.64027904,2,0.0,0.001753019168972969,Rank-
CAAGTGTTGACGGCCA-1,1,16,46,1110,0,0,4,703.4006528,453.64462592,0,0.0,1.0,Rank+
CAATAACTACATTAAC-1,1,38,38,1111,0,0,3,588.9197568,978.22987264,0,0.0,1.0,Rank+
CAATAACTCAAGGCAA-1,1,59,49,1112,0,0,6,735.45530368,1481.19512064,2,0.0,6.579933252261677e-17,Rank-
CAATAAGCGGCCAGAT-1,1,18,90,1113,0,0,7,1307.03401984,506.79378944,3,0.0,6.380784572587728e-14,Rank-
CAATAAGGTAACTCGT-1,1,53,11,1114,0,0,2,215.0739456,1333.2332544,5,0.0,0.004119865596294403,Rank-
CAATAAGGTAGCGATG-1,1,76,58,1115,0,0,1,855.49133824,1888.3717632,0,0.0,1.0,Rank+
CAATAATCGTAGGATA-1,1,15,69,1116,0,0,3,1019.36792576,432.55011328,3,1.0,0.8940723538398743,Background
CAATCCATGCCGATGC-1,1,6,86,1117,0,0,4,1254.63555072,219.65318144,2,1.0,0.10727258771657944,Background
CAATCCGAGGTGCTAG-1,1,10,72,1118,0,0,3,1061.63202048,313.48998144,0,0.0,1.0,Rank+
CAATCGTCGGAGCATG-1,1,47,93,1119,0,0,4,1342.09144832,1199.9099289600001,2,1.0,0.983460009098053,Background
CAATCGTGAAGTGATA-1,1,12,12,1120,0,0,8,237.44463872,353.9524096,4,0.0,1.1879043484552126e-13,Rank-
CAATCTATGAGGTCAG-1,1,29,5,1121,0,0,12,137.7524224,759.25231616,0,0.0,0.9999995231628418,Rank+
CAATCTTATTAGAATG-1,1,4,24,1122,0,0,8,403.87358720000003,164.32700416,4,0.0,1.0,Rank+
CAATGCAGATCATAGA-1,1,4,34,1123,0,0,0,541.17559296,165.5281152,4,0.0,1.8200640782917513e-14,Rank-
CAATGCATTGACGGCA-1,1,52,90,1124,0,0,1,1299.8273536,1318.9700608,0,0.0,1.0,Rank+
CAATGGCTGAGCGATT-1,1,58,6,1125,0,0,2,145.33443584,1452.06817792,3,0.0,0.9997208714485168,Rank+
CAATGTCCGTTGCGTG-1,1,74,120,1126,0,0,3,1707.0790656,1848.13454336,0,0.0,1.0,Rank+
CAATTACAGGTGTCAT-1,1,10,92,1127,0,0,4,1336.16096256,315.89220352,0,0.0,1.0,Rank+
CAATTGAACCGGCTCG-1,1,27,71,1128,0,0,3,1044.29097984,719.46551296,0,0.0,0.9974195957183838,Rank+
CAATTGTTGACGTGAG-1,1,53,27,1129,0,0,2,434.72712704,1335.1850598400001,3,1.0,0.7438721060752869,Background
CACCAGGCACGCTATC-1,1,16,80,1130,0,0,10,1170.18243072,457.77344512,3,0.0,0.9999853372573853,Rank+
CACCATAAGCTGGCTG-1,1,39,37,1131,0,0,3,574.95684096,1001.95181568,0,0.0,0.9999998807907104,Rank+
CACCATAGGTAACCAG-1,1,45,127,1132,0,0,10,1809.24857344,1156.21951488,0,0.0,0.9999997615814209,Rank+
CACCATTCTTACGAGC-1,1,35,13,1133,0,0,11,246.30283264,903.53577984,0,0.0,1.0,Rank+
CACCGAGTCTTGGACA-1,1,18,50,1134,0,0,3,757.90106624,501.91427584,0,0.0,1.0,Rank+
CACCTACATGATTGAT-1,1,69,73,1135,0,0,1,1062.83313152,1722.99378688,0,0.0,1.0,Rank+
CACCTACCGCTACCTT-1,1,27,21,1136,0,0,9,357.85602048,713.38488832,0,0.0,0.9999995231628418,Rank+
CACCTAGAATACTTCT-1,1,42,16,1137,0,0,11,286.0145664,1071.09076992,0,0.0,1.0,Rank+
CACCTAGACGAGCCGG-1,1,44,88,1138,0,0,5,1274.07853568,1127.61805824,2,0.0,9.118808410191886e-14,Rank-
CACCTATTACTCAGAT-1,1,68,80,1139,0,0,7,1159.14722304,1699.9474688,0,0.0,1.0,Rank+
CACCTCGAAGCGCTAG-1,1,10,126,1140,0,0,10,1802.94274048,320.02102272,4,0.0,0.999645471572876,Rank+
CACCTCGAGCGATGCT-1,1,27,77,1141,0,0,1,1126.64215552,720.21620736,0,0.0,1.0,Rank+
CACCTCGAGGACTCTA-1,1,12,28,1142,0,0,0,457.09782016,355.90421504,1,0.0,3.9295600879333164e-28,Rank-
CACCTTAGCTATTGTC-1,1,50,54,1143,0,0,0,806.02057728,1266.7968,1,0.0,2.5685772925498895e-05,Rank-
CACGAACGGTCTTCAG-1,1,1,33,1144,0,0,8,528.1135104,93.76173056,4,0.0,0.00016716920072212815,Rank-
CACGAAGGTGAATGGT-1,1,3,119,1145,0,0,13,1708.35524608,151.94054656,1,0.0,9.773056271154576e-29,Rank-
CACGACCTCCGTCATA-1,1,65,93,1146,0,0,2,1338.26290688,1629.83261184,3,0.0,1.8846553757612128e-06,Rank-
CACGAGGCCATCCACT-1,1,53,59,1147,0,0,0,874.03348992,1339.08867072,1,0.0,1.2414269576765946e-06,Rank-
CACGAGGTATAGGTAT-1,1,55,81,1148,0,0,1,1175.66249984,1389.5353344,0,0.0,1.0,Rank+
CACGATAAGGCCTAAG-1,1,4,52,1149,0,0,0,788.30418944,167.70512896,1,0.0,2.5162312486175257e-33,Rank-
CACGATCATACAATTA-1,1,42,74,1150,0,0,0,1082.27611648,1078.14729728,1,0.0,2.0343970862599606e-26,Rank-
CACGATGGTGCTAATA-1,1,19,109,1151,0,0,4,1567.67511552,532.993024,2,1.0,0.314093679189682,Background
CACGCCACAATCGCAC-1,1,24,66,1152,0,0,2,976.2780672,647.17364224,5,1.0,0.9766819477081299,Background
CACGCCACTCCTTCAT-1,1,71,57,1153,0,0,4,842.8046028800001,1768.78614528,0,0.0,1.0,Rank+
CACGCCTGGCGAATGT-1,1,70,124,1154,0,0,1,1762.7805900800001,1753.09663232,0,0.0,1.0,Rank+
CACGCTTATCAATCTT-1,1,64,94,1155,0,0,2,1352.22582272,1606.1106688,3,0.0,5.757616236223839e-05,Rank-
CACGGATTCTCATCAC-1,1,49,37,1156,0,0,1,572.85489664,1240.82277376,0,0.0,1.0,Rank+
CACGGCGACGGTGCCT-1,1,62,100,1157,0,0,2,1435.02741504,1559.04212992,3,0.0,3.0134546250337735e-05,Rank-
CACGGCGATACATACG-1,1,54,108,1158,0,0,2,1546.5055334400001,1368.8912384,3,0.0,0.0038355174474418163,Rank-
CACGGCGTCAGCCTGC-1,1,31,121,1159,0,0,0,1729.82510592,821.10953472,4,0.0,3.7218889753172014e-16,Rank-
CACGGCTGCGCTTGGC-1,1,57,37,1160,0,0,3,571.20336896,1431.949568,0,0.0,1.0,Rank+
CACGGCTTACTCCGTT-1,1,59,75,1161,0,0,4,1092.41049088,1484.34803712,2,1.0,0.99298095703125,Background
CACGGTCTCCTTACGA-1,1,0,2,1162,0,0,8,102.69499392,66.13617664,4,0.0,2.055935763632956e-20,Rank-
CACGGTCTTGGTTAAT-1,1,54,86,1163,0,0,1,1244.50117632,1366.263808,0,0.0,0.9999996423721313,Rank+
CACGGTGCCGGACCAC-1,1,2,22,1164,0,0,8,376.8485888,116.28256256,4,0.0,4.215034918320093e-11,Rank-
CACGTACGTAGCTCAT-1,1,59,63,1165,0,0,0,927.70813952,1482.92171776,4,0.0,7.267888918556307e-25,Rank-
CACGTAGGTAGGCTGA-1,1,25,71,1166,0,0,7,1044.66632704,671.64627968,3,0.0,1.573597480618305e-13,Rank-
CACGTCAAGTGCGATC-1,1,23,71,1167,0,0,10,1045.1167436800001,623.90211584,5,0.0,1.0,Rank+
CACGTCCACGACCTAT-1,1,39,73,1168,0,0,0,1069.21403392,1006.38091264,1,0.0,1.658971919881846e-24,Rank-
CACGTGCCAGAATTCT-1,1,36,126,1169,0,0,10,1797.46267136,941.14556928,2,0.0,1.0,Rank+
CACGTGGCGGCACTAG-1,1,45,117,1170,0,0,7,1672.02163712,1155.01840384,3,0.0,6.365480658132583e-05,Rank-
CACGTTGCACATACCG-1,1,60,76,1171,0,0,4,1105.92299008,1508.37025792,0,0.0,1.0,Rank+
CACTACAATATTGCGG-1,1,14,64,1172,0,0,3,950.90459648,408.07747584000003,0,0.0,1.0,Rank+
CACTACCATACGCAGA-1,1,15,1,1173,0,0,8,85.80436992,424.29247488,4,0.0,8.675249898371091e-20,Rank-
CACTACCTTCGCTTCA-1,1,62,44,1174,0,0,1,666.24128,1552.28588032,0,0.0,1.0,Rank+
CACTACTGCGGAATTG-1,1,36,48,1175,0,0,1,726.59710976,931.68681984,0,0.0,0.9999970197677612,Rank+
CACTACTGGCTGAACC-1,1,21,81,1176,0,0,3,1182.79409664,577.35906304,5,0.0,0.9999505281448364,Rank+
CACTAGTCGACATCTA-1,1,54,54,1177,0,0,0,805.19481344,1362.36019712,1,0.0,6.723628102621866e-23,Rank-
CACTCAAGACCATGCA-1,1,67,45,1178,0,0,3,678.85294592,1671.7964288,0,0.0,1.0,Rank+
CACTCAAGACGGACTA-1,1,39,119,1179,0,0,1,1700.6981632,1011.9360512000001,2,0.0,0.00205264356918633,Rank-
CACTCAAGGCGGCACT-1,1,73,89,1180,0,0,2,1281.66054912,1820.50898944,5,1.0,0.03804916515946388,Background
CACTCAATAAGCCGAA-1,1,23,41,1181,0,0,3,633.28579584,620.29878272,0,0.0,1.0,Rank+
CACTCAATAGTGATGC-1,1,55,125,1182,0,0,1,1779.67121408,1394.86526464,0,0.0,1.0,Rank+
CACTCAATGGTTCGGA-1,1,65,85,1183,0,0,7,1228.43631616,1628.85670912,3,0.0,0.9992848038673401,Rank+
CACTCAGAGCAACCGG-1,1,4,62,1184,0,0,5,925.6061952,168.98130944,2,0.0,1.292333718621402e-17,Rank-
CACTCAGTACTCCGCT-1,1,22,16,1185,0,0,6,290.29352448000003,593.34885376,2,0.0,2.4023944183819423e-13,Rank-
CACTCATCACGTTACG-1,1,48,6,1186,0,0,11,147.5114496,1213.1972198400001,3,0.0,1.0,Rank+
CACTCGTAGGCCACGG-1,1,58,118,1187,0,0,2,1682.98177536,1465.6557465600001,3,0.0,4.8164809918205265e-09,Rank-
CACTGGATCGATACGA-1,1,15,53,1188,0,0,1,799.71474432,430.59830784,0,0.0,1.0,Rank+
CACTGGCCAGCCAGAT-1,1,42,56,1189,0,0,0,835.14752,1075.97028352,1,0.0,4.804067097781229e-28,Rank-
CACTGGCGGTAACACC-1,1,17,29,1190,0,0,6,469.78455552,475.48983296,2,0.0,2.0874144865956623e-06,Rank-
CACTGGTGAGACGCTT-1,1,51,61,1191,0,0,0,901.9593216000001,1291.5697152,1,0.0,8.79868000680517e-09,Rank-
CACTGGTGAGTTATCG-1,1,41,17,1192,0,0,11,299.97748224000003,1047.29375744,3,1.0,0.74247145652771,Background
CACTGGTGGCGTCGTT-1,1,10,10,1193,0,0,8,210.41964032,305.98303744000003,4,0.0,7.369119884970132e-06,Rank-
CACTTGACATTCAGAA-1,1,43,83,1194,0,0,6,1205.6152064,1103.1454208,2,0.0,6.68660172327763e-20,Rank-
CAGAACATGATAGGAC-1,1,25,109,1195,0,0,5,1566.39893504,676.30058496,2,0.0,3.5334803669684334e-06,Rank-
CAGAACATGCCTAGTG-1,1,62,120,1196,0,0,3,1709.55635712,1561.444352,3,0.0,6.103661235101754e-06,Rank-
CAGAACGTATCGACTT-1,1,54,36,1197,0,0,1,558.06621696,1360.18318336,0,0.0,1.0,Rank+
CAGAAGATTAGAATGG-1,1,12,6,1198,0,0,8,155.09346304,353.27678464,4,0.0,5.077156117656745e-24,Rank-
CAGAAGTCGCGGTTAT-1,1,27,95,1199,0,0,4,1373.7707520000001,722.39322112,2,1.0,0.9605259299278259,Background
CAGACACTTACAAGAC-1,1,53,105,1200,0,0,7,1505.59268864,1344.64380928,3,0.0,7.474389163153461e-11,Rank-
CAGACAGTCGGATCTG-1,1,36,84,1201,0,0,0,1220.85430272,936.04084736,1,0.0,2.5012855285497514e-31,Rank-
CAGACGAATGAGGAAC-1,1,34,94,1202,0,0,0,1358.53165568,889.49779456,1,0.0,2.9881556348523915e-18,Rank-
CAGACGCACTACTGAC-1,1,6,22,1203,0,0,8,376.02282496,211.84595968,4,0.0,9.310295718023553e-05,Rank-
CAGACGCAGTAGGTCT-1,1,31,81,1204,0,0,4,1180.69215232,816.2300211200001,2,0.0,1.992746589962735e-08,Rank-
CAGAGCAATGGCTTCT-1,1,19,9,1205,0,0,0,194.8051968,520.83177472,1,0.0,1.3541671039941442e-26,Rank-
CAGAGGCACTTAAGTC-1,1,36,38,1206,0,0,2,589.37017344,930.41063936,3,1.0,0.036525748670101166,Background
CAGAGGCAGCACATGG-1,1,27,123,1207,0,0,0,1758.1262848000001,725.77134592,4,0.0,0.00011928376625292003,Rank-
CAGAGGCGAATTGCCA-1,1,70,56,1208,0,0,4,829.29210368,1744.8389939200001,2,1.0,0.8796480298042297,Background
CAGAGTCAATCCGCTG-1,1,5,25,1209,0,0,0,417.3860864,188.34922496000002,4,0.0,3.1606501238456985e-07,Rank-
CAGAGTCATGTACAGG-1,1,66,82,1210,0,0,3,1187.07305472,1652.42851328,0,0.0,1.0,Rank+
CAGATACAGCACTCGT-1,1,13,41,1211,0,0,5,635.38774016,381.3527552,2,0.0,1.659856678770666e-07,Rank-
CAGATATGTCCTTAAG-1,1,63,119,1212,0,0,3,1695.66851072,1585.2413644800001,0,0.0,1.0,Rank+
CAGATTATCATAACGC-1,1,29,37,1213,0,0,9,577.05878528,763.0808576000001,5,0.0,1.0,Rank+
CAGATTCCGTATGCGA-1,1,42,76,1214,0,0,0,1109.75153152,1078.3725056,1,0.0,5.867611026777283e-22,Rank-
CAGATTCGAACAGGTG-1,1,7,81,1215,0,0,1,1185.79687424,242.92470784,0,0.0,1.0,Rank+
CAGATTGCCTGTAAGT-1,1,41,67,1216,0,0,0,986.4124416,1053.37438208,1,0.0,6.165575276494039e-22,Rank-
CAGCACGCTAATCAGA-1,1,29,27,1217,0,0,9,439.83184896,761.8797465600001,0,0.0,0.9999998807907104,Rank+
CAGCATCCTCGCCACT-1,1,14,80,1218,0,0,3,1170.55777792,410.02928128,3,0.0,0.9999768733978271,Rank+
CAGCCAACGATAGCTT-1,1,31,5,1219,0,0,12,137.3770752,806.99648,5,0.0,0.9999949932098389,Rank+
CAGCCAGTCCTGTCGG-1,1,29,77,1220,0,0,4,1126.19173888,767.9603712,0,0.0,1.0,Rank+
CAGCCATGTCTGCCGT-1,1,40,52,1221,0,0,4,780.722176,1027.7006336,2,0.0,1.447956421429808e-08,Rank-
CAGCCTCGTGGCTCAC-1,1,39,25,1222,0,0,10,410.2544896,1000.52549632,5,0.0,1.0,Rank+
CAGCCTGGTTGAACTA-1,1,14,88,1223,0,0,3,1280.38436864,411.005184,0,0.0,1.0,Rank+
CAGCGATAACTGAACC-1,1,65,69,1224,0,0,4,1008.78313472,1626.97997312,2,0.0,1.450184612394878e-07,Rank-
CAGCGATAATGCGATT-1,1,11,61,1225,0,0,1,910.36709888,336.01081344,0,0.0,1.0,Rank+
CAGCTCACGCACTAGA-1,1,71,93,1226,0,0,2,1336.9867264,1773.21524224,5,0.0,1.0,Rank+
CAGCTCCTCGGATTCT-1,1,24,70,1227,0,0,7,1031.15382784,647.69912832,5,1.0,0.01183590292930603,Background
CAGCTCCTTAGGTAAG-1,1,4,16,1228,0,0,8,294.04699648,163.35110144,4,0.0,1.5548859977343454e-08,Rank-
CAGCTGGATGCGGCTA-1,1,26,34,1229,0,0,9,536.52128768,691.08926464,0,0.0,0.9999926090240479,Rank+
CAGCTGGCGATAAGTG-1,1,17,21,1230,0,0,8,359.9579648,474.51393024,1,0.0,5.569988372443324e-13,Rank-
CAGCTGTTGCCGGAGT-1,1,48,112,1231,0,0,2,1602.732544,1226.10916352,3,0.0,8.497237286064774e-05,Rank-
CAGCTTCACTACCGTG-1,1,13,47,1232,0,0,4,717.73891584,382.10344960000003,2,0.0,1.0,Rank+
CAGCTTCTAGCTGGCA-1,1,14,118,1233,0,0,0,1692.29038592,414.60851712,4,0.0,1.0839915192345598e-23,Rank-
CAGCTTGGTTCGGTCG-1,1,56,88,1234,0,0,1,1271.52617472,1414.23318016,0,0.0,1.0,Rank+
CAGGACAGAAGGCTGG-1,1,56,96,1235,0,0,3,1381.35276544,1415.20908288,0,0.0,1.0,Rank+
CAGGACATGGTAATGC-1,1,27,69,1236,0,0,3,1016.8155648000001,719.24030464,0,0.0,0.9999970197677612,Rank+
CAGGACCTACATAGTC-1,1,67,117,1237,0,0,7,1667.3673318400001,1680.57955328,3,1.0,0.012589145451784134,Background
CAGGAGCGTATCGCAT-1,1,56,46,1238,0,0,4,694.91780608,1409.12845824,2,0.0,1.4248672414396424e-05,Rank-
CAGGCCAACAGCGAGT-1,1,65,61,1239,0,0,6,898.956544,1626.0040704,1,0.0,5.844573416891134e-24,Rank-
CAGGCCAACGGTCGTA-1,1,22,42,1240,0,0,1,647.17364224,596.50177024,0,0.0,1.0,Rank+
CAGGCCGTATCTGTTA-1,1,48,56,1241,0,0,0,833.94640896,1219.27784448,1,0.0,6.72072692709279e-39,Rank-
CAGGCGAGGTCTTGGA-1,1,55,75,1242,0,0,5,1093.31132416,1388.78464,2,1.0,0.9792904853820801,Background
CAGGTACCACTCGCGG-1,1,56,118,1243,0,0,2,1683.432192,1417.91158272,3,0.0,2.7251529921556994e-09,Rank-
CAGTAATATCACTACG-1,1,11,75,1244,0,0,11,1102.54486528,337.73741056,0,0.0,1.0,Rank+
CAGTACAGTTGTGGAA-1,1,41,87,1245,0,0,0,1260.94138368,1055.8516736,1,0.0,5.587751615054124e-38,Rank-
CAGTAGATTGACGGAT-1,1,60,34,1246,0,0,7,529.31462144,1503.265536,3,0.0,0.9997591376304626,Rank+
CAGTATACTGCAGCAA-1,1,18,2,1247,0,0,0,98.94152192,496.05885952,5,1.0,0.019097480922937393,Background
CAGTATCTTACACTAA-1,1,56,98,1248,0,0,3,1408.8281804800001,1415.50936064,0,0.0,1.0,Rank+
CAGTATGCGTGGCGCT-1,1,25,81,1249,0,0,1,1181.9683328,672.92246016,5,0.0,1.0,Rank+
CAGTCAGCCGATCCGG-1,1,48,82,1250,0,0,5,1190.82652672,1222.43076096,2,0.0,8.253186388174072e-05,Rank-
CAGTCTCACTTAAGCA-1,1,22,126,1251,0,0,6,1800.3903795200001,606.71121408,4,0.0,3.120699879066713e-12,Rank-
CAGTCTGGTAATCTAC-1,1,48,14,1252,0,0,2,257.33804032,1214.17312256,3,1.0,0.15157726407051086,Background
CAGTCTGTGGCGCTGC-1,1,14,58,1253,0,0,1,868.5534208,407.32678144,0,0.0,1.0,Rank+
CAGTGAACAGCAACGA-1,1,33,101,1254,0,0,0,1454.8457472,866.45147648,1,0.0,1.4474576729263736e-14,Rank-
CAGTGAAGATACATAA-1,1,43,5,1255,0,0,0,134.82471424,1093.61160192,1,0.0,7.997532909109855e-28,Rank-
CAGTGATATTGATGTC-1,1,40,124,1256,0,0,4,1769.16149248,1036.40868864,0,0.0,1.0,Rank+
CAGTGCCTTGCGGTCT-1,1,47,47,1257,0,0,6,710.5322496,1194.27972096,2,0.0,5.847057830182488e-21,Rank-
CAGTTGCAACCGAGAT-1,1,67,59,1258,0,0,6,871.10578176,1673.52302592,2,0.0,1.0678907358396827e-07,Rank-
CAGTTGCACGGACAGG-1,1,26,20,1259,0,0,11,344.34352128,689.3626675200001,0,0.0,1.0,Rank+
CAGTTGCGACTTCTCG-1,1,46,98,1260,0,0,1,1410.9301248,1176.56333312,0,0.0,0.999870777130127,Rank+
CAGTTGCTCACGTGTC-1,1,23,45,1261,0,0,9,688.1615564800001,620.74919936,0,0.0,1.0,Rank+
CATACAATGAGTAGCT-1,1,45,15,1262,0,0,9,271.67630336,1142.63194624,0,0.0,1.0,Rank+
CATACCAGGTTCCTAA-1,1,3,125,1263,0,0,0,1790.70642176,152.69124096000002,1,0.0,0.0006636384641751647,Rank-
CATACCTACCGAAGGA-1,1,0,20,1264,0,0,8,349.8235904,68.3131904,4,0.0,1.8867216340368032e-06,Rank-
CATACCTCGATTGTTC-1,1,58,38,1265,0,0,3,584.71586816,1455.9717888,0,0.0,1.0,Rank+
CATAGAACATTGAACA-1,1,23,65,1266,0,0,2,962.765568,623.15142144,3,1.0,0.9488632678985596,Background
CATAGACGAGGTATTA-1,1,75,53,1267,0,0,3,787.02800896,1863.89912576,0,0.0,1.0,Rank+
CATAGCTTGACAACGG-1,1,9,25,1268,0,0,0,416.56032256000003,283.91262208,1,0.0,1.160961170948438e-11,Rank-
CATATCAGACTATCCA-1,1,7,17,1269,0,0,8,307.18414848000003,235.11748608,4,1.0,0.03377760201692581,Background
CATATCCGTTCACCTC-1,1,8,72,1270,0,0,1,1062.00736768,265.7458176,0,0.0,1.0,Rank+
CATATGTTGACTGGCG-1,1,49,109,1271,0,0,7,1561.29421312,1249.60589824,3,0.0,0.0001731798256514594,Rank-
CATATTCATCCGCATT-1,1,65,83,1272,0,0,3,1200.96090112,1628.6315008,0,1.0,0.09203844517469406,Background
CATCAGATACTAATCG-1,1,43,69,1273,0,0,0,1013.43744,1101.41882368,4,0.0,2.9591421590618083e-16,Rank-
CATCAGGTAGGACCGT-1,1,19,15,1274,0,0,0,277.15637248,521.58246912,1,0.0,3.637323686689342e-07,Rank-
CATCAGGTGCCTGATA-1,1,20,80,1275,0,0,10,1169.28159744,553.33684224,5,0.0,1.0,Rank+
CATCAGTAATCAGACA-1,1,66,84,1276,0,0,7,1214.47340032,1652.6537216,3,1.0,0.672787606716156,Background
CATCCGAAGCGTATGG-1,1,22,44,1277,0,0,3,674.64905728,596.72697856,0,0.0,1.0,Rank+
CATCCGCCTAAGGAAC-1,1,42,52,1278,0,0,6,780.27175936,1075.44479744,2,0.0,1.0,Rank+
CATCCGGTACCAACGA-1,1,61,43,1279,0,0,1,652.7287808,1528.26365952,0,0.0,1.0,Rank+
CATCCGTGCGGTCTAC-1,1,61,93,1280,0,0,7,1339.08867072,1534.34428416,3,0.0,2.184703020704712e-13,Rank-
CATCCGTGGTCGTAAG-1,1,20,34,1281,0,0,4,537.79746816,547.78170368,2,0.0,0.000719828880392015,Rank-
CATCCGTTAAGCGTGC-1,1,26,122,1282,0,0,8,1744.6137856,701.74912512,4,0.0,1.1035155473189105e-19,Rank-
CATCCTAGTGGTATGT-1,1,49,111,1283,0,0,2,1588.76962816,1249.83110656,3,0.0,6.903698522364721e-05,Rank-
CATCCTGGTACCTGCT-1,1,29,1,1284,0,0,12,82.87666176,758.72683008,0,0.0,1.0,Rank+
CATCCTTCGACTAAGT-1,1,7,37,1285,0,0,0,581.71309056,237.59477760000001,1,0.0,1.1308761852373996e-24,Rank-
CATCGCGGATGATATG-1,1,26,124,1286,0,0,0,1772.08920064,701.97433344,4,1.0,0.9941352605819702,Background
CATCGCGGTCGGTGCG-1,1,42,90,1287,0,0,6,1301.92929792,1080.09910272,2,0.0,4.1849878597288726e-14,Rank-
CATCGGATCCTACCTG-1,1,69,55,1288,0,0,4,815.77960448,1720.81677312,0,0.0,0.0003414081293158233,Rank-
CATCGGCATGTCGAAG-1,1,40,114,1289,0,0,4,1631.85948672,1035.2075776,2,1.0,0.9796938300132751,Background
CATCGGCCTGCATATC-1,1,50,98,1290,0,0,1,1410.1043609600001,1272.12673024,0,0.0,1.0,Rank+
CATCGGTAGCGTCCGA-1,1,68,52,1291,0,0,4,774.79169024,1696.569344,2,0.0,1.0,Rank+
CATCTGGCCATACTAG-1,1,55,109,1292,0,0,2,1560.01803264,1392.9134592,3,1.0,0.9391963481903076,Background
CATCTGGCGAATGTCG-1,1,73,111,1293,0,0,2,1583.73997568,1823.13641984,5,1.0,0.9721764326095581,Background
CATCTGTACCACGCGA-1,1,19,121,1294,0,0,0,1732.37746688,534.41934336,5,0.0,3.1917561926775306e-09,Rank-
CATCTTACTTGCACTC-1,1,77,85,1295,0,0,7,1225.8839552,1915.54690048,3,0.0,1.998273688741392e-07,Rank-
CATGATACTCAGGATT-1,1,63,117,1296,0,0,7,1668.19309568,1585.01615616,3,1.0,0.008765832521021366,Background
CATGATAGGCCATGAG-1,1,48,60,1297,0,0,0,888.8221696,1219.72826112,1,0.0,5.310119965268312e-12,Rank-
CATGATGCATGTGCTA-1,1,43,11,1298,0,0,11,217.17588992,1094.36229632,2,0.0,1.0649682735675015e-06,Rank-
CATGATGCTAGCCATG-1,1,45,115,1299,0,0,7,1644.54622208,1154.79319552,3,1.0,0.7634109258651733,Background
CATGCACGCCGACGGA-1,1,67,85,1300,0,0,2,1228.06096896,1676.6759424,3,0.0,2.1875501410306697e-10,Rank-
CATGCAGAAGTCAGGA-1,1,16,52,1301,0,0,1,785.75182848,454.39532032,0,0.0,1.0,Rank+
CATGCATATGACGTCG-1,1,42,0,1302,0,0,0,66.36138496,1069.13896448,1,0.0,7.890173677696938e-27,Rank-
CATGCATATTCTGCCT-1,1,13,73,1303,0,0,3,1074.69410304,385.25636608,3,1.0,0.0049898396246135235,Background
CATGCGAGTGAGCTAA-1,1,20,126,1304,0,0,0,1800.84079616,558.8919808,4,0.0,0.9999669790267944,Rank+
CATGCGCTACTGGAGG-1,1,26,110,1305,0,0,5,1579.91143424,700.32280576,2,0.0,2.7446582333279235e-12,Rank-
CATGCGGCCGGAATTC-1,1,67,49,1306,0,0,1,733.803776,1672.3219148800001,0,0.0,1.0,Rank+
CATGGTGAGGCAGCAT-1,1,70,66,1307,0,0,4,966.51904,1746.04010496,0,0.0,0.9972035884857178,Rank+
CATGTCCACCTGCGTC-1,1,50,62,1308,0,0,0,915.847168,1267.77270272,1,0.0,1.5322191219333644e-20,Rank-
CATGTTACCGAAGGCG-1,1,41,77,1309,0,0,0,1123.7144473600001,1054.57549312,4,0.0,3.5041702363097886e-19,Rank-
CATGTTATTGATGCAG-1,1,34,10,1310,0,0,12,205.38998784,879.28835072,0,0.0,0.0004980290541425347,Rank-
CATGTTGAGCCGGAAC-1,1,56,0,1311,0,0,2,63.4336768,1403.57331968,3,0.0,7.030918527912251e-15,Rank-
CATTAACTATTGTTCC-1,1,35,67,1312,0,0,4,987.68862208,910.06682112,2,0.0,0.0007730551878921688,Rank-
CATTAAGTAGCTTACC-1,1,67,113,1313,0,0,2,1612.41650176,1680.0540672,3,0.0,4.513427853680696e-08,Rank-
CATTAGGATAGTGAAT-1,1,22,64,1314,0,0,2,949.2530688,599.20427008,3,1.0,0.8826779127120972,Background
CATTAGGCAATGGTTA-1,1,36,96,1315,0,0,0,1385.55665408,937.46716672,1,0.0,1.2024670090973856e-31,Rank-
CATTCTGTGCATGCTC-1,1,59,7,1316,0,0,2,158.92200448,1476.09039872,5,1.0,0.40908315777778625,Background
CATTGCAGCGAAGACC-1,1,8,60,1317,0,0,4,897.30501632,264.2444288,2,0.0,1.0,Rank+
CATTGCGTGCCACCTT-1,1,27,35,1318,0,0,9,550.03378688,715.11148544,0,0.0,0.9997441172599792,Rank+
CATTGCTATGTTAGCT-1,1,52,54,1319,0,0,0,805.64523008,1314.61603328,1,0.0,4.962891094649679e-25,Rank-
CATTGGCGGTTGAGTC-1,1,48,104,1320,0,0,3,1492.90595328,1225.1332608,0,0.0,1.0,Rank+
CATTGTCGGTCGCTAG-1,1,5,57,1321,0,0,5,856.69244928,192.25283584,2,0.0,0.003514105686917901,Rank-
CCAACAGGAACACGGT-1,1,21,33,1322,0,0,4,523.8345523200001,571.50364672,2,1.0,0.26495498418807983,Background
CCAACTGGAGATTCAT-1,1,73,65,1323,0,0,1,952.18077696,1817.58128128,0,0.0,1.0,Rank+
CCAACTTGCCACCGTA-1,1,33,99,1324,0,0,0,1427.4454016,866.15119872,1,0.0,3.3167405035783304e-06,Rank-
CCAACTTGCGTTAACC-1,1,6,52,1325,0,0,5,787.8537728,215.52436224000002,2,0.0,7.319303514272403e-18,Rank-
CCAAGCCTGTATTAAT-1,1,71,95,1326,0,0,2,1364.46214144,1773.44045056,5,0.0,1.0,Rank+
CCAAGCTGGCCATTGC-1,1,55,53,1327,0,0,0,791.2318976,1386.1572096,1,0.0,2.7944965666108735e-24,Rank-
CCAATACCAACACGCC-1,1,20,92,1328,0,0,7,1334.0590182400001,554.7631616,3,0.0,0.9999778270721436,Rank+
CCAATAGAAGACTTGG-1,1,50,120,1329,0,0,2,1712.10871808,1274.8292300800001,3,1.0,0.01737554371356964,Background
CCAATAGCGGTACGTG-1,1,64,106,1330,0,0,2,1516.92817408,1607.53698816,5,0.0,1.0,Rank+
CCAATCTAACGTGACG-1,1,19,45,1331,0,0,1,688.98732032,525.18580224,0,0.0,1.0,Rank+
CCAATCTTGCCTATGG-1,1,42,86,1332,0,0,6,1247.05353728,1079.57361664,1,0.0,6.458976208163782e-30,Rank-
CCAATTATGACACTGG-1,1,57,35,1333,0,0,3,543.72795392,1431.7243596800001,0,1.0,0.9917169213294983,Background
CCACAGGAAGATGTGC-1,1,70,74,1334,0,0,3,1076.34563072,1747.01600768,0,0.0,1.0,Rank+
CCACGAACGCTGCCGC-1,1,56,70,1335,0,0,6,1024.39757824,1412.0561664,2,0.0,1.6672903058179145e-08,Rank-
CCACGATCCTAATCCG-1,1,19,47,1336,0,0,3,716.46273536,525.41101056,0,0.0,1.0,Rank+
CCACGTCAATCAACAT-1,1,43,127,1337,0,0,10,1809.69899008,1108.47535104,0,0.0,1.0,Rank+
CCACGTCGGTCGCTTC-1,1,55,71,1338,0,0,6,1038.36049408,1388.3342233600001,2,0.0,4.603334555112729e-19,Rank-
CCACGTGCCACCTCAA-1,1,34,44,1339,0,0,7,672.09669632,883.41716992,3,0.0,0.0006684114341624081,Rank-
CCACGTGGACTGCGGT-1,1,14,70,1340,0,0,3,1033.3308416,408.82817024,0,0.0,0.9999840259552002,Rank+
CCACTAATCACCGGTA-1,1,12,40,1341,0,0,5,621.87524096,357.40560384,2,1.0,0.011333635076880455,Background
CCACTCCAGCACCTAC-1,1,14,90,1342,0,0,1,1307.85978368,411.23039232,0,0.0,1.0,Rank+
CCACTCTGTAGTCGGA-1,1,62,106,1343,0,0,2,1517.37859072,1559.7928243200001,5,1.0,0.014841921627521515,Background
CCAGACAATATCGTTA-1,1,42,82,1344,0,0,6,1192.1027072,1079.1232,1,0.0,5.005845852837934e-24,Rank-
CCAGACAGAACCTAAG-1,1,25,89,1345,0,0,1,1291.79492352,673.89836288,0,0.0,1.0,Rank+
CCAGACATCCGGTTCT-1,1,33,105,1346,0,0,0,1509.79657728,866.9018931200001,1,0.0,7.58873911649474e-21,Rank-
CCAGATAGACGAGGTG-1,1,30,68,1347,0,0,1,1002.47730176,790.7814809600001,0,0.0,1.0,Rank+
CCAGATAGCGTAGTGA-1,1,14,102,1348,0,0,4,1472.63720448,412.65671168,0,0.0,1.0,Rank+
CCAGATGATATGTAGG-1,1,54,48,1349,0,0,6,722.84363776,1361.60950272,2,0.0,7.484220167358325e-18,Rank-
CCAGATTGTAGCCTAC-1,1,46,30,1350,0,0,7,477.36656896,1168.3807641600001,3,1.0,0.47650277614593506,Background
CCAGCACTCGACTGAC-1,1,36,82,1351,0,0,0,1193.37888768,935.8156390400001,2,0.0,9.714249871628673e-15,Rank-
CCAGCGGATTCCGCTG-1,1,41,15,1352,0,0,11,272.5020672,1047.06854912,3,0.0,0.9997634291648865,Rank+
CCAGGATACCGTTAGT-1,1,4,114,1353,0,0,13,1639.44150016,175.2871424,1,0.0,6.901982809531478e-37,Rank-
CCAGGTCCACATCCAT-1,1,56,12,1354,0,0,2,228.13602816,1405.07470848,5,0.0,1.0,Rank+
CCAGTGTCACAGCGCC-1,1,13,17,1355,0,0,8,305.907968,378.50011648000003,4,0.0,2.038466617726442e-12,Rank-
CCAGTGTCTAGCTACG-1,1,56,108,1356,0,0,2,1546.13018624,1416.71047168,3,0.0,6.468359181610595e-11,Rank-
CCAGTTGTGATGCAAG-1,1,5,49,1357,0,0,6,746.86585856,191.27693312,2,0.0,8.297627395531732e-17,Rank-
CCATACGGAGCCAAGG-1,1,74,44,1358,0,0,2,663.68891904,1838.90100224,5,0.0,5.699225584976375e-05,Rank-
CCATAGTAGGTGCTTG-1,1,7,117,1359,0,0,0,1680.0540672,247.27873536,4,0.0,1.0974506280483987e-17,Rank-
CCATAGTATTGTCTGC-1,1,26,42,1360,0,0,9,646.3478784,692.06516736,3,0.0,1.0,Rank+
CCATAGTTCGAGTAAG-1,1,51,109,1361,0,0,2,1560.91886592,1297.35006208,3,0.0,2.68860185315134e-06,Rank-
CCATCGGACAACCGTG-1,1,51,123,1362,0,0,2,1753.09663232,1299.0766592,3,1.0,0.3226092755794525,Background
CCATCTGTGGCATCGT-1,1,34,56,1363,0,0,1,836.87411712,884.84348928,0,0.0,1.0,Rank+
CCATGAACAATGCTCC-1,1,39,115,1364,0,0,4,1645.82240256,1011.48563456,2,0.0,2.7525379309167874e-08,Rank-
CCATGAACATCGTTGG-1,1,26,114,1365,0,0,6,1634.78719488,700.7732224,2,0.0,1.1496516429192837e-20,Rank-
CCATGACAGGAGAACA-1,1,69,121,1366,0,0,3,1721.86774528,1728.77413376,0,0.0,0.9999992847442627,Rank+
CCATGGTTCCAATGTC-1,1,69,67,1367,0,0,4,980.4819558400001,1722.24309248,0,0.0,0.9999996423721313,Rank+
CCATTATCGTTACCTT-1,1,9,35,1368,0,0,0,553.86232832,285.11373312,1,0.0,9.511933954403309e-32,Rank-
CCATTCCGGTTCTTCC-1,1,53,121,1369,0,0,2,1725.24587008,1346.59561472,3,0.0,1.8809365176508663e-10,Rank-
CCATTCGTCTGCTCTA-1,1,30,104,1370,0,0,6,1496.65942528,795.13550848,2,0.0,1.7890620540583768e-08,Rank-
CCATTCTTACGCGTTA-1,1,4,120,1371,0,0,13,1721.86774528,175.96276736000002,1,0.0,5.634011940575909e-28,Rank-
CCATTGGCAATTCTCA-1,1,35,7,1372,0,0,12,163.95165696,902.78508544,0,1.0,0.9492329359054565,Background
CCGAAGCCAGGTTCAG-1,1,72,66,1373,0,0,1,966.1436928,1793.7842688,0,0.0,1.0,Rank+
CCGACAACGTCATCGG-1,1,33,79,1374,0,0,5,1152.84139008,863.74897664,2,0.0,5.920377077472949e-08,Rank-
CCGACAAGACTGTACT-1,1,32,92,1375,0,0,5,1331.5066572800001,841.45335296,2,0.0,3.8914314479110423e-13,Rank-
CCGACAAGGCACGGTT-1,1,66,116,1376,0,0,2,1653.85483264,1656.55733248,3,1.0,0.004779479932039976,Background
CCGACAAGTATTCATC-1,1,15,105,1377,0,0,4,1513.55004928,436.9041408,0,0.0,1.0,Rank+
CCGACAGACTGTGCCT-1,1,23,67,1378,0,0,2,990.2409830400001,623.4516992,5,0.0,1.0,Rank+
CCGAGGATGACTCGTC-1,1,37,63,1379,0,0,5,932.3624448,957.36056832,2,1.0,0.1480366736650467,Background
CCGAGTAATACACGAG-1,1,57,1,1380,0,0,2,76.946176,1427.59554048,3,0.0,9.797572475545024e-12,Rank-
CCGATAATGGAGCCTT-1,1,45,101,1381,0,0,4,1452.3684556800001,1153.0665984,0,0.0,1.0,Rank+
CCGATGGAACATCAGC-1,1,41,91,1382,0,0,6,1315.89221376,1056.30209024,1,0.0,2.0486303209515637e-21,Rank-
CCGATTAGCGAGTGTA-1,1,62,92,1383,0,0,7,1325.20082432,1558.0662272,3,1.0,0.02236033044755459,Background
CCGATTCCATAAGAGT-1,1,22,98,1384,0,0,1,1416.0348467200001,603.25801984,0,0.0,1.0,Rank+
CCGATTCCTCACTACA-1,1,25,91,1385,0,0,1,1319.27033856,674.1235712,0,0.0,1.0,Rank+
CCGCAAGGAAGGAGGC-1,1,24,14,1386,0,0,11,262.3676928,640.86780928,0,0.0,1.0,Rank+
CCGCAAGGTACCGTTG-1,1,50,94,1387,0,0,4,1355.15353088,1271.6763136,0,0.0,1.0,Rank+
CCGCAAGTAGCGGACT-1,1,43,3,1388,0,0,0,107.3492992,1093.3863936,1,0.0,3.1167124808627303e-32,Rank-
CCGCAATCCGTGGTTG-1,1,64,84,1389,0,0,7,1214.92381696,1604.90955776,3,0.0,0.0003045104967895895,Rank-
CCGCACAACGTGGTCA-1,1,3,1,1390,0,0,8,88.35673088,137.67735296,4,0.0,3.3283469313971636e-09,Rank-
CCGCAGTGATCACTGT-1,1,15,95,1391,0,0,1,1376.3231129600001,435.70302976,0,0.0,1.0,Rank+
CCGCATAGTACAGGTT-1,1,9,69,1392,0,0,1,1020.64410624,289.24255232,0,0.0,1.0,Rank+
CCGCATGTAGTTAGAC-1,1,23,17,1393,0,0,6,303.80602368,617.37107456,2,0.0,1.12304913632566e-14,Rank-
CCGCCACTGCGTTGGC-1,1,25,9,1394,0,0,9,193.52901632,664.13933568,0,0.0,0.9997082352638245,Rank+
CCGCGACCGTAGCTAT-1,1,24,2,1395,0,0,12,97.66534144,639.44148992,0,0.0,1.0,Rank+
CCGCGAGGTGCGATGG-1,1,64,36,1396,0,0,2,555.96427264,1599.05414144,5,0.0,1.0,Rank+
CCGCGTATCGTTGCAG-1,1,61,55,1397,0,0,0,817.4311321600001,1529.6899788800001,1,0.0,3.5942314486964237e-17,Rank-
CCGCGTCGTTGGTCTG-1,1,26,58,1398,0,0,2,866.00105984,694.0169728,5,1.0,0.8733021020889282,Background
CCGCGTGCTGATTAGT-1,1,76,114,1399,0,0,2,1624.27747328,1895.20308224,3,0.0,0.9993804693222046,Rank+
CCGCGTTACCTTGGCG-1,1,28,46,1400,0,0,9,700.84829184,740.33481728,3,1.0,0.05369749292731285,Background
CCGCGTTGACGGAACG-1,1,53,123,1401,0,0,7,1752.64621568,1346.82082304,3,0.0,4.724405755496264e-08,Rank-
CCGCTCAATCTGGAAC-1,1,13,61,1402,0,0,1,909.91668224,383.83004672,0,0.0,1.0,Rank+
CCGCTCATACAAGTCA-1,1,55,31,1403,0,0,7,489.22754048,1383.45470976,3,0.0,1.50522203057335e-06,Rank-
CCGCTCGCTAGTCTAA-1,1,46,32,1404,0,0,3,504.841984,1168.60597248,0,0.0,1.0,Rank+
CCGCTCTGCTGAATTC-1,1,40,102,1405,0,0,5,1467.08206592,1033.78125824,2,0.0,2.3421430159583832e-23,Rank-
CCGCTGGCACCAAGAC-1,1,17,113,1406,0,0,5,1623.0012928,485.6992768,2,0.0,4.2130736399581536e-11,Rank-
CCGCTGTCACCTGCAA-1,1,46,64,1407,0,0,0,944.14834688,1172.50958336,1,0.0,2.3488990192179014e-15,Rank-
CCGCTGTTGCCATACG-1,1,38,88,1408,0,0,0,1275.35471616,984.31049728,1,0.0,2.986691532670961e-29,Rank-
CCGGAGAAGCTAACCA-1,1,48,68,1409,0,0,6,998.6487603200001,1220.70416384,2,0.0,4.0625733888077775e-09,Rank-
CCGGAGACAAGAATAA-1,1,51,105,1410,0,0,3,1505.96803584,1296.89964544,3,0.0,1.0,Rank+
CCGGATCAGCCGACTA-1,1,13,107,1411,0,0,4,1541.47588096,389.38518528000003,2,0.0,6.369179317289309e-08,Rank-
CCGGATCTCCGAAGCG-1,1,61,63,1412,0,0,0,927.25772288,1530.6658816,1,0.0,1.3013498427732334e-13,Rank-
CCGGCATAGGCAAGTG-1,1,14,78,1413,0,0,7,1143.15743232,409.72900352,3,0.0,1.568313018651679e-05,Rank-
CCGGCATGAGCCGTCT-1,1,73,119,1414,0,0,3,1693.5665664,1824.11232256,0,0.0,1.0,Rank+
CCGGCGAACATCACGT-1,1,21,113,1415,0,0,5,1622.17552896,581.26267392,2,0.0,2.8825065001569783e-08,Rank-
CCGGCGAACCGTGCAC-1,1,30,62,1416,0,0,3,920.0510566400001,790.03078656,0,0.0,1.0,Rank+
CCGGCGAATGTACAGG-1,1,60,114,1417,0,0,2,1627.6555980800001,1512.94949376,5,0.0,0.9999614953994751,Rank+
CCGGCGAGAATATTGA-1,1,31,125,1418,0,0,0,1784.775936,821.55995136,4,1.0,0.008991791866719723,Background
CCGGCGCAGCATGCGA-1,1,51,67,1419,0,0,6,984.31049728,1292.24534016,1,0.0,7.074362603059094e-24,Rank-
CCGGCGCTAAGGATGA-1,1,40,22,1420,0,0,2,368.81615872000003,1024.02223104,5,1.0,0.790084183216095,Background
CCGGCGTCCTCATTGT-1,1,15,45,1421,0,0,4,689.8881536,429.62240512,2,0.0,0.00015025144966784865,Rank-
CCGGCGTCTTAATAAG-1,1,43,87,1422,0,0,5,1260.56603648,1103.59583744,2,0.0,3.959719357959912e-11,Rank-
CCGGTGGCTTCTGAGC-1,1,56,126,1423,0,0,10,1793.25878272,1418.88748544,0,0.0,1.0,Rank+
CCGTATAATCTGGCCG-1,1,58,76,1424,0,0,4,1106.37340672,1460.55102464,2,0.0,0.00021643692161887884,Rank-
CCGTCTTATGGACGAG-1,1,55,83,1425,0,0,1,1203.13791488,1389.76054272,0,0.0,1.0,Rank+
CCGTGAAGGATAACAG-1,1,26,72,1426,0,0,3,1058.25389568,695.66850048,3,0.0,1.0,Rank+
CCGTGCACTACCAGAA-1,1,10,106,1427,0,0,5,1528.33872896,317.61880064,2,0.0,7.283136471783135e-22,Rank-
CCGTGGCGTCGGTGCT-1,1,9,51,1428,0,0,5,773.51550976,287.06553856,2,1.0,0.7893269658088684,Background
CCTAACGCTGATGTCT-1,1,72,112,1429,0,0,2,1597.62782208,1799.4144768,5,0.0,0.9999523162841797,Rank+
CCTAACTACGAATATG-1,1,65,101,1430,0,0,2,1448.0894976,1630.80851456,5,0.0,0.9996308088302612,Rank+
CCTAACTTATGTTGGA-1,1,19,57,1431,0,0,3,853.76474112,526.68719104,3,0.0,0.9999737739562988,Rank+
CCTAAGCATGCCTTGT-1,1,26,82,1432,0,0,1,1195.480832,696.86961152,0,0.0,1.0,Rank+
CCTAAGGTTACAGTAA-1,1,64,104,1433,0,0,2,1489.52782848,1607.31177984,5,0.0,1.0,Rank+
CCTAATAGCGGACAGA-1,1,12,74,1434,0,0,3,1088.6570188800001,361.53442304,0,0.0,1.0,Rank+
CCTAATCAGGCCATTA-1,1,10,30,1435,0,0,0,485.02365184,308.38525952,1,0.0,3.607969340429102e-24,Rank-
CCTAATCCACAAGGAT-1,1,23,63,1436,0,0,2,935.29015296,622.92621312,3,1.0,0.2557360529899597,Background
CCTAATCGCTCACCAT-1,1,74,116,1437,0,0,7,1652.12823552,1847.6090572800001,3,0.0,4.859020918956958e-08,Rank-
CCTAATCGGCAGTCAC-1,1,70,64,1438,0,0,4,939.1186944,1745.81489664,0,1.0,0.5165914297103882,Background
CCTAATGGCACTGTTC-1,1,36,104,1439,0,0,0,1495.3832448,938.44306944,4,0.0,1.7771815517575544e-20,Rank-
CCTACACCGACATTAC-1,1,43,43,1440,0,0,4,656.4822528,1098.2659072000001,2,0.0,0.9984149932861328,Rank+
CCTACCACTCCAGTTA-1,1,31,79,1441,0,0,4,1153.29180672,816.0048128,2,0.0,0.9990936517715454,Rank+
CCTACCATCGCAGTAT-1,1,32,8,1442,0,0,12,178.28992,831.24390912,0,0.0,4.098683657513009e-18,Rank-
CCTACGAGCTGGCCGG-1,1,27,75,1443,0,0,1,1099.16674048,719.9159296,0,0.0,1.0,Rank+
CCTACGGTAAGACTCG-1,1,5,65,1444,0,0,4,966.51904,193.22873856,2,1.0,0.35033953189849854,Background
CCTAGCCTAGTACCGG-1,1,52,66,1445,0,0,0,970.34758144,1316.04235264,1,0.0,6.586338142779094e-24,Rank-
CCTAGCCTTCATCGGC-1,1,47,59,1446,0,0,0,875.3096704,1195.78110976,1,0.0,0.0009632454020902514,Rank-
CCTAGTCAGCGAACCA-1,1,56,104,1447,0,0,7,1491.17935616,1416.1849856000001,3,0.0,9.181591735796246e-07,Rank-
CCTAGTCAGTCCTTAT-1,1,27,27,1448,0,0,9,440.20719616,714.13558272,0,0.0,0.9992724061012268,Rank+
CCTATCTATCAATCGC-1,1,68,86,1449,0,0,2,1241.57346816,1700.6981632,3,0.0,8.345375590579351e-08,Rank-
CCTATGATGGTCAATG-1,1,67,51,1450,0,0,4,761.27919104,1672.5471232,0,0.0,1.0,Rank+
CCTATGCCAGCAATCC-1,1,54,66,1451,0,0,0,969.8971648,1363.78651648,1,0.0,2.0457894241041977e-27,Rank-
CCTATGCCGTCGGCAC-1,1,60,36,1452,0,0,7,556.79003648,1503.49074432,3,0.0,1.0,Rank+
CCTATGCCTTCTTGTT-1,1,28,94,1453,0,0,4,1359.80783616,746.1151641600001,2,0.0,0.9999991655349731,Rank+
CCTATGTCTTACCGGC-1,1,53,83,1454,0,0,4,1203.51326208,1342.01637888,0,0.0,1.0,Rank+
CCTCACAATACAACTG-1,1,14,28,1455,0,0,0,456.72247296,403.72344832,1,0.0,4.4330922093108606e-23,Rank-
CCTCACATGTACCTGG-1,1,64,44,1456,0,0,3,665.79086336,1600.03004416,0,0.0,1.0,Rank+
CCTCACATGTCTTACT-1,1,20,38,1457,0,0,4,592.74829824,548.23212032,2,1.0,0.023434080183506012,Background
CCTCACCTAGTGGCAA-1,1,29,87,1458,0,0,4,1263.49374464,769.16148224,0,0.0,1.0,Rank+
CCTCACGTTACTCGCA-1,1,17,89,1459,0,0,7,1293.52152064,482.77156864,3,1.0,0.07149273157119751,Background
CCTCACTTCCTTCCGA-1,1,39,7,1460,0,0,12,163.12589312,998.34848256,0,0.0,1.0,Rank+
CCTCATGATTATCTGA-1,1,27,29,1461,0,0,9,467.6826112,714.36079104,0,0.0,1.0,Rank+
CCTCCGAAGCTGTACC-1,1,69,47,1462,0,0,1,705.95301376,1719.8408704,0,0.0,1.0,Rank+
CCTCGATAGAATAGGA-1,1,27,73,1463,0,0,3,1071.76639488,719.69072128,0,0.0,1.0,Rank+
CCTCGCCAACTACAAG-1,1,12,102,1464,0,0,4,1473.0125516800001,364.91254784,2,1.0,0.421665221452713,Background
CCTCGCTTGAAGGTCA-1,1,3,3,1465,0,0,8,115.83214592,137.90256128000001,4,0.0,9.035488801600877e-08,Rank-
CCTCGGAAGGCATGCA-1,1,44,110,1466,0,0,1,1576.0828928,1130.24548864,0,0.0,1.0,Rank+
CCTCGGATCTTGCGGT-1,1,50,78,1467,0,0,5,1135.50034944,1269.72450816,2,0.0,2.0788047672137822e-10,Rank-
CCTCGGCGCCGATTGA-1,1,3,29,1468,0,0,0,472.71226368000004,141.05547776,4,1.0,0.0099702263250947,Background
CCTCGGTATGACAGTA-1,1,46,102,1469,0,0,1,1465.88095488,1177.0888192,0,0.0,1.0,Rank+
CCTCTACCGTGATTGG-1,1,33,67,1470,0,0,4,988.06396928,862.32265728,0,0.0,1.0,Rank+
CCTCTAGCTCTGGCAG-1,1,19,111,1471,0,0,5,1595.07546112,533.21823232,2,0.0,4.275919303012169e-15,Rank-
CCTCTAGCTGGTCCGC-1,1,66,92,1472,0,0,2,1324.37506048,1653.62962432,3,0.0,1.0,Rank+
CCTCTTCGAGCGGTTG-1,1,31,113,1473,0,0,0,1619.9985152,820.133632,4,0.0,1.0662966509755734e-08,Rank-
CCTGAAGCAATGCACG-1,1,12,14,1474,0,0,8,264.92005376000003,354.25268736,4,0.0,1.981448208634995e-12,Rank-
CCTGAAGCGTATAGCA-1,1,44,36,1475,0,0,1,560.16816128,1121.3122252800001,0,0.0,1.0,Rank+
CCTGAAGTGCATGCAT-1,1,64,42,1476,0,0,7,638.31544832,1599.8048358400001,0,1.0,0.6663888096809387,Background
CCTGCTCGCCGTCCAG-1,1,45,29,1477,0,0,2,463.85406976,1144.35854336,3,1.0,0.9524907469749451,Background
CCTGGATCTAGAGCCA-1,1,16,100,1478,0,0,1,1444.7113728,460.1756672,0,0.0,1.0,Rank+
CCTGGATTGCGTAACA-1,1,64,80,1479,0,0,3,1160.0480563200001,1604.38407168,0,0.0,1.0,Rank+
CCTGGCAACGAACGTC-1,1,61,115,1480,0,0,2,1641.16809728,1536.97171456,3,0.0,4.011325671626764e-08,Rank-
CCTGGCATACCTGTCA-1,1,9,19,1481,0,0,8,334.20914688,283.16192768,4,0.0,4.418836882566451e-18,Rank-
CCTGGCTTATGGTCTG-1,1,37,87,1482,0,0,0,1261.84221696,960.28827648,1,0.0,1.6017108733545683e-24,Rank-
CCTGTCATTGAATTAT-1,1,21,123,1483,0,0,0,1759.4024652800001,582.46378496,4,0.0,4.35864316644316e-14,Rank-
CCTGTCCTCAGTTGTA-1,1,40,36,1484,0,0,11,560.99392512,1025.74882816,0,0.0,1.0,Rank+
CCTGTCTAAGTAGGCT-1,1,30,114,1485,0,0,0,1633.96143104,796.33661952,4,0.0,1.3826453937326733e-07,Rank-
CCTGTCTGATAGGTGA-1,1,32,56,1486,0,0,3,837.32453376,837.09932544,0,1.0,0.8948051929473877,Background
CCTGTCTGCATAGGTC-1,1,45,77,1487,0,0,5,1122.81361408,1150.13889024,2,0.0,4.756987853756986e-14,Rank-
CCTGTCTTACAATCCT-1,1,12,32,1488,0,0,0,512.04865024,356.42970112,1,0.0,9.745586499257386e-13,Rank-
CCTTAATTGGAATATT-1,1,16,106,1489,0,0,4,1527.13761792,460.9263616,0,0.0,1.0,Rank+
CCTTAGATCTGTAATA-1,1,12,36,1490,0,0,6,566.92441088,356.88011776,2,0.0,3.457884645285958e-09,Rank-
CCTTAGCGTTCGCAGG-1,1,6,70,1491,0,0,4,1034.98236928,217.701376,2,0.0,0.0005290647968649864,Rank-
CCTTAGTCTGTCACTG-1,1,40,14,1492,0,0,11,258.989568,1023.04632832,3,0.0,4.02203768317122e-05,Rank-
CCTTAGTTATACCAGA-1,1,29,9,1493,0,0,9,192.70325248,759.7027328,0,1.0,0.027521412819623947,Background
CCTTATAGGCGAATAC-1,1,3,61,1494,0,0,6,912.093696,144.95908864,1,0.0,6.4293317879551e-37,Rank-
CCTTATAGGTCTCAAC-1,1,69,111,1495,0,0,2,1584.56573952,1727.57302272,5,0.0,0.0014914001803845167,Rank-
CCTTATGAGGCGTTCC-1,1,4,22,1496,0,0,8,376.4732416,164.10179584,4,0.0,4.552273729875596e-19,Rank-
CCTTCACCGACGGACA-1,1,14,30,1497,0,0,0,484.12281856,403.94865664,1,0.0,5.89795738344503e-35,Rank-
CCTTCATAGTACTTCA-1,1,8,86,1498,0,0,1,1254.1851340800001,267.39734528,0,0.0,1.0,Rank+
CCTTCCAACCTTCAGA-1,1,39,33,1499,0,0,2,520.08108032,1001.50139904,3,0.0,9.980008356183512e-13,Rank-
CCTTCCACTGCCTAAG-1,1,7,23,1500,0,0,0,389.53532416,235.86818048,4,0.0,1.0497704486157396e-17,Rank-
CCTTCCGCTCCGGCAT-1,1,51,57,1501,0,0,0,847.00849152,1291.04422912,1,0.0,5.722456787338693e-26,Rank-
CCTTGTCTACTTAGAC-1,1,33,107,1502,0,0,0,1537.27199232,867.12710144,4,1.0,0.5463711023330688,Background
CCTTGTCTAGTTCTTG-1,1,63,109,1503,0,0,10,1558.36650496,1584.04025344,5,0.0,1.0,Rank+
CCTTGTCTTACGGTTC-1,1,53,31,1504,0,0,7,489.67795712000003,1335.71054592,3,0.0,1.1498757501726686e-08,Rank-
CCTTGTGATGGTCTAG-1,1,44,80,1505,0,0,6,1164.25194496,1126.64215552,2,1.0,0.05494730547070503,Background
CGAACCAGAAGTCTGG-1,1,30,70,1506,0,0,1,1029.9527168,791.00668928,0,0.0,1.0,Rank+
CGAACTACAGATGTAA-1,1,41,33,1507,0,0,7,519.63066368,1049.24556288,3,0.0,0.9963726997375488,Rank+
CGAAGAACGACTCGAT-1,1,19,127,1508,0,0,0,1814.8037120000001,535.17003776,4,1.0,0.011735450476408005,Background
CGAAGACCGCCAGGCG-1,1,27,31,1509,0,0,9,495.15802624,714.58599936,0,0.0,1.0,Rank+
CGAAGAGCTCGTTCTA-1,1,3,73,1510,0,0,6,1076.79604736,146.385408,1,0.0,4.4455301052477704e-27,Rank-
CGAAGGAGAACAGTTG-1,1,1,125,1511,0,0,0,1791.08176896,104.94707712,1,0.0,1.7022122378307358e-08,Rank-
CGAAGTCGTTGGCTCG-1,1,25,7,1512,0,0,9,166.05360128,663.9141273600001,0,1.0,0.5937139987945557,Background
CGAATCCTGATAGGTG-1,1,8,16,1513,0,0,8,293.22123264,258.91449856,4,0.0,0.9999951124191284,Rank+
CGAATGGACCGTCTTG-1,1,38,92,1514,0,0,0,1330.2304768000001,984.76091392,1,0.0,9.46978699127245e-18,Rank-
CGAATTACTGCTCCGG-1,1,58,86,1515,0,0,3,1243.67541248,1461.82720512,0,0.0,1.0,Rank+
CGACAAGCACTCAGCC-1,1,6,68,1516,0,0,4,1007.50695424,217.47616768,0,0.0,1.0,Rank+
CGACAAGTACTCCTTA-1,1,30,50,1517,0,0,2,755.34870528,788.6044672,3,1.0,0.07788749039173126,Background
CGACAATCATACGCAC-1,1,15,41,1518,0,0,5,634.9373235200001,429.17198848,2,0.0,1.492638304623206e-11,Rank-
CGACAATTATTCTGTC-1,1,40,68,1519,0,0,0,1000.37535744,1029.65243904,1,0.0,3.4298988068693347e-26,Rank-
CGACAATTCGTCATGT-1,1,70,68,1520,0,0,1,993.99445504,1746.26531328,0,0.0,1.0,Rank+
CGACATTGTATGGAGG-1,1,28,26,1521,0,0,9,426.24428032000003,737.85752576,0,0.0,0.9977859258651733,Rank+
CGACCAAGGTGAGCCG-1,1,27,125,1522,0,0,0,1785.60169984,725.99655424,4,0.0,1.0,Rank+
CGACCAGAACTGTCAT-1,1,11,45,1523,0,0,5,690.71391744,334.059008,2,0.0,2.6038803058181514e-11,Rank-
CGACCAGAAGGATCCG-1,1,32,68,1524,0,0,1,1002.02688512,838.5256448,0,0.0,1.0,Rank+
CGACCAGATTCAGTGA-1,1,47,37,1525,0,0,1,573.3053132800001,1193.07860992,0,0.0,1.0,Rank+
CGACCAGCCTTGATTA-1,1,27,93,1526,0,0,4,1346.29533696,722.09294336,0,0.0,1.0,Rank+
CGACCTATACTGACGT-1,1,22,20,1527,0,0,6,345.16928512,593.7992704,2,0.0,0.9999862909317017,Rank+
CGACCTTGGCGTTCTA-1,1,55,9,1528,0,0,2,187.22318336,1380.75220992,3,0.0,0.00010801278403960168,Rank-
CGACGCAACATGGCGA-1,1,62,90,1529,0,0,7,1297.7254092800001,1557.84101888,3,1.0,0.10473915934562683,Background
CGACGCAGCCTTAGTC-1,1,46,92,1530,0,0,4,1328.57894912,1175.88770816,2,0.0,1.3239740326298488e-07,Rank-
CGACGCCAAGGTGCAA-1,1,36,22,1531,0,0,9,369.64192256,928.5339033600001,1,0.0,1.0,Rank+
CGACGCCAGAGGAACT-1,1,2,12,1532,0,0,8,239.54658304,115.08145152,4,0.0,3.980898810596045e-08,Rank-
CGACGCCGCAAGTAGC-1,1,42,112,1533,0,0,1,1604.00872448,1082.72653312,0,0.0,1.0,Rank+
CGACGCCGGAGTTGAG-1,1,72,48,1534,0,0,3,719.01509632,1791.60725504,0,0.0,1.0,Rank+
CGACGCTCCGCACGTG-1,1,50,46,1535,0,0,5,696.19398656,1265.82089728,2,0.0,7.507529212018305e-13,Rank-
CGACTAATCGGCTCCT-1,1,11,11,1536,0,0,8,223.93213952,330.00525824,4,0.0,5.628530198009685e-05,Rank-
CGACTAATGTTAGGCT-1,1,66,76,1537,0,0,3,1104.6468096,1651.6778188800001,0,0.0,1.0,Rank+
CGACTAGGAGATAAGC-1,1,47,39,1538,0,0,1,600.70565888,1193.30381824,0,0.0,1.0,Rank+
CGACTAGGTCCTTAAC-1,1,51,51,1539,0,0,0,764.65731584,1290.3686041600001,1,0.0,6.642305379500613e-05,Rank-
CGACTATCAAGCCGAC-1,1,1,23,1540,0,0,8,390.81150464,92.56061952,4,0.0,6.589561885977152e-22,Rank-
CGACTATCTTCGAGCG-1,1,0,110,1541,0,0,13,1585.3915033600001,79.1982592,1,0.0,3.2366486847884595e-21,Rank-
CGACTATTGGTACTAT-1,1,76,78,1542,0,0,3,1130.02028032,1890.77398528,0,0.0,0.9979962706565857,Rank+
CGACTGAACGAATGCT-1,1,24,100,1543,0,0,4,1443.05984512,651.30246144,0,0.0,1.0,Rank+
CGACTTCACTCGGCAT-1,1,42,36,1544,0,0,12,560.61857792,1073.492992,3,0.0,1.0,Rank+
CGACTTCGCAAGCGGT-1,1,14,92,1545,0,0,1,1335.33519872,411.45560064,0,0.0,1.0,Rank+
CGACTTGCACGCCTGC-1,1,11,107,1546,0,0,5,1541.8512281600001,341.64102144000003,2,0.0,1.0675031164537329e-16,Rank-
CGAGAACGACAAGACC-1,1,12,122,1547,0,0,0,1747.6165632,367.31476992,4,0.0,2.468772640849579e-22,Rank-
CGAGATGCCGCATCTT-1,1,23,111,1548,0,0,5,1594.24969728,628.78162944,2,0.0,0.003501641098409891,Rank-
CGAGCCTGCAAGGTTA-1,1,30,18,1549,0,0,2,316.0423424,784.70085632,5,0.0,1.0,Rank+
CGAGCGGCACAGTAGG-1,1,26,104,1550,0,0,5,1497.56025856,699.57211136,2,0.0,2.377349665039219e-05,Rank-
CGAGCGTAATGGAGTG-1,1,41,111,1551,0,0,1,1590.49622528,1058.70431232,0,0.0,1.0,Rank+
CGAGCGTATGCCAGCG-1,1,70,58,1552,0,0,6,856.69244928,1745.06420224,2,1.0,0.6825717687606812,Background
CGAGCGTGAAGTTAGC-1,1,64,116,1553,0,0,2,1654.2301798400001,1608.7380992,3,0.0,0.999996542930603,Rank+
CGAGCGTGGACTGGAA-1,1,15,85,1554,0,0,7,1239.0211072,434.50191872,3,0.0,1.0,Rank+
CGAGCTAAGGCCTGTA-1,1,54,118,1555,0,0,2,1683.8075392,1370.16741888,3,0.0,0.9987857937812805,Rank+
CGAGCTATGTCCTCGC-1,1,18,54,1556,0,0,3,812.77682688,502.43976192,0,0.0,1.0,Rank+
CGAGCTTAGAATACCT-1,1,37,99,1557,0,0,0,1426.54456832,961.71459584,1,0.0,2.4999417034078913e-30,Rank-
CGAGGAACGCTGTCCA-1,1,4,72,1558,0,0,5,1062.83313152,170.18242048,2,0.0,0.00026920592063106596,Rank-
CGAGGAAGACTTAGAT-1,1,41,73,1559,0,0,0,1068.76361728,1054.12507648,1,0.0,1.1512546737099717e-18,Rank-
CGAGGACGTAATAGGC-1,1,71,59,1560,0,0,4,870.20494848,1769.08642304,0,0.0,1.0,Rank+
CGAGGAGCGTTCGTTA-1,1,32,82,1561,0,0,5,1194.20465152,840.25224192,2,0.0,0.0023877189960330725,Rank-
CGAGGAGTCTAAGGAT-1,1,29,65,1562,0,0,1,961.48938752,766.53405184,0,0.0,1.0,Rank+
CGAGGATTCGATCATA-1,1,42,84,1563,0,0,0,1219.57812224,1079.34840832,1,0.0,2.5758286846630786e-29,Rank-
CGAGGCATCCAAGTCC-1,1,11,47,1564,0,0,5,718.18933248,334.35928576,2,0.0,8.524814187893526e-10,Rank-
CGAGTCAACAATCTGG-1,1,4,0,1565,0,0,8,74.39381504,161.399296,4,0.0,2.820312559881355e-12,Rank-
CGAGTCACTCATAGAT-1,1,52,56,1566,0,0,0,833.04557568,1314.8412416,1,0.0,1.0905530275859166e-23,Rank-
CGAGTCATCCGCACCA-1,1,43,45,1567,0,0,5,683.95766784,1098.49111552,2,1.0,0.09979967772960663,Background
CGAGTCCGTTGGAACT-1,1,39,17,1568,0,0,11,300.42789888,999.5495936,3,0.0,1.0,Rank+
CGAGTCGCGTAGACAT-1,1,77,99,1569,0,0,2,1418.13679104,1917.2734976,5,0.0,2.157447553940983e-09,Rank-
CGAGTCTTGTACTGCC-1,1,72,60,1570,0,0,4,883.7925171200001,1793.0335744000001,0,0.0,1.0,Rank+
CGAGTGCGGCTCGTGG-1,1,44,64,1571,0,0,0,944.59876352,1124.69035008,1,0.0,2.908953091200439e-18,Rank-
CGATAAGAATTCCAGT-1,1,38,50,1572,0,0,4,753.62210816,979.656192,0,0.0,0.9999996423721313,Rank+
CGATAAGGTGCCTGAC-1,1,34,82,1573,0,0,6,1193.8293043200001,887.99640576,2,0.0,1.0025744298389257e-30,Rank-
CGATGACCAGATCTGT-1,1,5,89,1574,0,0,6,1296.0738816,196.08137728,5,0.0,2.6101530333812184e-13,Rank-
CGATGACCTCATCCTC-1,1,67,39,1575,0,0,2,596.50177024,1671.0457344000001,5,0.0,0.0010100664803758264,Rank-
CGATGAGGCCAACGTA-1,1,41,89,1576,0,0,6,1288.41679872,1056.07688192,1,0.0,1.9754793455500574e-26,Rank-
CGATGATATTAGGCCG-1,1,11,121,1577,0,0,0,1734.104064,343.29254912,4,1.0,0.9905705451965332,Background
CGATGATCAGCTATAA-1,1,25,39,1578,0,0,3,605.35996416,667.81773824,0,0.0,1.0,Rank+
CGATGCACCAGGCCTC-1,1,32,62,1579,0,0,1,919.67570944,837.7749504,0,0.0,1.0,Rank+
CGATGCCGACCGTGAC-1,1,77,55,1580,0,0,3,814.05300736,1911.86849792,0,0.0,1.0,Rank+
CGATGCCTGCTCACCG-1,1,63,101,1581,0,0,2,1448.53991424,1583.06435072,3,0.0,6.85793929733336e-06,Rank-
CGATGTCCGACTACAG-1,1,39,55,1582,0,0,4,822.08543744,1004.12882944,2,1.0,0.3092085123062134,Background
CGATTAACTAATCTTA-1,1,68,50,1583,0,0,1,747.3162752000001,1696.26906624,0,0.0,0.9999414682388306,Rank+
CGATTGGAACAGGCCA-1,1,38,6,1584,0,0,12,149.61339392,974.32626176,0,0.0,1.0,Rank+
CGCAACCATGCACCGA-1,1,27,57,1585,0,0,2,852.11321344,717.73891584,5,1.0,0.2120414525270462,Background
CGCAAGTAGAGCTTGA-1,1,73,87,1586,0,0,2,1254.1851340800001,1820.20871168,5,0.0,1.0,Rank+
CGCAATGTATCCAATG-1,1,23,11,1587,0,0,11,221.37977856,616.62038016,0,1.0,0.9479461908340454,Background
CGCACGCAGGTAAGTC-1,1,26,32,1588,0,0,11,509.04587264,690.86405632,0,1.0,0.9933791160583496,Background
CGCACGCATAATGGTG-1,1,8,8,1589,0,0,8,183.39464192,257.93859584,4,0.0,7.401631592074409e-06,Rank-
CGCACGGCTGTCAGGT-1,1,17,65,1590,0,0,3,964.04174848,479.84386048,3,1.0,0.6352378726005554,Background
CGCACGTAGCATTGTT-1,1,47,107,1591,0,0,3,1534.26921472,1201.56145664,0,0.0,1.0,Rank+
CGCACGTATGAAGGCC-1,1,62,86,1592,0,0,3,1242.84964864,1557.3155328,0,0.0,1.0,Rank+
CGCACGTGACTGTTGG-1,1,42,12,1593,0,0,11,231.13880576,1070.64035328,2,0.0,1.0,Rank+
CGCACTAACTACCGGT-1,1,17,53,1594,0,0,3,799.2643276800001,478.41754112,0,0.0,1.0,Rank+
CGCACTCACCAGCACG-1,1,68,74,1595,0,0,1,1076.79604736,1699.1967744,0,0.0,1.0,Rank+
CGCACTGTGAGCCTGT-1,1,26,52,1596,0,0,9,783.64988416,693.2662784,3,0.0,0.9999983310699463,Rank+
CGCACTTAAGGCATGC-1,1,57,97,1597,0,0,3,1394.86526464,1439.23130368,0,0.0,1.0,Rank+
CGCAGACACTGGCGTA-1,1,59,31,1598,0,0,2,488.40177664,1479.01810688,3,0.0,1.953390791134546e-12,Rank-
CGCAGAGCAGTCCGAG-1,1,21,23,1599,0,0,6,386.607616,570.30253568,2,0.0,4.85985509612874e-08,Rank-
CGCAGATAGATGTTCT-1,1,43,47,1600,0,0,5,711.43308288,1098.71632384,2,0.0,1.030601826101929e-09,Rank-
CGCAGATATGGACAGT-1,1,9,75,1601,0,0,1,1102.99528192,289.99324672,0,0.0,1.0,Rank+
CGCAGATTCGACCGAA-1,1,45,33,1602,0,0,3,518.80489984,1144.80896,0,0.0,1.0,Rank+
CGCATCTTGACTTAGT-1,1,26,46,1603,0,0,9,701.29870848,692.515584,0,0.0,1.0,Rank+
CGCATGAGGAGCGTCT-1,1,27,85,1604,0,0,1,1236.46874624,721.19211008,0,0.0,1.0,Rank+
CGCATGGAATTCACGA-1,1,42,106,1605,0,0,4,1521.58247936,1082.05090816,0,1.0,0.9641510844230652,Background
CGCCAACCTGGCGAAT-1,1,8,12,1606,0,0,8,238.27040256,258.46408192,4,0.0,2.467593240851329e-09,Rank-
CGCCACAATAGCTCAA-1,1,16,30,1607,0,0,6,483.74747136,451.69282048,2,0.0,7.31262844055891e-05,Rank-
CGCCACATGCGTCCAA-1,1,41,119,1608,0,0,11,1700.322816,1059.6802150400001,0,0.0,1.0,Rank+
CGCCACCTGGAAGACA-1,1,22,118,1609,0,0,0,1690.5637888,605.73531136,1,0.0,6.315841889143025e-27,Rank-
CGCCATGAGGCGATGA-1,1,35,41,1610,0,0,7,630.73343488,906.91390464,3,1.0,0.6920740604400635,Background
CGCCGATTGTCCTTCG-1,1,10,98,1611,0,0,4,1418.51213824,316.64289792,0,0.0,0.9999412298202515,Rank+
CGCCGGACTAGGTACA-1,1,8,98,1612,0,0,5,1418.96255488,268.89873408,2,0.0,3.215408625120708e-13,Rank-
CGCCGGATCATTAGAC-1,1,12,104,1613,0,0,5,1500.48796672,365.13775616,2,0.0,0.9999288320541382,Rank+
CGCCTAACTTGATGGT-1,1,75,125,1614,0,0,1,1775.46732544,1872.6071808,0,0.0,1.0,Rank+
CGCCTAGAGCGTGGAG-1,1,14,104,1615,0,0,4,1500.03755008,412.95698944000003,2,0.0,0.9995161294937134,Rank+
CGCCTATTGCCTCGCC-1,1,5,73,1616,0,0,4,1076.34563072,194.20464128,2,0.0,4.209083914741285e-10,Rank-
CGCCTCGAGCCACTCG-1,1,33,93,1617,0,0,6,1345.01915648,865.47557376,2,0.0,5.75589195556941e-17,Rank-
CGCCTCGATAATGCGG-1,1,40,100,1618,0,0,5,1439.68172032,1033.48098048,2,0.0,5.1696414510304933e-11,Rank-
CGCCTCGGAACTGTGC-1,1,18,94,1619,0,0,3,1361.90978048,507.24420608,3,0.0,1.0,Rank+
CGCCTCGGCTACTCGC-1,1,1,29,1620,0,0,8,473.16268032,93.31131392,4,0.0,0.9971705079078674,Rank+
CGCCTCGTAGTCGTGA-1,1,55,119,1621,0,0,2,1697.3200384,1394.11457024,3,1.0,0.816967248916626,Background
CGCCTCTACTCGGAAC-1,1,63,35,1622,0,0,2,542.45177344,1575.03192064,5,0.0,1.0,Rank+
CGCCTTACGAGTAGCG-1,1,19,37,1623,0,0,5,579.1607296,524.20989952,2,0.0,4.2049958182133196e-08,Rank-
CGCCTTAGCGGCCTCC-1,1,14,98,1624,0,0,1,1417.6863744,412.20629504,0,0.0,1.0,Rank+
CGCCTTAGGATCGGCA-1,1,55,37,1625,0,0,3,571.57871616,1384.20540416,0,0.0,0.9999995231628418,Rank+
CGCCTTATCTTGGCGA-1,1,33,91,1626,0,0,6,1317.61881088,865.175296,2,0.0,1.5764408643431193e-15,Rank-
CGCCTTGACGTGAATC-1,1,19,17,1627,0,0,0,304.63178752,521.80767744,1,0.0,1.2592291643545757e-14,Rank-
CGCCTTGTGAAGTCTA-1,1,38,76,1628,0,0,0,1110.57729536,982.80910848,1,0.0,2.3967459169714976e-36,Rank-
CGCTAATTACATTAGG-1,1,76,116,1629,0,0,7,1651.6778188800001,1895.42829056,3,0.0,0.0007403736817650497,Rank-
CGCTACTCAGCCATAG-1,1,69,61,1630,0,0,5,898.13078016,1721.49239808,2,0.0,5.905467759248495e-08,Rank-
CGCTAGACTTCATCAC-1,1,16,42,1631,0,0,4,648.44982272,453.19420928,2,0.0,0.9996155500411987,Rank+
CGCTAGATGTATTCTA-1,1,22,124,1632,0,0,0,1772.91496448,606.48600576,4,0.0,0.00010572212340775877,Rank-
CGCTAGCCGCATGCAT-1,1,54,80,1633,0,0,4,1162.15000064,1365.5131136,2,0.0,0.9997294545173645,Rank+
CGCTATAGCGATCGCC-1,1,74,72,1634,0,0,3,1048.04445184,1842.27912704,0,0.0,1.0,Rank+
CGCTATAGTCTTCATC-1,1,27,109,1635,0,0,5,1565.9485184,724.0447488,2,0.0,2.2547042968020133e-15,Rank-
CGCTATGGTTGGTTAA-1,1,16,88,1636,0,0,7,1280.00902144,458.74934784,3,0.0,0.9998461008071899,Rank+
CGCTATTAATCTATAA-1,1,45,111,1637,0,0,3,1589.595392,1154.26770944,0,0.0,1.0,Rank+
CGCTATTATGATACGT-1,1,24,52,1638,0,0,9,784.1003008,645.52211456,0,0.0,1.0,Rank+
CGCTCGCAATTGGCGA-1,1,43,39,1639,0,0,1,601.60649216,1097.74042112,0,0.0,0.9996742010116577,Rank+
CGCTCGGCCGGTTGTC-1,1,49,63,1640,0,0,0,929.8100838400001,1244.05075968,1,0.0,1.2407916844780232e-34,Rank-
CGCTCGGTACTGCGAA-1,1,37,73,1641,0,0,12,1069.58938112,958.56167936,0,0.0,1.0,Rank+
CGCTCGTTATAGATCT-1,1,1,37,1642,0,0,0,582.9892710400001,94.2121472,4,0.0,1.6640130939826747e-10,Rank-
CGCTGACGGCACATGA-1,1,76,50,1643,0,0,7,745.58967808,1887.39586048,3,1.0,0.005479775834828615,Background
CGCTGCAATTAGGCGT-1,1,75,119,1644,0,0,3,1693.11614976,1871.8564864,3,1.0,0.6195969581604004,Background
CGCTGCGAGTCCACAT-1,1,65,71,1645,0,0,1,1036.25854976,1627.20518144,0,0.0,0.9999338388442993,Rank+
CGCTGCTATGACAGAC-1,1,32,112,1646,0,0,0,1606.1106688,843.85557504,4,0.0,1.5332212861421545e-17,Rank-
CGCTGCTTCGCATACT-1,1,33,81,1647,0,0,5,1180.31680512,863.97418496,2,0.0,9.595979690857348e-07,Rank-
CGCTGTGACATAGGCA-1,1,54,76,1648,0,0,4,1107.19917056,1365.06269696,2,0.0,8.424436148679604e-10,Rank-
CGCTTAGAATTCTTAC-1,1,57,33,1649,0,0,7,516.25253888,1431.49915136,3,0.0,6.383895148620589e-12,Rank-
CGCTTATGGTTAGGAT-1,1,42,70,1650,0,0,0,1027.40035584,1077.6218112,1,1.0,0.016786355525255203,Background
CGCTTGCGTACGGCAC-1,1,26,10,1651,0,0,9,207.04151552,688.1615564800001,0,0.0,0.9998351335525513,Rank+
CGCTTGCTTGGTCTGG-1,1,6,74,1652,0,0,1,1089.9331993600001,218.15179264,0,0.0,1.0,Rank+
CGCTTGGCTTGGATCT-1,1,18,92,1653,0,0,7,1334.50943488,507.01899776,3,0.0,1.0,Rank+
CGGAACCGATTGAGTC-1,1,14,100,1654,0,0,1,1445.1617894400001,412.43150336,0,0.0,1.0,Rank+
CGGACCAGCAGAATTC-1,1,1,107,1655,0,0,13,1544.02824192,102.77006336,1,0.0,5.2464094342331194e-36,Rank-
CGGACTGTGAGTATAG-1,1,46,56,1656,0,0,0,834.3217561600001,1171.53368064,1,0.0,1.0008457345924639e-18,Rank-
CGGAGCCATCTGGATA-1,1,73,59,1657,0,0,1,869.82960128,1816.83058688,0,0.0,0.9996702671051025,Rank+
CGGAGCCGCAATAGCC-1,1,58,98,1658,0,0,3,1408.37776384,1463.2535244800001,0,0.0,0.0011727135861292481,Rank-
CGGAGCGGTAAGACGC-1,1,37,41,1659,0,0,3,630.28301824,954.65806848,0,0.0,1.0,Rank+
CGGAGCGTAGAATCTT-1,1,8,94,1660,0,0,6,1364.0117248,268.373248,2,0.0,1.6429469269496622e-06,Rank-
CGGAGCTCACTTGCAT-1,1,34,2,1661,0,0,12,95.56339712,878.312448,0,0.0,0.9997227787971497,Rank+
CGGAGCTCCGATACCT-1,1,7,87,1662,0,0,4,1268.14804992,243.67540224,2,0.0,6.206004460329595e-12,Rank-
CGGAGCTCTTCCAACG-1,1,75,93,1663,0,0,2,1336.16096256,1868.70356992,3,0.0,0.9999947547912598,Rank+
CGGAGGCTAGTCGGCA-1,1,12,56,1664,0,0,1,841.5284224000001,359.28233984,0,0.0,0.9999990463256836,Rank+
CGGAGGTATCCTGCTA-1,1,55,1,1665,0,0,2,77.39659264,1379.8513766400001,3,0.0,0.00018933232058770955,Rank-
CGGAGTAAGGTGCGGT-1,1,18,106,1666,0,0,4,1526.68720128,508.74559488,2,1.0,0.0525566041469574,Background
CGGAGTGGCGACTAAG-1,1,48,100,1667,0,0,1,1437.9551232000001,1224.60777472,0,0.0,0.9999712705612183,Rank+
CGGAGTGGTCAAGTAT-1,1,50,68,1668,0,0,6,998.19834368,1268.52339712,2,0.0,2.7597520005671464e-22,Rank-
CGGATGTTGAACCACG-1,1,57,63,1669,0,0,0,928.08348672,1435.10248448,1,0.0,2.1355487990032695e-31,Rank-
CGGATTCCAGACGGTT-1,1,49,35,1670,0,0,3,545.3794816,1240.59756544,0,0.0,1.0,Rank+
CGGATTGCGTCTACCT-1,1,58,58,1671,0,0,0,859.24481024,1458.37401088,1,0.0,1.4982409993535839e-05,Rank-
CGGCAACCACTAGCAT-1,1,22,72,1672,0,0,2,1059.07965952,600.10510336,5,0.0,0.9999998807907104,Rank+
CGGCAACCTAAGTCCA-1,1,40,82,1673,0,0,0,1192.5531238400001,1031.30396672,1,0.0,5.1347483871566025e-25,Rank-
CGGCAAGATGCGTCGG-1,1,28,34,1674,0,0,9,536.14594048,738.8334284800001,0,1.0,0.5751045346260071,Background
CGGCAATCAACGTGGA-1,1,59,65,1675,0,0,0,955.1835545600001,1483.14692608,1,0.0,1.3737885707121987e-25,Rank-
CGGCAATTAATTGGAC-1,1,61,121,1676,0,0,3,1723.51927296,1537.72240896,2,0.0,1.0,Rank+
CGGCACTCTAGCGGAA-1,1,10,36,1677,0,0,0,567.37482752,309.13595392,2,0.0,1.7991180501640305e-28,Rank-
CGGCATGGCCGCTTGT-1,1,66,88,1678,0,0,2,1269.4242304,1653.10413824,3,0.0,9.724392124876857e-11,Rank-
CGGCATTATCGCGTGG-1,1,18,68,1679,0,0,3,1005.02966272,504.0912896,3,1.0,0.8569210767745972,Background
CGGCCATCAACCGGCG-1,1,65,99,1680,0,0,2,1420.61408256,1630.58330624,5,0.0,1.7268616829824168e-06,Rank-
CGGCCTAACGATAATG-1,1,56,84,1681,0,0,1,1216.65041408,1413.7827635200001,0,0.0,1.0,Rank+
CGGCCTGCGATCGATG-1,1,39,5,1682,0,0,0,135.65047808,998.12327424,1,0.0,6.380827107932419e-05,Rank-
CGGCCTGTCTGTCTGT-1,1,13,31,1683,0,0,0,498.08573440000004,380.15164416,1,0.0,1.0922669766627433e-18,Rank-
CGGCGTAGCGCTAGGA-1,1,52,52,1684,0,0,0,778.16981504,1314.31575552,1,0.0,7.185705635969415e-26,Rank-
CGGCTCGTGGAGTACT-1,1,51,9,1685,0,0,2,188.04894720000001,1285.26388224,5,1.0,0.9916257858276367,Background
CGGCTGACCGCTCGCA-1,1,67,111,1686,0,0,2,1584.94108672,1679.82885888,5,0.0,7.27563156033284e-06,Rank-
CGGCTGTACATGATGT-1,1,8,80,1687,0,0,1,1171.8339584,266.64665088,0,0.0,1.0,Rank+
CGGCTGTCGGTATTAC-1,1,76,122,1688,0,0,1,1734.104064,1896.17898496,0,1.0,0.8729909658432007,Background
CGGCTTACGTGCACGA-1,1,30,12,1689,0,0,9,233.69116672,783.95016192,0,0.0,1.0,Rank+
CGGCTTATTCGCTAAT-1,1,22,12,1690,0,0,11,235.3426944,592.82336768,0,1.0,0.9947403073310852,Background
CGGCTTCCAATAGGAA-1,1,77,117,1691,0,0,3,1665.26538752,1919.45051136,3,0.0,0.9996107220649719,Rank+
CGGCTTCTACGATATG-1,1,11,83,1692,0,0,1,1212.371456,338.71331328,0,0.0,1.0,Rank+
CGGCTTGTGCCGGCCT-1,1,58,36,1693,0,0,3,557.24045312,1455.74658048,0,0.0,1.0,Rank+
CGGTAGATTCCTATGC-1,1,39,31,1694,0,0,2,492.60566528,1001.27619072,5,1.0,0.1631067842245102,Background
CGGTAGGTACTCTACG-1,1,62,126,1695,0,0,10,1791.98260224,1562.1950464000001,0,0.0,1.0,Rank+
CGGTAGGTCTGGCAGA-1,1,1,7,1696,0,0,8,171.1583232,90.60881408,4,0.0,5.810685266283144e-12,Rank-
CGGTAGTGAGGCCGTT-1,1,8,0,1697,0,0,8,73.5680512,256.96269312,4,1.0,0.9748539924621582,Background
CGGTATAGGATGAGCG-1,1,29,51,1698,0,0,2,769.31162112,764.80745472,3,1.0,0.9900368452072144,Background
CGGTCAACGGCGGATT-1,1,38,20,1699,0,0,7,341.79116032,976.05285888,3,1.0,0.8042311072349548,Background
CGGTCAATTGGCCGAT-1,1,69,113,1700,0,0,2,1612.04115456,1727.8733004800001,3,0.0,3.0043882937036415e-09,Rank-
CGGTCATGGAGGACTC-1,1,46,44,1701,0,0,6,669.6194048,1170.03229184,2,0.0,7.062223448883742e-05,Rank-
CGGTCCATACTTGAGC-1,1,58,120,1702,0,0,7,1710.4571904,1465.95602432,3,0.0,3.209152055205777e-05,Rank-
CGGTCCATGCGACTCC-1,1,8,74,1703,0,0,1,1089.48278272,265.97102592,0,0.0,1.0,Rank+
CGGTCCATTACAACTA-1,1,40,44,1704,0,0,4,670.89558528,1026.72473088,0,0.0,1.0,Rank+
CGGTCTAGATCGAATG-1,1,62,58,1705,0,0,0,858.4190464,1553.937408,1,0.0,1.9306578616594635e-28,Rank-
CGGTCTGCGGACTCTG-1,1,6,26,1706,0,0,0,430.8985856,212.37144576,4,0.0,1.0101707484329273e-17,Rank-
CGGTCTGCGTATCTGG-1,1,63,83,1707,0,0,3,1201.41131776,1580.88733696,0,0.0,1.0,Rank+
CGGTCTGCTTGAATGA-1,1,53,9,1708,0,0,2,187.59853056,1333.00804608,5,0.0,1.0,Rank+
CGGTCTTATCCAAGCT-1,1,19,113,1709,0,0,5,1622.55087616,533.4434406400001,2,0.0,4.400366766668755e-18,Rank-
CGGTGAACGGTTAGAT-1,1,50,22,1710,0,0,2,366.7142144,1262.89318912,5,1.0,0.8845601677894592,Background
CGGTGAACTCACATTG-1,1,42,30,1711,0,0,2,478.26740224,1072.81736704,3,0.0,0.0019142704550176859,Rank-
CGGTGAACTCCACCAG-1,1,70,92,1712,0,0,2,1323.4742272,1749.19302144,5,1.0,0.9861552119255066,Background
CGGTGAGCATGTATAC-1,1,22,114,1713,0,0,5,1635.68802816,605.20982528,2,0.0,1.4549298181162906e-12,Rank-
CGGTTACCATCAACCA-1,1,62,104,1714,0,0,2,1489.90317568,1559.567616,3,0.0,0.9999240636825562,Rank+
CGGTTACGTCCATGAA-1,1,36,122,1715,0,0,5,1742.51184128,940.6200832000001,2,0.0,2.487243364157621e-06,Rank-
CGGTTAGGCCTGGACG-1,1,0,14,1716,0,0,8,267.47241472,67.562496,4,0.0,2.556700002805199e-14,Rank-
CGGTTATCTGTCTTAA-1,1,31,61,1717,0,0,1,906.16321024,813.8277990400001,0,0.0,1.0,Rank+
CGGTTGATTGAGCGCC-1,1,15,25,1718,0,0,0,415.28414208,427.22018304,1,0.0,1.3748839066606717e-33,Rank-
CGTAACAGGTCTTGAA-1,1,13,109,1719,0,0,5,1568.951296,389.6103936,2,0.0,7.240715565815577e-17,Rank-
CGTAACATAAGTCATC-1,1,16,84,1720,0,0,7,1225.05819136,458.2989312,3,1.0,0.9133813977241516,Background
CGTAACATCGTTACGG-1,1,35,1,1721,0,0,0,81.60048128,902.0343910400001,1,0.0,2.802596928649634e-45,Rank-
CGTAACATTCGCGATA-1,1,26,88,1722,0,0,1,1277.90707712,697.62030592,0,0.0,1.0,Rank+
CGTAACATTGGCTGAG-1,1,30,100,1723,0,0,6,1441.78366464,794.6100224,2,0.0,1.1337053518190032e-09,Rank-
CGTAACCGGTATGCTA-1,1,52,114,1724,0,0,2,1629.30712576,1321.8977689600001,3,1.0,0.13433094322681427,Background
CGTAACCTGACATCGA-1,1,15,51,1725,0,0,1,772.23932928,430.37309952,0,0.0,1.0,Rank+
CGTAACTAACAATCAT-1,1,7,119,1726,0,0,8,1707.4544128,247.50394368,4,0.0,1.1335588842393074e-23,Rank-
CGTAAGGATACGGCAC-1,1,39,125,1727,0,0,10,1783.04933888,1012.6867456,2,0.0,1.0,Rank+
CGTAATGTTATCGCCG-1,1,9,117,1728,0,0,0,1679.60365056,295.09796864,4,0.0,6.852633339108271e-15,Rank-
CGTACACGGCGTCTCC-1,1,22,122,1729,0,0,0,1745.51461888,606.185728,4,0.0,3.9260141131861726e-33,Rank-
CGTACAGACGAGGACC-1,1,20,58,1730,0,0,3,867.27724032,550.6343424,3,0.0,1.0,Rank+
CGTACAGGATTGGAAT-1,1,68,126,1731,0,0,10,1790.70642176,1705.50260736,0,0.0,1.0,Rank+
CGTACAGGCCGCACTG-1,1,15,71,1732,0,0,3,1046.8433408,432.7753216,3,0.0,4.050304778502323e-05,Rank-
CGTACAGTAAGTAATG-1,1,27,105,1733,0,0,5,1511.07275776,723.59433216,2,0.0,3.0362383540705196e-07,Rank-
CGTACATCACTGGATG-1,1,37,37,1734,0,0,7,575.4072576,954.20765184,3,0.0,0.0003124978393316269,Rank-
CGTAGCCAAGTCCGTC-1,1,39,21,1735,0,0,2,355.30365952,1000.07507968,3,0.0,0.9999703168869019,Rank+
CGTAGCCTTGAGCAAG-1,1,13,71,1736,0,0,3,1047.218688,385.03115776,0,0.0,0.9989810585975647,Rank+
CGTAGTACAAGGTACT-1,1,64,48,1737,0,0,4,720.7416934400001,1600.4804608,2,0.0,2.6536279619904235e-05,Rank-
CGTAGTACGCATAATG-1,1,40,58,1738,0,0,6,863.07335168,1028.451328,2,0.0,8.043448584049359e-15,Rank-
CGTAGTCCGAGCATGA-1,1,11,99,1739,0,0,4,1432.02463744,340.66511872,0,0.0,0.9999974966049194,Rank+
CGTAGTCGGTTATCGA-1,1,59,127,1740,0,0,10,1806.3208652800001,1490.65387008,0,0.0,1.0,Rank+
CGTAGTGACTCAAGGA-1,1,48,96,1741,0,0,1,1383.07936256,1224.15735808,0,0.0,1.0,Rank+
CGTAGTTATTGGTAGT-1,1,14,114,1742,0,0,6,1637.33955584,414.15810048000003,2,0.0,2.5300606567604794e-27,Rank-
CGTAGTTCGTTGGTAG-1,1,31,99,1743,0,0,6,1427.8207488,818.40703488,2,0.0,4.8710396827189584e-11,Rank-
CGTCAAGGCGGAATGT-1,1,40,66,1744,0,0,0,972.8999424,1029.35216128,1,0.0,0.0033095036633312702,Rank-
CGTCAGAACGTTGCCG-1,1,49,79,1745,0,0,5,1149.46326528,1245.92749568,2,0.0,1.992420464724809e-11,Rank-
CGTCCAATCTGCGTCC-1,1,54,46,1746,0,0,4,695.3682227200001,1361.3842944,2,0.0,2.8498913298702355e-12,Rank-
CGTCCACCATTCGGTG-1,1,21,3,1747,0,0,0,112.00360448,567.9003136,1,0.0,5.2827903055588913e-17,Rank-
CGTCCATCCTAGCATC-1,1,63,59,1748,0,0,0,871.9315456,1577.9596288,1,0.0,2.0993851732652977e-25,Rank-
CGTCCATCGTCCAATA-1,1,46,52,1749,0,0,0,779.44599552,1171.00819456,1,0.0,1.1016335811444059e-15,Rank-
CGTCCATGTAGCGTCT-1,1,57,89,1750,0,0,3,1285.03867392,1438.25540096,0,0.0,1.0,Rank+
CGTCGGATCGCAGAAC-1,1,11,87,1751,0,0,1,1267.32228608,339.16372992,0,0.0,1.0,Rank+
CGTCGGCAGACGGTAT-1,1,39,53,1752,0,0,4,794.6100224,1003.90362112,2,1.0,0.8067743182182312,Background
CGTCGGCGGTAGATCA-1,1,32,14,1753,0,0,9,260.71616512,831.99460352,0,0.0,0.9999996423721313,Rank+
CGTGAATGGTCCTGCG-1,1,11,93,1754,0,0,1,1349.67346176,339.91442432,0,0.0,1.0,Rank+
CGTGAGCAATGGACAT-1,1,61,49,1755,0,0,6,735.07995648,1528.93928448,2,0.0,9.657929221597636e-17,Rank-
CGTGAGCTGTTATCGT-1,1,62,76,1756,0,0,1,1105.54764288,1556.11442176,0,0.0,1.0,Rank+
CGTGAGGCATAATGGA-1,1,18,126,1757,0,0,0,1801.21614336,511.14781696,4,0.0,0.9999973773956299,Rank+
CGTGAGGCCTACAAGT-1,1,14,6,1758,0,0,0,154.6430464,401.02094848,4,1.0,0.3366767168045044,Background
CGTGAGGCTCTTGTGC-1,1,16,118,1759,0,0,0,1691.83996928,462.4277504,1,0.0,3.842770746048723e-33,Rank-
CGTGCGGATTCATGTA-1,1,23,37,1760,0,0,1,578.33496576,619.77329664,0,0.0,0.999997615814209,Rank+
CGTGGCTACATCCATT-1,1,71,87,1761,0,0,2,1254.63555072,1772.46454784,5,0.0,0.002165350830182433,Rank-
CGTGGCTCCTTGTCTT-1,1,36,36,1762,0,0,2,561.8947584,930.18543104,5,0.0,0.9999998807907104,Rank+
CGTGTACGATGATTGT-1,1,46,104,1763,0,0,1,1493.28130048,1177.31402752,0,0.0,1.0,Rank+
CGTGTAGACACCTTCC-1,1,27,115,1764,0,0,5,1648.29969408,724.7954432,1,0.0,1.0,Rank+
CGTGTAGTATTCTTGG-1,1,11,21,1765,0,0,0,361.23414528,331.20636928,1,0.0,2.4591070450854198e-17,Rank-
CGTGTATGAGGCCAGG-1,1,65,109,1766,0,0,10,1557.91608832,1631.78441728,5,0.0,0.9999833106994629,Rank+
CGTGTTAACCTGAAGC-1,1,52,10,1767,0,0,2,201.5614464,1309.2110336,5,1.0,0.015108502469956875,Background
CGTGTTACCATATGTA-1,1,40,8,1768,0,0,12,176.63839232,1022.37070336,1,0.0,2.664217452338566e-14,Rank-
CGTGTTGGACGTCTGG-1,1,10,44,1769,0,0,5,677.2014182400001,310.11185664,2,0.0,7.86514908757141e-10,Rank-
CGTTAACGAGAAGGAC-1,1,4,28,1770,0,0,0,458.82441728000003,164.85249024,4,0.0,5.20785033586435e-05,Rank-
CGTTACAGTGCACTCA-1,1,19,43,1771,0,0,1,661.5869747200001,524.9605939200001,0,0.0,1.0,Rank+
CGTTCCTGTCACCGTG-1,1,9,73,1772,0,0,1,1075.51986688,289.69296896000003,0,0.0,1.0,Rank+
CGTTCTCGAGGTTCGC-1,1,43,117,1773,0,0,3,1672.39698432,1107.27424,0,0.0,1.0,Rank+
CGTTGGTCGTCACTGT-1,1,44,42,1774,0,0,4,642.5944064,1122.06291968,0,0.0,1.0,Rank+
CGTTGGTGGCGTCTGC-1,1,5,53,1775,0,0,6,801.81668864,191.72734976,2,0.0,2.5279910069041407e-16,Rank-
CGTTGTGAGCAAGTGG-1,1,35,93,1776,0,0,0,1344.64380928,913.2197376,1,0.0,1.7814827535299435e-30,Rank-
CTAACAAGGCTCACTT-1,1,71,113,1777,0,0,2,1611.59073792,1775.61746432,5,0.0,0.9957286715507507,Rank+
CTAACAAGGTGATCAA-1,1,1,21,1778,0,0,8,363.3360896,92.3354112,4,0.0,1.5173069398133343e-11,Rank-
CTAACAGTATACCGGC-1,1,28,92,1779,0,0,4,1332.33242112,745.88995584,0,0.0,1.0,Rank+
CTAACCTCACCGAAGA-1,1,8,22,1780,0,0,8,375.57240832,259.66519296,4,0.0,1.1849597061767188e-14,Rank-
CTAACGTGAATGATGT-1,1,37,3,1781,0,0,0,108.62547968,950.07883264,1,0.0,1.853670285468991e-24,Rank-
CTAACGTTAGGCAATG-1,1,42,6,1782,0,0,0,148.78763008,1069.88965888,1,0.0,5.186651854080496e-21,Rank-
CTAAGAATTGATTCAC-1,1,12,110,1783,0,0,5,1582.8391424000001,365.88845056,2,0.0,1.34264064438858e-25,Rank-
CTAAGAGGCTATGTTC-1,1,7,83,1784,0,0,4,1213.27228928,243.14991616,0,0.0,1.0,Rank+
CTAAGCGTGCCTGCAA-1,1,34,80,1785,0,0,5,1166.35388928,887.77119744,2,0.0,6.132233160809804e-18,Rank-
CTAAGCTCCACGATCA-1,1,57,71,1786,0,0,5,1037.9100774400001,1436.0783872,2,0.0,1.9594824826846095e-14,Rank-
CTAAGCTTACAGTACG-1,1,55,79,1787,0,0,1,1148.1870848,1389.31012608,0,0.0,1.0,Rank+
CTAAGTCAAGATCATG-1,1,60,62,1788,0,0,0,913.74522368,1506.6436608000001,4,0.0,3.175501962077165e-12,Rank-
CTAATCTGGCCGTGTT-1,1,28,60,1789,0,0,7,893.02605824,741.98634496,3,1.0,0.21321138739585876,Background
CTAATGACATCATTCT-1,1,23,89,1790,0,0,3,1292.24534016,626.0791296,5,1.0,0.005004700738936663,Background
CTAATGAGCGAGGCTA-1,1,23,79,1791,0,0,7,1154.9433344,624.87801856,5,0.0,0.9999986886978149,Rank+
CTAATTACGCAATGGA-1,1,13,97,1792,0,0,1,1404.1738752,388.18407424000003,0,0.0,1.0,Rank+
CTAATTATGTTGCCGC-1,1,64,88,1793,0,0,2,1269.8746470400001,1605.3599744,3,1.0,0.9857776761054993,Background
CTACAACCGCTGTCTA-1,1,23,59,1794,0,0,7,880.41439232,622.47579648,3,0.0,7.423101022752121e-11,Rank-
CTACAGAACCAGTTGA-1,1,19,75,1795,0,0,10,1100.8933376,528.8642048,5,0.0,0.9991304278373718,Rank+
CTACAGAATTAATGAC-1,1,52,70,1796,0,0,6,1025.29841152,1316.49276928,2,0.0,2.1207809000698546e-13,Rank-
CTACAGATCGGTCGCC-1,1,34,48,1797,0,0,3,727.0475264,883.8675865600001,0,0.0,1.0,Rank+
CTACAGATGGTCATAC-1,1,30,36,1798,0,0,2,563.17093888,786.87787008,5,0.0,1.0,Rank+
CTACAGCGTCTACACT-1,1,46,70,1799,0,0,6,1026.49952256,1173.1852083200001,1,0.0,5.031807952593155e-31,Rank-
CTACAGGTAGAATTCC-1,1,61,89,1800,0,0,7,1284.21291008,1533.81879808,3,1.0,0.1765381246805191,Background
CTACATCTACTGGCTT-1,1,43,63,1801,0,0,0,931.08626432,1100.6681292800001,1,0.0,2.0206735953415104e-21,Rank-
CTACCAGACCTCTTAG-1,1,40,46,1802,0,0,4,698.29593088,1026.9499392,0,0.0,1.0,Rank+
CTACCAGGAGACATCT-1,1,57,47,1803,0,0,4,708.43030528,1433.15067904,2,0.0,2.9970006511226277e-12,Rank-
CTACCTGTAATAAGCA-1,1,73,73,1804,0,0,3,1062.00736768,1818.557184,0,0.0,1.0,Rank+
CTACCTGTGCGATGTA-1,1,13,1,1805,0,0,8,86.25478656,376.54831104,4,0.0,3.683976309993691e-16,Rank-
CTACCTTATCAACTGA-1,1,48,102,1806,0,0,1,1465.43053824,1224.83298304,0,0.0,1.0,Rank+
CTACGAATCAGCCTGG-1,1,11,63,1807,0,0,1,937.84251392,336.3110912,0,1.0,0.9766740202903748,Background
CTACGAATTGGCTGGT-1,1,45,95,1808,0,0,4,1369.94221056,1152.315904,2,1.0,0.17607182264328003,Background
CTACGAGCCTGGAGAC-1,1,48,12,1809,0,0,7,229.86262528,1213.94791424,3,1.0,0.023983212187886238,Background
CTACGATGCGTCCGGC-1,1,60,100,1810,0,0,2,1435.4027622400001,1511.29796608,3,0.0,3.064592419832479e-06,Rank-
CTACGCCTCCGCGTAT-1,1,15,121,1811,0,0,0,1733.27830016,438.85594624,4,0.0,1.104191227341289e-08,Rank-
CTACGCTACATCTGTT-1,1,16,48,1812,0,0,1,730.87606784,453.86983424,0,0.0,1.0,Rank+
CTACGCTTAGAAGTGC-1,1,21,85,1813,0,0,10,1237.74492672,577.80947968,5,0.0,1.0,Rank+
CTACTCGGCGTCTAAT-1,1,5,43,1814,0,0,0,664.51468288,190.52623872,1,0.0,1.6545404131062496e-18,Rank-
CTACTGAGTGACGGAC-1,1,11,119,1815,0,0,0,1706.62864896,343.0673408,4,0.0,3.5116551888592085e-09,Rank-
CTACTGCTCCGACAGT-1,1,44,94,1816,0,0,5,1356.42971136,1128.36875264,2,0.0,3.9072311608379096e-08,Rank-
CTACTTATGAACATAA-1,1,12,82,1817,0,0,3,1198.4836096,362.51032576,0,0.0,1.0,Rank+
CTAGACCTATCGTGCC-1,1,10,0,1818,0,0,8,73.11763456,304.78192640000003,4,0.0,2.5773914930473166e-14,Rank-
CTAGACGATTGAGCTA-1,1,50,96,1819,0,0,1,1382.62894592,1271.90152192,0,0.0,0.9999831914901733,Rank+
CTAGATACAGACCGAG-1,1,0,102,1820,0,0,13,1475.56491264,78.22235648,1,0.0,8.532353447237485e-27,Rank-
CTAGCAACCAGTGCGG-1,1,49,107,1821,0,0,3,1533.89386752,1249.3806899200001,3,1.0,0.006867487449198961,Background
CTAGCACGATCACTGT-1,1,55,95,1822,0,0,1,1367.8402662400001,1391.26193152,0,0.0,1.0,Rank+
CTAGCACGCCAAGCTT-1,1,8,66,1823,0,0,1,979.656192,264.9951232,0,0.0,1.0,Rank+
CTAGCATAGAGCGAGC-1,1,66,64,1824,0,0,5,939.94445824,1650.25149952,2,0.0,1.2722684017418828e-10,Rank-
CTAGCCGAAGATGGAC-1,1,12,50,1825,0,0,4,759.17724672,358.60671488,2,0.0,0.9999977350234985,Rank+
CTAGCCGATTCAATGC-1,1,8,40,1826,0,0,6,622.7010048,261.84220672,2,0.0,2.8628363679672475e-08,Rank-
CTAGCGCCTAGCTTAA-1,1,14,62,1827,0,0,3,923.42918144,407.85226752,0,0.0,1.0,Rank+
CTAGGACGCAAGCATT-1,1,16,40,1828,0,0,4,621.04947712,452.89393152,2,0.0,7.895856469986029e-06,Rank-
CTAGGCCAGGAGTACG-1,1,49,67,1829,0,0,6,984.68584448,1244.50117632,1,0.0,2.017352099655521e-23,Rank-
CTAGTCAGGCGACAGT-1,1,23,15,1830,0,0,6,276.33060864,617.0707968,2,0.0,0.9999988079071045,Rank+
CTAGTGTAGTAAGTCA-1,1,1,113,1831,0,0,13,1626.3794176000001,103.44568832,1,0.0,4.697982234953214e-25,Rank-
CTAGTGTTCAGATCCG-1,1,66,110,1832,0,0,2,1571.42858752,1655.80663808,5,0.0,1.0,Rank+
CTAGTTATGTCCAAGG-1,1,27,9,1833,0,0,9,193.07859968,711.95856896,0,1.0,0.031192442402243614,Background
CTAGTTCTACATGACG-1,1,65,95,1834,0,0,2,1365.73832192,1630.1328896,3,1.0,0.8178596496582031,Background
CTAGTTGTCCACGTCA-1,1,6,122,1835,0,0,8,1748.89274368,224.00720896,4,0.0,7.826860687343284e-12,Rank-
CTAGTTGTGCGTCACT-1,1,55,123,1836,0,0,3,1752.27086848,1394.64005632,0,0.0,1.0,Rank+
CTATAACCAGCAGTAT-1,1,41,5,1837,0,0,0,135.20006144,1045.86743808,1,0.0,3.521311638787796e-25,Rank-
CTATAACTCCTGGAGG-1,1,63,49,1838,0,0,4,734.62953984,1576.7585177600001,2,0.0,4.155725618964359e-17,Rank-
CTATACCGACTCGCAT-1,1,49,61,1839,0,0,0,902.3346688,1243.75048192,1,0.0,4.502452022325798e-10,Rank-
CTATAGATCCACAAGC-1,1,25,97,1840,0,0,4,1401.6215142400001,674.8742656000001,0,0.0,1.0,Rank+
CTATAGGTTGATGCCT-1,1,6,2,1841,0,0,8,101.41881344000001,209.4437376,4,1.0,0.2097131311893463,Background
CTATCCATAATCGATA-1,1,70,86,1842,0,0,2,1241.12305152,1748.44232704,3,1.0,0.6200554966926575,Background
CTATCCATTAGCTCGA-1,1,30,32,1843,0,0,2,508.2201088,786.352384,5,1.0,0.16068674623966217,Background
CTATCCATTGAGCCAC-1,1,47,35,1844,0,0,3,545.82989824,1192.8534016,0,0.0,1.0,Rank+
CTATCCGCTGCAATTG-1,1,24,24,1845,0,0,1,399.66969856000003,642.06892032,0,1.0,0.8261181116104126,Background
CTATCCGTACGTTGGC-1,1,10,4,1846,0,0,8,128.06846464,305.23234304,4,0.0,0.0002115736569976434,Rank-
CTATCGAATGGTCTGT-1,1,71,43,1847,0,0,7,650.55176704,1767.1346176,3,0.0,3.199376763518558e-08,Rank-
CTATCGAGATGCCTAC-1,1,16,58,1848,0,0,3,868.1030041600001,455.14601472,0,0.0,1.0,Rank+
CTATCGATCACGATTA-1,1,0,38,1849,0,0,8,596.95218688,70.49020416,4,0.0,2.763492424262201e-14,Rank-
CTATCGATCTGCGTGA-1,1,64,110,1850,0,0,10,1571.87900416,1608.06247424,5,0.0,1.0,Rank+
CTATCGCAGTCAATGG-1,1,8,90,1851,0,0,4,1309.13596416,267.92283136000003,2,0.0,2.193325826738146e-06,Rank-
CTATCGGATATCGGAG-1,1,30,66,1852,0,0,1,975.00188672,790.4812032,0,0.0,1.0,Rank+
CTATCGGCCGTCTGAC-1,1,71,91,1853,0,0,2,1309.5863808,1772.91496448,5,0.0,1.0,Rank+
CTATCGGCTTAACTAG-1,1,14,20,1854,0,0,8,346.89588224,402.7475456,1,0.0,1.2406723942239695e-28,Rank-
CTATCGTATCAGCGTG-1,1,19,19,1855,0,0,0,332.10720256,522.03288576,1,0.0,7.613767146138151e-20,Rank-
CTATCGTATGATAGGA-1,1,50,110,1856,0,0,2,1574.80671232,1273.62811904,3,0.0,2.320766867569546e-08,Rank-
CTATCGTTACAACCTT-1,1,64,68,1857,0,0,5,995.27063552,1602.95775232,2,1.0,0.7249627709388733,Background
CTATCGTTCCGCTCGT-1,1,54,122,1858,0,0,7,1738.7583692800001,1370.61783552,3,0.0,5.988501652609557e-05,Rank-
CTATGCAACAGAGTCG-1,1,13,101,1859,0,0,4,1459.12470528,388.63449088,2,0.0,0.9999580383300781,Rank+
CTATGCCACGAGGCTG-1,1,16,4,1860,0,0,0,126.79228416000001,448.539904,4,0.0,4.625091629129052e-11,Rank-
CTATGCCATGCGGACA-1,1,63,87,1861,0,0,7,1256.36214784,1581.3377536,3,0.0,2.9220761227355396e-11,Rank-
CTATGCCATTGGAGAA-1,1,72,54,1862,0,0,1,801.366272,1792.35794944,0,0.0,0.9999998807907104,Rank+
CTATGCCGTACAGCGT-1,1,44,74,1863,0,0,6,1081.90076928,1125.89146112,2,0.0,1.7638326896514872e-16,Rank-
CTATGCCTATTGATCT-1,1,15,107,1864,0,0,4,1541.02546432,437.20441856,2,1.0,0.8437093496322632,Background
CTATGGCCAACGCCGG-1,1,38,118,1865,0,0,4,1687.185664,987.9138304,2,1.0,0.9894296526908875,Background
CTATGTAGCGCAGATA-1,1,9,87,1866,0,0,1,1267.77270272,291.41956608,0,0.0,1.0,Rank+
CTATGTAGGCCGAACG-1,1,34,76,1867,0,0,12,1111.47812864,887.24571136,0,0.0,1.0,Rank+
CTATGTCGTTCCGCTA-1,1,28,0,1868,0,0,0,69.36416256,734.70460928,1,0.0,2.0606850243511036e-21,Rank-
CTATGTGCCTGGTAGG-1,1,63,125,1869,0,0,1,1778.0196864,1585.99205888,0,0.0,0.9998515844345093,Rank+
CTATGTGCCTTCAGGT-1,1,14,8,1870,0,0,0,182.11846144,401.2461568,4,0.0,2.1535529413085897e-06,Rank-
CTATGTGCGGTTGACT-1,1,35,63,1871,0,0,4,932.737792,909.61640448,2,1.0,0.9940172433853149,Background
CTATTAAGCCAGCACT-1,1,60,42,1872,0,0,1,639.14121216,1504.2414387200001,0,0.0,1.0,Rank+
CTATTACCGTCATATT-1,1,74,60,1873,0,0,1,883.34210048,1840.85280768,0,0.0,1.0,Rank+
CTATTAGCGGCTTCGT-1,1,19,53,1874,0,0,3,798.88898048,526.16170496,0,1.0,0.5964734554290771,Background
CTATTAGCTTCCATTC-1,1,4,4,1875,0,0,8,129.34464512,161.92478208,4,0.0,2.4057110081798783e-08,Rank-
CTATTAGTACTGGCTC-1,1,33,5,1876,0,0,12,136.92665856,854.74064384,0,1.0,0.9904130101203918,Background
CTATTATGGCACCTCG-1,1,21,17,1877,0,0,6,304.18137088000003,569.55184128,2,1.0,0.809850811958313,Background
CTATTCCGGCCGTCGG-1,1,51,75,1878,0,0,5,1094.137088,1293.22124288,2,0.0,1.2378254155009927e-07,Rank-
CTATTCCTTACCTAGG-1,1,47,121,1879,0,0,7,1726.44698112,1203.28805376,3,0.0,7.887026143293951e-09,Rank-
CTATTCGTCTTACATA-1,1,55,87,1880,0,0,1,1258.01367552,1390.2860288,0,0.0,1.0,Rank+
CTATTCTGCAACGCAC-1,1,14,40,1881,0,0,5,621.42482432,405.14976768,2,0.0,1.7449472977659752e-08,Rank-
CTATTCTGTAGGACCT-1,1,32,96,1882,0,0,6,1386.45748736,841.9037696,2,0.0,1.8881259403721137e-17,Rank-
CTCAACATCCAGATTG-1,1,14,2,1883,0,0,8,99.76728576000001,400.57053184,4,0.0,0.9999955892562866,Rank+
CTCAAGATACAACGGA-1,1,53,3,1884,0,0,2,105.24735488,1332.25735168,5,0.0,1.0,Rank+
CTCAATACGTTAACCG-1,1,40,64,1885,0,0,0,945.4245273600001,1029.12695296,1,0.0,8.873180163346966e-22,Rank-
CTCAATGACCATTAAG-1,1,38,60,1886,0,0,6,890.92411392,980.85730304,2,0.0,1.563088699185755e-05,Rank-
CTCAATGACCGTGGTA-1,1,60,126,1887,0,0,10,1792.35794944,1514.45088256,0,0.0,1.0,Rank+
CTCAATTGGCGATTCC-1,1,65,79,1888,0,0,3,1146.08514048,1628.18108416,0,0.0,1.0,Rank+
CTCACCAGTGTAAGTT-1,1,22,108,1889,0,0,4,1553.26178304,604.53420032,2,0.0,1.0,Rank+
CTCACCGAGGATCCGC-1,1,8,32,1890,0,0,0,512.87441408,260.866304,1,0.0,8.567640809261332e-20,Rank-
CTCACCGCCTGTGAGT-1,1,48,124,1891,0,0,10,1767.43489536,1227.53548288,0,0.0,1.0,Rank+
CTCACCGCTCTAATCA-1,1,39,3,1892,0,0,0,108.17506304,997.82299648,1,0.0,1.4652240294186118e-29,Rank-
CTCACCGTGACTCGGA-1,1,66,98,1893,0,0,2,1406.72623616,1654.38031872,5,0.0,1.0,Rank+
CTCACCTGAGACTAAG-1,1,47,61,1894,0,0,0,902.78508544,1196.00631808,1,0.0,7.978538314124296e-38,Rank-
CTCACCTGCCGACTAA-1,1,42,96,1895,0,0,5,1384.35554304,1080.77472768,2,0.0,7.514320721213608e-09,Rank-
CTCACCTTAATAAGAT-1,1,56,50,1896,0,0,6,749.86863616,1409.65394432,1,0.0,2.820683869321907e-23,Rank-
CTCACCTTATCTCCTT-1,1,9,41,1897,0,0,5,636.2135040000001,285.86442752,2,0.0,1.4388228496554738e-14,Rank-
CTCACCTTCGGCGTCT-1,1,65,119,1898,0,0,7,1695.2180940800001,1632.98552832,3,1.0,0.9933876991271973,Background
CTCACCTTCTGAAGTA-1,1,17,59,1899,0,0,3,881.61550336,479.09316608,0,0.0,1.0,Rank+
CTCACCTTGGAAGAAC-1,1,72,116,1900,0,0,7,1652.57865216,1799.86489344,3,0.0,2.4866309900062333e-07,Rank-
CTCACGAGTAGATGAG-1,1,47,53,1901,0,0,0,792.95849472,1195.03041536,1,0.0,1.3864631243428958e-29,Rank-
CTCACGATCTCCGGAG-1,1,35,19,1902,0,0,7,328.72907776,904.2114048,5,0.0,6.62900220049778e-07,Rank-
CTCACGTATTCAAGCG-1,1,24,90,1903,0,0,3,1305.75783936,650.1013504,0,0.0,1.0,Rank+
CTCACGTTCGGTCTGC-1,1,30,76,1904,0,0,4,1112.30389248,791.75738368,0,0.0,1.0,Rank+
CTCAGAAGACAACTCG-1,1,50,60,1905,0,0,0,888.37175296,1267.5474944,1,0.0,9.576120397271652e-17,Rank-
CTCAGGATACGCGGCA-1,1,51,47,1906,0,0,6,709.70648576,1289.84311808,2,0.0,1.4268767591085751e-11,Rank-
CTCAGGTCACTACAGC-1,1,40,50,1907,0,0,5,753.24676096,1027.47542528,2,0.0,0.00035408849362283945,Rank-
CTCAGGTCGTGCTCGC-1,1,39,15,1908,0,0,11,272.95248384,999.32438528,3,0.0,0.0014573212247341871,Rank-
CTCATAATAGCACCGT-1,1,22,110,1909,0,0,4,1580.73719808,604.7594086400001,2,1.0,0.016262134537100792,Background
CTCATAGCCAATGTCG-1,1,44,90,1910,0,0,5,1301.55395072,1127.84326656,2,0.0,3.8186362844591995e-15,Rank-
CTCATATGATAACTAT-1,1,34,118,1911,0,0,6,1688.0114278400001,892.3504332800001,1,0.0,6.490114672628219e-17,Rank-
CTCATATGTAACCGTG-1,1,73,71,1912,0,0,1,1034.53195264,1818.25690624,0,0.0,1.0,Rank+
CTCATATGTCCGTGAC-1,1,3,5,1913,0,0,8,143.23249152,138.1277696,4,0.0,2.394606865227522e-14,Rank-
CTCATATTACTATGGT-1,1,8,120,1914,0,0,8,1720.966912,271.52616448,4,0.0,5.531575753003892e-10,Rank-
CTCATCCTCGGCAAGT-1,1,28,120,1915,0,0,0,1716.76302336,749.26808064,4,0.0,2.3154992263233536e-17,Rank-
CTCATCCTGGCAAGTC-1,1,35,87,1916,0,0,6,1262.21756416,912.4690432,2,0.0,8.993125485923865e-38,Rank-
CTCCAACCTTAGCCGG-1,1,67,115,1917,0,0,2,1639.8919168,1680.27927552,3,1.0,0.20013809204101562,Background
CTCCAAGCGTCCTTCA-1,1,60,102,1918,0,0,2,1462.87817728,1511.5231744,3,1.0,0.0740191638469696,Background
CTCCAAGTGAGCCAAT-1,1,0,24,1919,0,0,8,404.77442048,68.76360704,4,0.0,2.3956891754725106e-18,Rank-
CTCCAATGGTCGCAGA-1,1,16,124,1920,0,0,0,1774.19114496,463.10337536000003,4,0.0,2.04314219445223e-05,Rank-
CTCCACGCTAGCTAGA-1,1,39,41,1921,0,0,1,629.90767104,1002.47730176,0,0.0,0.9995958209037781,Rank+
CTCCACTGGCTAATGG-1,1,41,113,1922,0,0,1,1617.8965708800001,1059.00459008,0,0.0,1.0,Rank+
CTCCAGAATATTACAT-1,1,51,5,1923,0,0,2,133.09811712,1284.73839616,3,0.0,1.020110431682042e-07,Rank-
CTCCAGTGGTTCTAGG-1,1,0,36,1924,0,0,8,569.47677184,70.26499584,4,1.0,0.17355871200561523,Background
CTCCATGGCGACCAGT-1,1,53,55,1925,0,0,0,819.15772928,1338.56318464,1,0.0,2.0086623916255506e-20,Rank-
CTCCGCAGCCGCCTTC-1,1,36,0,1926,0,0,0,67.63756544,925.83140352,1,0.0,2.246227543073339e-33,Rank-
CTCCGGATCCTCGCTC-1,1,57,93,1927,0,0,3,1339.9895040000001,1438.78088704,0,0.0,1.0,Rank+
CTCCGGCCTACAGCTT-1,1,47,85,1928,0,0,5,1232.2648576,1198.93402624,2,0.0,6.330304542953276e-15,Rank-
CTCCGGTTATGGCACG-1,1,69,117,1929,0,0,7,1666.9169152,1728.32371712,3,1.0,0.9897472858428955,Background
CTCCGTAAGGTCTGTT-1,1,15,113,1930,0,0,6,1623.37664,437.88004352,2,0.0,2.4150757348823104e-12,Rank-
CTCCTACATTGTATCT-1,1,40,62,1931,0,0,0,917.94911232,1028.90174464,1,0.0,8.517270317944163e-18,Rank-
CTCCTACCTCGTGGTA-1,1,31,107,1932,0,0,0,1537.64733952,819.3829376,1,0.0,2.1318091591403092e-27,Rank-
CTCCTACTTGAGTAAG-1,1,58,96,1933,0,0,3,1380.9774182400001,1463.02831616,0,0.0,0.9999967813491821,Rank+
CTCCTGTCGAAGCCAA-1,1,37,19,1934,0,0,11,328.27866112,952.03063808,3,1.0,0.98773592710495,Background
CTCCTTATCTTAAGAC-1,1,24,80,1935,0,0,3,1168.4558336,648.90023936,5,0.0,1.0,Rank+
CTCCTTATGGAACCTT-1,1,53,33,1936,0,0,3,517.07830272,1335.93575424,0,0.0,1.0,Rank+
CTCCTTGAATTGGCTA-1,1,48,118,1937,0,0,2,1685.08371968,1226.78478848,3,0.0,0.00014009499864187092,Rank-
CTCGACAGCACTCGGA-1,1,47,65,1938,0,0,0,957.66084608,1196.45673472,1,0.0,1.2523086592568267e-34,Rank-
CTCGACATAATTCTAT-1,1,15,111,1939,0,0,5,1595.9762944,437.6548352,2,0.0,1.0963962620820847e-13,Rank-
CTCGACTCCTAATGGA-1,1,35,69,1940,0,0,12,1015.16403712,910.29202944,2,1.0,0.9914785027503967,Background
CTCGATGCGGTGTTAA-1,1,58,74,1941,0,0,5,1078.89799168,1460.32581632,2,0.0,2.9184679439841e-14,Rank-
CTCGATGTTGAACGGC-1,1,55,85,1942,0,0,1,1230.53826048,1389.98575104,0,0.0,1.0,Rank+
CTCGATGTTGCTATGT-1,1,29,31,1943,0,0,9,494.7076096,762.40523264,3,0.0,6.874400696688099e-06,Rank-
CTCGCTAGCACCATCT-1,1,48,64,1944,0,0,0,943.77299968,1220.2537472,1,0.0,8.76206847559851e-32,Rank-
CTCGCTGTTCATAGAT-1,1,20,62,1945,0,0,3,922.2280704,551.15982848,3,0.0,1.0,Rank+
CTCGGAAGGCCAATAA-1,1,62,124,1946,0,0,1,1764.5071872,1561.96983808,0,0.0,1.0,Rank+
CTCGGACTAACGTGGC-1,1,22,26,1947,0,0,6,427.5204608,594.5499648,2,0.0,2.918045249877821e-10,Rank-
CTCGGAGCGAATCATG-1,1,1,15,1948,0,0,0,280.98491392,91.5847168,4,1.0,0.9357227087020874,Background
CTCGGATCGGAATACG-1,1,45,87,1949,0,0,5,1260.11561984,1151.34000128,2,0.0,4.135098041757601e-09,Rank-
CTCGGATTGAATGAGT-1,1,2,20,1950,0,0,8,349.37317376,116.05735424,4,0.0,1.6156704723393469e-18,Rank-
CTCGGTCTCCAACTGC-1,1,42,10,1951,0,0,11,203.66339072,1070.34007552,2,0.0,1.0,Rank+
CTCGTCGCGATTAATT-1,1,31,45,1952,0,0,2,686.5100288,811.8759936,3,1.0,0.3158310055732727,Background
CTCGTGTCTTGGCCGC-1,1,23,127,1953,0,0,10,1813.90287872,630.73343488,4,0.0,1.0,Rank+
CTCGTTCACGACTGCA-1,1,1,9,1954,0,0,8,198.63373824,90.8340224,4,1.0,0.01933903805911541,Background
CTCGTTCTGTCACGTT-1,1,43,91,1955,0,0,5,1315.44179712,1104.12132352,2,0.0,5.256691792965285e-07,Rank-
CTCGTTGCACCTTAGG-1,1,64,108,1956,0,0,10,1544.40358912,1607.76219648,5,0.0,1.0,Rank+
CTGAAGCGGTTGCCAA-1,1,20,10,1957,0,0,0,208.317696,544.85399552,1,0.0,9.371302027436577e-22,Rank-
CTGAAGCGTGGTGAAG-1,1,6,48,1958,0,0,5,732.97801216,214.99887616,2,0.0,1.114083112584472e-16,Rank-
CTGAAGGAGCCTCACT-1,1,27,41,1959,0,0,9,632.38496256,715.7871104,3,1.0,0.9820476770401001,Background
CTGAAGGATCTGTACG-1,1,37,25,1960,0,0,10,410.6298368,952.7813324800001,5,0.0,1.0,Rank+
CTGAAGGTGCTCGAGG-1,1,46,72,1961,0,0,6,1053.9749376,1173.41041664,2,0.0,5.648796317855864e-13,Rank-
CTGAAGTGCTATGGCG-1,1,37,113,1962,0,0,5,1618.79740416,963.44119296,2,0.0,8.321116148554686e-13,Rank-
CTGAAGTGCTGAACTG-1,1,33,85,1963,0,0,5,1235.19256576,864.4996710400001,2,0.0,1.6852574294835138e-13,Rank-
CTGAAGTTGCAGACAT-1,1,33,15,1964,0,0,11,274.22866432,856.0168243200001,0,0.0,1.0,Rank+
CTGAATACCAGCAACG-1,1,24,120,1965,0,0,0,1717.5887872,653.70468352,4,0.0,6.72360438673655e-15,Rank-
CTGAATTCGCGTAAGG-1,1,42,32,1966,0,0,7,505.66774784,1073.04257536,3,0.0,0.99994957447052,Rank+
CTGACTCCGAATCTGC-1,1,53,71,1967,0,0,5,1038.81091072,1340.51499008,2,0.0,1.9806960205079435e-16,Rank-
CTGACTCGAATTCGTG-1,1,47,43,1968,0,0,4,655.65648896,1193.8293043200001,2,0.0,1.0,Rank+
CTGACTGATTAGGCTG-1,1,50,108,1969,0,0,7,1547.40636672,1273.40291072,3,0.0,7.928088962216862e-06,Rank-
CTGACTGGTATGATAA-1,1,8,62,1970,0,0,1,924.70536192,264.46963712,0,0.0,1.0,Rank+
CTGACTGGTCTACCTT-1,1,7,45,1971,0,0,6,691.53968128,238.57068032,2,0.0,1.5305114556903206e-15,Rank-
CTGACTGTGGCCGGTT-1,1,23,69,1972,0,0,2,1017.64132864,623.67690752,5,0.0,1.0,Rank+
CTGATATTAGTAATCG-1,1,65,127,1973,0,0,10,1805.0446848000001,1633.96143104,0,0.0,0.9999938011169434,Rank+
CTGATGCCAATGCTTC-1,1,6,14,1974,0,0,8,266.19623424,210.87005696,4,0.0,7.525454037704549e-08,Rank-
CTGATTAACGCAAGAA-1,1,9,43,1975,0,0,5,663.68891904,286.08963584,2,0.0,1.7399521880263314e-19,Rank-
CTGATTACAATGTCCA-1,1,12,44,1976,0,0,5,676.7510016,357.85602048,2,1.0,0.2593998610973358,Background
CTGATTAGGTGCCGAA-1,1,54,110,1977,0,0,2,1573.98094848,1369.19151616,3,0.0,1.0,Rank+
CTGATTATCAATAGAC-1,1,44,112,1978,0,0,3,1603.55830784,1130.5457664,0,0.0,1.0,Rank+
CTGATTGCTTCTAGAA-1,1,77,81,1979,0,0,3,1171.00819456,1915.0214144000001,0,0.0,0.9999864101409912,Rank+
CTGCACTACACTCATT-1,1,59,123,1980,0,0,3,1751.3700352,1490.20345344,2,0.0,1.0,Rank+
CTGCATAATGGACCGC-1,1,57,103,1981,0,0,7,1477.29150976,1439.98199808,3,1.0,0.11658414453268051,Background
CTGCATTGAGGAGCCG-1,1,9,37,1982,0,0,6,581.33774336,285.33894144,1,0.0,3.3483999777508066e-19,Rank-
CTGCCGATTGCGATGT-1,1,26,48,1983,0,0,9,728.69905408,692.74079232,0,0.0,0.9999996423721313,Rank+
CTGCCGCTTCGGCTGC-1,1,18,10,1984,0,0,0,208.76811264,497.03476224,4,1.0,0.9760020971298218,Background
CTGCCGTGAAGTCGCA-1,1,45,69,1985,0,0,0,1012.98702336,1149.1629875200001,1,0.0,6.71992678566966e-40,Rank-
CTGCCTAGTGAATAAG-1,1,7,77,1986,0,0,1,1130.84604416,242.39922176000002,0,0.0,0.999997615814209,Rank+
CTGCCTATACATCCAT-1,1,4,70,1987,0,0,5,1035.43278592,169.88214272,2,0.0,2.9907462140502106e-13,Rank-
CTGCCTCCAACACCAG-1,1,51,97,1988,0,0,1,1396.14144512,1295.92374272,0,0.0,1.0,Rank+
CTGCCTGACACGGATT-1,1,52,46,1989,0,0,5,695.81863936,1313.64013056,2,0.0,4.722141788704448e-09,Rank-
CTGCCTGTGAGCCAGG-1,1,10,80,1990,0,0,1,1171.4586112,314.46588416000003,0,0.0,1.0,Rank+
CTGCTCATTAGAGTGC-1,1,34,58,1991,0,0,1,864.34953216,885.0686976000001,0,0.0,1.0,Rank+
CTGCTTACTGTCGCGA-1,1,66,126,1992,0,0,10,1791.08176896,1657.7584435200001,0,0.0,1.0,Rank+
CTGGAACAATAGACAG-1,1,44,34,1993,0,0,11,532.69274624,1121.08701696,0,0.0,1.0,Rank+
CTGGAAGGCAACCGGA-1,1,69,75,1994,0,0,3,1090.30854656,1723.2189952,0,0.0,1.0,Rank+
CTGGAAGTCTAAGCTC-1,1,65,87,1995,0,0,2,1255.9117312,1629.15698688,3,0.0,2.1668147098807822e-07,Rank-
CTGGAATAGTGCAAGT-1,1,31,63,1996,0,0,1,933.63862528,814.05300736,0,0.0,1.0,Rank+
CTGGAATGGATCAGCA-1,1,24,60,1997,0,0,2,893.92689152,646.42294784,3,0.0,0.001335282577201724,Rank-
CTGGAATGTCCGGCCT-1,1,76,86,1998,0,0,2,1239.84687104,1891.749888,3,0.0,7.253575344534635e-12,Rank-
CTGGCACTTCTGCGTC-1,1,72,58,1999,0,0,4,856.31710208,1792.80836608,0,0.0,1.0,Rank+
CTGGCCTGGAACAATT-1,1,75,101,2000,0,0,2,1445.98755328,1869.67947264,5,0.0,0.00013544870307669044,Rank-
CTGGCCTTACCACTTA-1,1,62,68,2001,0,0,6,995.72105216,1555.1385190400001,2,0.0,3.826548267018269e-18,Rank-
CTGGCCTTGCATTCGG-1,1,53,45,2002,0,0,4,681.85572352,1337.3620736,2,0.0,3.640261987789169e-14,Rank-
CTGGCGCACTTACTGA-1,1,17,61,2003,0,0,3,909.0909184,479.39344384000003,0,0.0,1.0,Rank+
CTGGCGCATATCCGTG-1,1,22,102,2004,0,0,1,1470.91060736,603.78350592,0,0.0,1.0,Rank+
CTGGCTGGACGCTTGG-1,1,27,23,2005,0,0,9,385.33143552,713.61009664,0,0.0,1.0,Rank+
CTGGTAATGAGCTCGT-1,1,4,126,2006,0,0,0,1804.21892096,176.71346176,1,0.0,0.9999955892562866,Rank+
CTGGTAATTAATCTGG-1,1,35,119,2007,0,0,5,1701.52392704,916.37265408,2,0.0,3.9758804972270245e-13,Rank-
CTGGTACTCGAAGTGG-1,1,6,12,2008,0,0,8,238.7208192,210.64484864,4,0.0,0.9999114274978638,Rank+
CTGGTGATCCTGAAGG-1,1,57,49,2009,0,0,6,735.90572032,1433.4509568,2,0.0,1.681250550714439e-17,Rank-
CTGGTGATCGCCGTAG-1,1,23,39,2010,0,0,1,605.8103808,619.99850496,0,1.0,0.961681604385376,Background
CTGGTGCACCATACCA-1,1,11,27,2011,0,0,0,443.58532096,331.88199424,1,0.0,1.8722414243943497e-11,Rank-
CTGGTGCACGATCAAG-1,1,44,2,2012,0,0,0,93.38638336,1117.18340608,1,0.0,2.3227334998065586e-19,Rank-
CTGGTGCGTTCACGAG-1,1,29,67,2013,0,0,1,988.9648025600001,766.75926016,0,0.0,1.0,Rank+
CTGGTGCTACAGTATT-1,1,54,12,2014,0,0,2,228.5864448,1357.2554752,5,0.0,1.0,Rank+
CTGGTGCTTATGACCA-1,1,49,31,2015,0,0,7,490.50372096,1240.1471488,3,0.0,0.000534192135091871,Rank-
CTGGTGGCCAATAAGT-1,1,30,80,2016,0,0,4,1167.17965312,792.20780032,2,1.0,0.9072564244270325,Background
CTGGTGGCTTAGACTC-1,1,58,2,2017,0,0,2,90.4586752,1451.61776128,3,0.0,0.0001770241215126589,Rank-
CTGGTTGGACATCACC-1,1,17,69,2018,0,0,3,1018.91750912,480.36934656,3,1.0,0.011266312561929226,Background
CTGGTTGGCTTGTTAC-1,1,66,46,2019,0,0,1,692.81586176,1648.07448576,0,0.0,0.9999992847442627,Rank+
CTGTATCGGAAGCTCC-1,1,37,117,2020,0,0,6,1673.6731648,963.8916096,2,0.0,2.818228983514359e-10,Rank-
CTGTATCTTCGCCATA-1,1,42,54,2021,0,0,6,807.7471744000001,1075.7450752,1,0.0,1.0,Rank+
CTGTATGGCTCAACAT-1,1,43,19,2022,0,0,7,327.00248064,1095.33819904,3,0.0,0.00010496201139176264,Rank-
CTGTCACTATGTGCAT-1,1,4,84,2023,0,0,6,1227.6105523200001,171.60873984,1,0.0,9.71516184818018e-18,Rank-
CTGTCACTCGGCCTTA-1,1,40,78,2024,0,0,0,1137.60229376,1030.85355008,1,0.0,9.197872598809088e-28,Rank-
CTGTCAGATCGATGCG-1,1,21,49,2025,0,0,3,743.48773376,573.45545216,0,0.0,1.0,Rank+
CTGTCTATCCACATCT-1,1,30,22,2026,0,0,9,370.91810304,785.15127296,5,0.0,1.0,Rank+
CTGTGCAGATGATAAT-1,1,15,3,2027,0,0,8,113.27978496,424.5176832,4,0.0,5.906295452717814e-10,Rank-
CTGTGCGTGAGCCGTC-1,1,72,64,2028,0,0,1,938.66827776,1793.55906048,0,0.0,1.0,Rank+
CTGTGGCTTGTCAGCT-1,1,32,110,2029,0,0,0,1578.63525376,843.63036672,4,1.0,0.9936755299568176,Background
CTGTGGTAAGCTAATA-1,1,40,110,2030,0,0,5,1576.9086566400001,1034.75716096,2,0.0,0.9996711015701294,Rank+
CTGTTATGGCCAGCGG-1,1,8,30,2031,0,0,0,485.39899904000004,260.64109568,1,0.0,1.1007370993401332e-18,Rank-
CTGTTCCAGAAGCTGA-1,1,39,69,2032,0,0,0,1014.26320384,1005.8554265600001,1,0.0,1.3219156660347102e-25,Rank-
CTGTTCGTATGCACCA-1,1,57,53,2033,0,0,0,790.8565504000001,1433.90137344,1,0.0,7.959204879471699e-38,Rank-
CTGTTCTGCTCAGGAC-1,1,18,88,2034,0,0,7,1279.5586048,506.49351168,3,0.0,0.9999994039535522,Rank+
CTGTTGCTACTCACAG-1,1,17,87,2035,0,0,7,1266.0461056,482.54636032,3,1.0,0.7862924933433533,Background
CTTACGAACTCCGTCC-1,1,56,64,2036,0,0,0,942.04640256,1411.3805414400001,1,0.0,4.5076649762821035e-15,Rank-
CTTACGAATGCGCCTG-1,1,2,120,2037,0,0,13,1722.24309248,128.21860352,1,0.0,1.114157882115846e-34,Rank-
CTTACGACAACGATAC-1,1,27,119,2038,0,0,0,1703.25052416,725.24585984,4,0.0,2.517920256650541e-05,Rank-
CTTACGCAACTCAACG-1,1,18,102,2039,0,0,1,1471.7363712000001,508.2201088,0,0.0,1.0,Rank+
CTTACGCAGAGGCTCG-1,1,5,33,2040,0,0,0,527.21267712,189.32512768,4,0.0,8.298346349977282e-34,Rank-
CTTACGGTAAGCCGAA-1,1,39,63,2041,0,0,0,931.91202816,1005.10473216,1,0.0,2.987796913090507e-14,Rank-
CTTACGTCATCCTTAT-1,1,34,52,2042,0,0,1,781.92328704,884.39307264,0,0.0,1.0,Rank+
CTTAGCAACTAGGACC-1,1,52,16,2043,0,0,2,283.91262208,1309.961728,3,1.0,0.7211022973060608,Background
CTTAGCAAGGACAGCC-1,1,36,106,2044,0,0,0,1522.85865984,938.66827776,1,0.0,8.285256082290389e-18,Rank-
CTTAGCACGACAGAAC-1,1,33,11,2045,0,0,12,219.27783424,855.49133824,0,0.0,1.0,Rank+
CTTAGCCTAATGGTAA-1,1,38,108,2046,0,0,5,1549.88365824,986.71271936,2,0.0,0.0008411590242758393,Rank-
CTTAGCCTGTAAGACA-1,1,61,105,2047,0,0,2,1503.86609152,1535.7706035200001,3,1.0,0.8304123282432556,Background
CTTAGCGTAGCGTGCG-1,1,20,22,2048,0,0,6,373.02004736,546.28031488,1,0.0,7.57229354348965e-05,Rank-
CTTAGCTACCATCTCA-1,1,72,62,2049,0,0,4,911.19286272,1793.33385216,0,0.0,1.0,Rank+
CTTAGCTACGCAAGGT-1,1,37,71,2050,0,0,12,1042.18903552,958.33647104,0,0.0,1.0,Rank+
CTTAGCTATCCTTGCG-1,1,24,12,2051,0,0,11,234.89227776,640.64260096,0,0.0,1.0,Rank+
CTTAGCTTAGTTCTCG-1,1,27,87,2052,0,0,1,1263.9441612800001,721.4173184,0,0.0,1.0,Rank+
CTTAGCTTCGCTGACC-1,1,43,9,2053,0,0,6,189.70047488,1094.137088,2,0.0,5.130010305443022e-10,Rank-
CTTAGTAAGCCTTAGG-1,1,55,127,2054,0,0,10,1807.14662912,1395.09047296,0,0.0,1.0,Rank+
CTTAGTAAGCGTGGCA-1,1,38,24,2055,0,0,10,396.7419904,976.50327552,5,0.0,0.9999585151672363,Rank+
CTTAGTCCTCATAAGT-1,1,20,16,2056,0,0,6,290.66887168,545.5296204800001,1,0.0,4.940588382851274e-07,Rank-
CTTAGTCTATCGAGAC-1,1,36,64,2057,0,0,4,946.2502912,933.56355584,2,0.0,6.653621542618282e-10,Rank-
CTTAGTCTCGACAACT-1,1,24,84,2058,0,0,3,1223.40666368,649.350656,5,0.0,0.9999998807907104,Rank+
CTTAGTCTGTGCATCC-1,1,15,37,2059,0,0,5,580.06156288,428.64650240000003,2,0.0,8.306150220960262e-07,Rank-
CTTAGTCTTATTCGGA-1,1,52,94,2060,0,0,1,1354.77818368,1319.42047744,0,0.0,1.0,Rank+
CTTAGTCTTCGATGTC-1,1,14,0,2061,0,0,8,72.29187072,400.27025408000003,4,0.0,3.231235512357496e-27,Rank-
CTTAGTGCGACCTATT-1,1,58,48,2062,0,0,6,721.9428044800001,1457.1728998400001,2,0.0,0.9997389912605286,Rank+
CTTAGTGCGTTGACGC-1,1,16,78,2063,0,0,7,1142.70701568,457.5482368,3,0.0,0.00016036360466387123,Rank-
CTTAGTGGCTAAGACG-1,1,12,54,2064,0,0,1,814.05300736,359.05713152,2,0.0,1.0,Rank+
CTTAGTGGTACACGAC-1,1,35,43,2065,0,0,3,658.20884992,907.13911296,3,0.0,1.0,Rank+
CTTAGTTGAATCACCT-1,1,52,120,2066,0,0,2,1711.73337088,1322.57339392,3,0.0,0.9999998807907104,Rank+
CTTAGTTGCTCGTTGT-1,1,27,99,2067,0,0,4,1428.64651264,722.84363776,2,0.0,2.615901735225634e-07,Rank-
CTTATTCACTAGCTGG-1,1,24,98,2068,0,0,4,1415.58443008,651.07725312,0,0.0,1.0,Rank+
CTTATTGAGTTCTGTA-1,1,37,125,2069,0,0,10,1783.49975552,964.8675123200001,2,0.0,1.0,Rank+
CTTCAAGACGCAAGTG-1,1,10,124,2070,0,0,0,1775.46732544,319.7958144,4,0.0,1.308056454263351e-07,Rank-
CTTCAAGTAACAGCTT-1,1,75,65,2071,0,0,1,951.73036032,1865.32544512,0,0.0,1.0,Rank+
CTTCAAGTCGACCTTC-1,1,30,94,2072,0,0,5,1359.43248896,793.93439744,2,0.0,2.0764189385914442e-14,Rank-
CTTCAATCGTACTACG-1,1,70,88,2073,0,0,2,1268.59846656,1748.66753536,5,1.0,0.9827975034713745,Background
CTTCACAAGTTCCTCA-1,1,5,67,2074,0,0,4,993.99445504,193.45394688,2,1.0,0.019926587119698524,Background
CTTCATGCCTAGACGG-1,1,10,58,2075,0,0,1,869.3791846400001,311.76338432,2,1.0,0.9369066953659058,Background
CTTCATTGGATACCAC-1,1,17,39,2076,0,0,4,607.08656128,476.690944,2,0.0,4.607173983409065e-15,Rank-
CTTCCAATTGAAGATT-1,1,28,48,2077,0,0,7,728.32370688,740.5600256,3,1.0,0.025978917255997658,Background
CTTCCACGATCCTGTA-1,1,7,71,2078,0,0,1,1048.49486848,241.7235968,0,0.0,1.0,Rank+
CTTCCACGCCTTCCTG-1,1,13,11,2079,0,0,8,223.55679232,377.74942208,4,0.0,0.0008361863438040018,Rank-
CTTCCATAACCTTACG-1,1,33,121,2080,0,0,0,1729.44975872,868.85369856,1,0.0,1.225172303291472e-33,Rank-
CTTCCGACGCACAACC-1,1,38,82,2081,0,0,0,1193.00354048,983.55980288,1,0.0,3.4844671650308796e-35,Rank-
CTTCCGAGACATTGAT-1,1,1,27,2082,0,0,8,445.68726528,93.01103616,4,0.0,4.648239155358169e-06,Rank-
CTTCCGTCGCTGCATC-1,1,26,66,2083,0,0,7,975.82765056,694.99287552,3,0.0,1.136065179707657e-06,Rank-
CTTCGACCAAGCCGAG-1,1,49,103,2084,0,0,3,1478.9430374400001,1248.85520384,0,0.0,1.0,Rank+
CTTCGACTCCAGACTG-1,1,28,112,2085,0,0,6,1606.93643264,748.29217792,2,0.0,6.49053924789303e-16,Rank-
CTTCGAGCTGCAGCCT-1,1,21,115,2086,0,0,5,1649.57587456,581.48788224,2,0.0,4.729264722891369e-12,Rank-
CTTCGAGTGATGGAAT-1,1,9,13,2087,0,0,8,251.8579712,282.41123328,4,0.0,1.8894328604801558e-05,Rank-
CTTCGATAACATTGGT-1,1,44,70,2088,0,0,0,1026.9499392,1125.44104448,1,0.0,9.607707662265086e-30,Rank-
CTTCGATACAGTCTCC-1,1,71,125,2089,0,0,1,1776.29308928,1777.04378368,0,0.0,1.0,Rank+
CTTCGATACTCCGACC-1,1,38,74,2090,0,0,12,1083.17694976,982.58390016,1,0.0,9.4382919257896e-09,Rank-
CTTCGATATGTAGGAG-1,1,22,86,2091,0,0,7,1251.25742592,601.83170048,5,0.0,1.1464238269809357e-07,Rank-
CTTCGATGGACGTACC-1,1,13,77,2092,0,0,3,1129.56986368,385.78185216,3,0.0,1.0,Rank+
CTTCGCCGCAACATTA-1,1,62,70,2093,0,0,5,1023.12139776,1555.4387968,2,0.0,1.1499320647177097e-13,Rank-
CTTCGGCTCACTACCT-1,1,21,97,2094,0,0,1,1402.52234752,579.31086848,0,0.0,1.0,Rank+
CTTCGTATTAATACGG-1,1,55,51,2095,0,0,0,763.75648256,1385.85693184,1,0.0,3.232594710452728e-25,Rank-
CTTCGTCAAGACTCGT-1,1,42,50,2096,0,0,4,752.79634432,1075.21958912,2,0.0,2.0546587620628998e-05,Rank-
CTTCGTCACCAAGAGG-1,1,3,77,2097,0,0,6,1131.74687744,146.91089408,1,0.0,7.987885975566556e-16,Rank-
CTTCTACTCAAGTCGT-1,1,63,111,2098,0,0,10,1585.84192,1584.26546176,5,0.0,1.0,Rank+
CTTCTGAGCCAGGAAC-1,1,13,51,2099,0,0,4,772.6897459200001,382.62893568,2,1.0,0.6919863224029541,Background
CTTCTGAGGTCGCATA-1,1,10,6,2100,0,0,8,155.54387968,305.45755136,4,0.0,0.004043450579047203,Rank-
CTTCTGTACGGACATC-1,1,52,48,2101,0,0,6,723.2189849600001,1313.86533888,1,0.0,2.129922707340563e-20,Rank-
CTTGAACCGAGTTAAT-1,1,14,10,2102,0,0,0,209.59387648,401.54643456,5,1.0,0.21234972774982452,Background
CTTGAACTTAGAGGAA-1,1,49,41,2103,0,0,1,627.80572672,1241.34825984,2,1.0,0.07675186544656754,Background
CTTGAGTCCAAGGCTG-1,1,68,58,2104,0,0,6,857.14286592,1697.24496896,2,0.0,1.5491659066668717e-09,Rank-
CTTGAGTCTTACAGTG-1,1,28,118,2105,0,0,0,1689.2876083200001,749.04287232,4,0.0,1.9667590182587598e-24,Rank-
CTTGATGCAATCACAA-1,1,58,78,2106,0,0,1,1133.84882176,1460.8513024000001,0,0.0,1.0,Rank+
CTTGCCGGAAGACGCA-1,1,59,93,2107,0,0,7,1339.53908736,1486.52505088,0,1.0,0.740783154964447,Background
CTTGCGTAACAGCAGT-1,1,29,33,2108,0,0,9,522.18302464,762.63044096,3,0.0,0.9999634027481079,Rank+
CTTGGAACTCCACGCC-1,1,23,115,2109,0,0,6,1649.20052736,629.23204608,2,0.0,5.973597944830544e-05,Rank-
CTTGGACAGGTTAGAA-1,1,67,83,2110,0,0,7,1200.58555392,1676.45073408,3,0.0,0.9999854564666748,Rank+
CTTGGACTTGTCTGTC-1,1,13,93,2111,0,0,1,1349.29811456,387.7336576,0,0.0,1.0,Rank+
CTTGGAGGCCACCTGC-1,1,16,96,2112,0,0,1,1389.83561216,459.72525056,0,0.0,1.0,Rank+
CTTGGATCAACCGTAT-1,1,18,114,2113,0,0,5,1636.513792,509.7214976,2,1.0,0.015600056387484074,Background
CTTGGTCGGAAGTAGC-1,1,48,2,2114,0,0,4,92.56061952,1212.7468032,2,0.0,3.6881508589346745e-17,Rank-
CTTGGTGCAGCCTCCA-1,1,73,121,2115,0,0,3,1720.966912,1824.33753088,0,0.0,1.0,Rank+
CTTGGTTAGAGTCATC-1,1,31,59,2116,0,0,3,878.6877952,813.52752128,0,0.0,1.0,Rank+
CTTGTAAGCGCTTCAT-1,1,13,103,2117,0,0,4,1486.52505088,388.93476864,2,1.0,0.47074854373931885,Background
CTTGTATCGTATGATT-1,1,23,109,2118,0,0,4,1566.77428224,628.48135168,2,0.0,1.999885853365413e-06,Rank-
CTTGTCAAGGCGTCAA-1,1,61,91,2119,0,0,7,1311.68832512,1534.0440064,3,0.0,3.791397773511562e-08,Rank-
CTTGTCAGTTCGGTAA-1,1,66,54,2120,0,0,4,802.64245248,1649.05038848,2,0.0,1.6335962096936107e-11,Rank-
GAACAAGGTCGAGCAA-1,1,61,71,2121,0,0,4,1037.0843136,1531.64178432,2,1.0,0.9017791748046875,Background
GAACAGATAACCTTAA-1,1,40,76,2122,0,0,0,1110.20194816,1030.62834176,1,0.0,3.4373350053479585e-28,Rank-
GAACAGATCCGCTAGA-1,1,67,79,2123,0,0,3,1145.63472384,1675.925248,0,0.0,1.0,Rank+
GAACAGCCATGTTGCA-1,1,19,117,2124,0,0,6,1677.50170624,533.96892672,1,0.0,1.570013692764928e-22,Rank-
GAACATTCGACACGTA-1,1,28,52,2125,0,0,2,783.19946752,741.01044224,3,1.0,0.006640489678829908,Background
GAACCTTAGTTGATTA-1,1,73,57,2126,0,0,1,842.35418624,1816.60537856,0,0.0,1.0,Rank+
GAACGCCAGTGCATAC-1,1,55,47,2127,0,0,4,708.88072192,1385.4065152,2,0.0,1.62296987914895e-13,Rank-
GAACGCTAGAAGGCTA-1,1,38,100,2128,0,0,0,1440.05706752,985.73681664,1,0.0,7.698529429181013e-18,Rank-
GAACTAACATGTATCC-1,1,21,119,2129,0,0,0,1704.52670464,581.93829888,1,0.0,2.0193461822517386e-23,Rank-
GAACTAACTCTACGTG-1,1,25,67,2130,0,0,7,989.7905664,671.1958630400001,5,0.0,0.00035322539042681456,Rank-
GAACTACAAGTAGGAG-1,1,35,15,2131,0,0,11,273.77824768,903.76098816,3,0.0,1.0,Rank+
GAACTACCTTATCATA-1,1,45,81,2132,0,0,5,1177.76444416,1150.66437632,2,0.0,4.709837160906228e-20,Rank-
GAACTATCGTCTCGTC-1,1,11,13,2133,0,0,8,251.40755456,330.23046656,4,0.0,7.373963939460992e-11,Rank-
GAACTCATAGTGAGTG-1,1,54,58,2134,0,0,0,860.07057408,1362.81061376,1,0.0,4.970078953192569e-05,Rank-
GAACTCCTCATACATA-1,1,63,71,2135,0,0,4,1036.7089664,1579.38594816,2,0.0,2.6224357497994788e-05,Rank-
GAACTCCTGGAGGCTC-1,1,52,44,2136,0,0,4,668.34322432,1313.3398528,2,0.0,2.40965647435587e-07,Rank-
GAACTGTAACTCAGGC-1,1,31,75,2137,0,0,4,1098.34097664,815.47932672,2,0.0,9.480548352547824e-20,Rank-
GAACTTGGTGAGGATA-1,1,52,78,2138,0,0,5,1135.12500224,1317.468672,2,0.0,1.0746232029235081e-11,Rank-
GAAGCGAGAACATGGA-1,1,28,122,2139,0,0,0,1744.2384384,749.5683584,4,0.0,7.026223869388559e-08,Rank-
GAAGCGATTGCCGAAT-1,1,17,19,2140,0,0,8,332.48254976,474.28872192,4,0.0,4.204314342643353e-23,Rank-
GAAGCGGCTGATCAGT-1,1,56,30,2141,0,0,2,475.26462464,1407.25172224,3,0.0,3.8446361649846494e-09,Rank-
GAAGCGTATCATCGTT-1,1,10,88,2142,0,0,1,1281.28520192,315.44178688,0,0.0,1.0,Rank+
GAAGCGTCAGTAAGTC-1,1,8,116,2143,0,0,0,1666.09115136,271.07574784,4,0.0,2.944949145655684e-11,Rank-
GAAGCGTCCATAGTTG-1,1,68,68,2144,0,0,4,994.44487168,1698.52114944,0,1.0,0.9818605184555054,Background
GAAGCTGCCTCGTGAG-1,1,6,30,2145,0,0,0,485.84941568,212.82186240000001,1,0.0,1.4923520767621428e-28,Rank-
GAAGTAAGTTCCTCGA-1,1,5,121,2146,0,0,13,1735.38024448,199.98498816,1,0.0,0.0007590497261844575,Rank-
GAAGTCCAATCGTGTT-1,1,9,103,2147,0,0,5,1487.4258841600001,293.37137152,2,0.0,2.585558507217919e-19,Rank-
GAAGTTCTGCAGTTCT-1,1,4,68,2148,0,0,5,1007.95737088,169.6569344,2,0.0,2.504743292774947e-07,Rank-
GAATAAGGAGAACTAA-1,1,43,61,2149,0,0,0,903.61084928,1100.44292096,1,0.0,2.3760703656673923e-30,Rank-
GAATACAGACGAACTG-1,1,42,98,2150,0,0,5,1411.75588864,1081.07500544,2,0.0,3.954096334482949e-15,Rank-
GAATACCTGCCACGGC-1,1,70,40,2151,0,0,2,609.63892224,1742.88718848,5,0.0,0.0013795011909678578,Rank-
GAATACTAAGGCGAAT-1,1,30,28,2152,0,0,9,453.34434816,785.90196736,5,0.0,1.0,Rank+
GAATCAATTACCGACC-1,1,31,9,2153,0,0,9,192.25283584,807.44689664,0,0.0,1.0,Rank+
GAATCACCAGTGATAC-1,1,63,121,2154,0,0,3,1723.0688563200001,1585.4665728,0,0.0,1.0,Rank+
GAATCATAGTCTGAAG-1,1,44,30,2155,0,0,2,477.8169856,1120.56153088,3,0.0,0.001460141851566732,Rank-
GAATCATGAACCAGTG-1,1,55,63,2156,0,0,0,928.5339033600001,1387.35832064,1,0.0,2.7069110877967196e-29,Rank-
GAATCATTATGAGCTG-1,1,6,42,2157,0,0,0,650.55176704,214.32325120000002,1,0.0,6.395921382155166e-28,Rank-
GAATGACAACAGAATA-1,1,6,6,2158,0,0,8,156.36964352,209.89415424,4,1.0,0.8518136739730835,Background
GAATGACACGACTAGG-1,1,45,51,2159,0,0,6,765.93349632,1146.98597376,2,0.0,1.2583814906732189e-18,Rank-
GAATGACCACAATCGA-1,1,50,58,2160,0,0,0,860.9714073600001,1267.32228608,1,0.0,5.967620083008688e-19,Rank-
GAATGACCACGTGCAG-1,1,57,125,2161,0,0,3,1779.29586688,1442.6094284800001,0,0.0,1.0,Rank+
GAATGAGTATAGACCA-1,1,42,104,2162,0,0,4,1494.18213376,1081.7506304,2,0.0,0.9999998807907104,Rank+
GAATGGCCAAGGAGGC-1,1,56,38,2163,0,0,1,585.09121536,1408.22762496,0,0.0,1.0,Rank+
GAATGTATTGGATCAA-1,1,22,30,2164,0,0,6,482.47129088,595.0754508800001,2,0.0,0.9955990314483643,Rank+
GAATGTCAGAATTCTG-1,1,24,122,2165,0,0,0,1745.06420224,654.00496128,4,0.0,4.033615976168362e-18,Rank-
GAATGTGCCTAGCAGA-1,1,14,38,2166,0,0,5,593.94940928,404.92455936,2,0.0,0.0014984472654759884,Rank-
GAATTAACCTTCAATT-1,1,61,57,2167,0,0,0,844.9065472,1529.9151872,1,0.0,3.5411223976005784e-20,Rank-
GAATTCACAACTGCAG-1,1,57,113,2168,0,0,10,1614.51844608,1441.18310912,5,0.0,1.0,Rank+
GACAACATCATGCCGC-1,1,47,9,2169,0,0,11,188.87471104,1189.70048512,0,0.0,1.0,Rank+
GACAACCTAGGAGTCT-1,1,64,40,2170,0,0,7,610.8400332800001,1599.50455808,3,1.0,0.01882612705230713,Background
GACAACGGACTCAGCT-1,1,34,62,2171,0,0,4,919.2252928,885.59418368,0,0.0,1.0,Rank+
GACAACGGCGATGTTA-1,1,52,42,2172,0,0,4,640.86780928,1313.11464448,2,1.0,0.9682313203811646,Background
GACAACTTAACCAACC-1,1,35,81,2173,0,0,6,1179.86638848,911.79341824,2,0.0,3.4481670573997495e-22,Rank-
GACAACTTGATTGTGA-1,1,34,6,2174,0,0,12,150.43915776,878.76286464,0,0.0,1.0,Rank+
GACAAGCCTCGTTAGT-1,1,13,95,2175,0,0,1,1376.69846016,387.95886592,0,0.0,1.0,Rank+
GACAAGCTGAATCTGG-1,1,35,75,2176,0,0,12,1097.5152128,911.04272384,2,0.0,1.0,Rank+
GACAAGGTGGTCCGGC-1,1,16,0,2177,0,0,8,71.84145408,448.08948736,4,0.0,1.1412310114944903e-36,Rank-
GACAAGTGTTATAGGC-1,1,74,122,2178,0,0,3,1734.4794112,1848.35975168,0,0.0,1.0,Rank+
GACAATCTATTAGATT-1,1,24,48,2179,0,0,9,729.1494707200001,644.99662848,3,1.0,0.9645282030105591,Background
GACAATGACAAGCTTA-1,1,12,52,2180,0,0,4,786.57759232,358.8319232,2,0.0,1.0,Rank+
GACAATTGTATGCTTC-1,1,45,45,2181,0,0,5,683.5072512,1146.3103488,2,0.0,0.0008603105670772493,Rank-
GACAGCAACTCAGAAC-1,1,54,10,2182,0,0,2,201.11102976,1357.03026688,5,0.0,0.9999444484710693,Rank+
GACAGTCACTTCGCTC-1,1,40,70,2183,0,0,0,1027.77570304,1029.87764736,1,0.0,6.2142766562755694e-18,Rank-
GACATCACCGTTGCGT-1,1,69,89,2184,0,0,2,1282.48631296,1724.94559232,3,0.0,0.9999998807907104,Rank+
GACATCAGATTCTTAC-1,1,1,51,2185,0,0,0,775.1670374400001,95.93874432,5,0.0,2.7102629112717955e-26,Rank-
GACATCCTCAACCTCG-1,1,14,14,2186,0,0,8,264.46963712,401.9968512,4,0.0,1.367335244140122e-06,Rank-
GACATCCTTCATTATC-1,1,10,38,2187,0,0,6,594.85024256,309.36116224,2,0.0,3.393001754125463e-13,Rank-
GACATCTGCGGTCTTG-1,1,51,13,2188,0,0,2,242.92470784,1285.7142988800001,3,0.0,3.119586835964583e-05,Rank-
GACATTATCTTAATCT-1,1,16,34,2189,0,0,5,538.623232,452.21830656000003,2,0.0,8.067522344612499e-12,Rank-
GACCAATTGCGTCAGA-1,1,11,67,2190,0,0,1,992.71827456,336.76150784,0,0.0,1.0,Rank+
GACCACATTCTTGAAT-1,1,33,63,2191,0,0,1,933.18820864,861.7971712,0,0.0,1.0,Rank+
GACCACGGCGTACATA-1,1,47,11,2192,0,0,11,216.35012608,1189.92569344,3,0.0,0.9999885559082031,Rank+
GACCACTCCTGACGTT-1,1,21,101,2193,0,0,1,1457.39810816,579.76128512,0,0.0,1.0,Rank+
GACCACTTACGGACAT-1,1,20,112,2194,0,0,5,1608.66302976,557.24045312,2,0.0,4.787531048683347e-12,Rank-
GACCACTTAGACAGGT-1,1,55,97,2195,0,0,3,1395.31568128,1391.48713984,0,0.0,1.0,Rank+
GACCGAAGACTGGCAG-1,1,65,103,2196,0,0,2,1475.56491264,1631.10879232,5,0.0,1.0,Rank+
GACCGAATCTAATACG-1,1,53,69,2197,0,0,6,1011.33549568,1340.28978176,2,0.0,9.744825583465936e-24,Rank-
GACCGACAATAGGAAT-1,1,51,7,2198,0,0,2,160.57353216,1284.96360448,5,0.0,4.214235183042092e-09,Rank-
GACCGAGGCAACGTTC-1,1,61,119,2199,0,0,7,1696.04385792,1537.49720064,3,0.0,1.09852202001548e-07,Rank-
GACCGGCCATGTACCG-1,1,34,92,2200,0,0,0,1331.13131008,889.1975168,1,0.0,4.0139072951650935e-33,Rank-
GACCGTATTAGACCGG-1,1,17,31,2201,0,0,6,497.25997056,475.71504128,2,0.0,1.5242933582015894e-09,Rank-
GACCGTGAATGTAAGT-1,1,23,119,2202,0,0,0,1704.076288,629.75753216,1,0.0,3.309712114062234e-30,Rank-
GACCTGCTGTACGAAG-1,1,42,18,2203,0,0,7,313.48998144,1071.31597824,3,0.0,5.068003520136699e-05,Rank-
GACCTGCTGTCGTGTA-1,1,64,120,2204,0,0,3,1709.18100992,1609.26358528,3,0.0,1.0,Rank+
GACCTGTCGATTGCAG-1,1,8,14,2205,0,0,8,265.7458176,258.68929024,4,0.0,1.6626592325152956e-09,Rank-
GACGAGCTGCACTCGT-1,1,38,32,2206,0,0,2,506.56858112000003,977.47917824,5,0.0,1.0,Rank+
GACGAGTGCTGGAGAT-1,1,9,17,2207,0,0,8,306.73373184,282.93671936,4,0.0,3.924315164277256e-14,Rank-
GACGCAGCGTCAAGTT-1,1,49,73,2208,0,0,5,1067.1120896,1245.25187072,2,0.0,4.615290549736528e-07,Rank-
GACGCCGAACTTCCGT-1,1,1,35,2209,0,0,8,555.513856,93.98693888,4,0.0,9.30573432833634e-19,Rank-
GACGCCTCGTCAGAGG-1,1,46,20,2210,0,0,2,340.13963264,1167.10458368,5,1.0,0.026534950360655785,Background
GACGCCTCTTGATTGT-1,1,20,18,2211,0,0,6,318.14428672,545.82989824,1,0.0,7.098056869597991e-20,Rank-
GACGCTCAACTGAGTG-1,1,68,116,2212,0,0,7,1653.404416,1704.30149632,3,0.0,6.623657554882811e-06,Rank-
GACGCTCACCAACCGG-1,1,16,104,2213,0,0,4,1499.66220288,460.70115328,0,0.0,1.0,Rank+
GACGCTGTACAAGGCG-1,1,7,79,2214,0,0,1,1158.3214592,242.69949952000002,0,0.0,1.0,Rank+
GACGGCTTAGGTGCGA-1,1,19,65,2215,0,0,3,963.5913318400001,527.66309376,3,1.0,0.24936623871326447,Background
GACGGTACCTGGCCGT-1,1,40,20,2216,0,0,7,341.34074368,1023.79702272,3,0.0,1.2721067150778254e-06,Rank-
GACGGTGGTTGATGTC-1,1,58,52,2217,0,0,6,776.89363456,1457.69838592,1,0.0,1.0974737250689453e-28,Rank-
GACGTCTTATCTCAGC-1,1,36,116,2218,0,0,5,1660.1606656000001,939.94445824,2,0.0,7.143563202871224e-18,Rank-
GACGTGGTGCTCCAGA-1,1,62,84,2219,0,0,3,1215.3742336,1557.09032448,0,0.0,1.0,Rank+
GACTACGAGTTCCATT-1,1,31,69,2220,0,0,1,1015.98980096,814.72863232,0,0.0,1.0,Rank+
GACTACGCCTATAGCC-1,1,69,83,2221,0,0,2,1200.13513728,1724.1948979200001,3,0.0,1.1658608106701607e-11,Rank-
GACTAGATTAGCTAAC-1,1,13,49,2222,0,0,4,745.21433088,382.32865792,2,0.0,1.2006029464828316e-05,Rank-
GACTAGCTTCCTTGTA-1,1,76,100,2223,0,0,2,1432.02463744,1893.47648512,5,0.0,1.0,Rank+
GACTAGGCAGACTTGG-1,1,5,71,2224,0,0,4,1048.94528512,193.90436352,2,0.0,3.4049700836646934e-09,Rank-
GACTAGTAATCTTGCT-1,1,33,55,2225,0,0,3,823.36161792,860.82126848,0,0.0,1.0,Rank+
GACTCGGCTTGCGGAT-1,1,17,111,2226,0,0,5,1595.52587776,485.39899904000004,2,0.0,1.1311796361797646e-14,Rank-
GACTGACAGGAACCAG-1,1,4,20,2227,0,0,8,348.99782656,163.87658752000002,4,0.0,8.691130497576194e-13,Rank-
GACTGAGGTGATTAAC-1,1,66,114,2228,0,0,2,1626.3794176000001,1656.33212416,3,0.0,0.9999996423721313,Rank+
GACTGCCATAGAATAC-1,1,30,84,2229,0,0,4,1222.1304832,792.7332864,0,0.0,1.0,Rank+
GACTGCGGTCTGCGTG-1,1,23,85,2230,0,0,3,1237.29451008,625.62871296,5,0.0,1.0,Rank+
GACTTCATACCGCTGT-1,1,41,31,2231,0,0,2,492.15524864,1049.02035456,3,0.0,4.364556843938772e-06,Rank-
GACTTGAACGTCCGTA-1,1,50,32,2232,0,0,7,504.01622016,1264.1693696,3,1.0,0.9771007299423218,Background
GACTTGAAGCCATAGC-1,1,71,67,2233,0,0,1,980.0315392,1770.06232576,0,0.0,1.0,Rank+
GACTTGACGATGCTGT-1,1,58,124,2234,0,0,1,1765.3329510400001,1466.40644096,0,0.0,0.9999995231628418,Rank+
GACTTGCTTCTAGGAG-1,1,7,89,2235,0,0,4,1295.62346496,243.90061056,2,0.0,0.0019825187046080828,Rank-
GACTTGTCGTTCCGGC-1,1,2,114,2236,0,0,13,1639.8919168,127.46790912,1,0.0,8.550125551101465e-31,Rank-
GAGCACCATTCGCTGT-1,1,45,121,2237,0,0,3,1726.89739776,1155.46882048,3,0.0,0.9990777969360352,Rank+
GAGCAGACTAGTGGTA-1,1,74,62,2238,0,0,1,910.81751552,1841.078016,0,0.0,7.39621645179378e-12,Rank-
GAGCATCTCCAGTCTG-1,1,74,78,2239,0,0,2,1130.47069696,1843.02982144,3,0.0,1.0040611414297018e-05,Rank-
GAGCCAAGCGATCGTA-1,1,51,29,2240,0,0,2,462.57788928,1287.66610432,3,0.0,0.00023677381977904588,Rank-
GAGCCAAGCGCCTCAC-1,1,4,74,2241,0,0,5,1090.30854656,170.4076288,2,0.0,1.267209790967172e-05,Rank-
GAGCCAGCTTACGGTA-1,1,56,82,2242,0,0,1,1189.17499904,1413.5575552,0,0.0,1.0,Rank+
GAGCCAGTATTGTCAA-1,1,19,3,2243,0,0,0,112.45402112000001,520.08108032,5,0.0,0.0003674138570204377,Rank-
GAGCCTCACGTATGTA-1,1,26,64,2244,0,0,7,948.35223552,694.69259776,3,0.0,0.00013035758456680924,Rank-
GAGCCTCCAGTACCGA-1,1,56,28,2245,0,0,2,447.7892096,1406.95144448,3,0.0,3.106619885784312e-07,Rank-
GAGCGATACTCCAGGC-1,1,15,27,2246,0,0,0,442.75955712,427.44539136000003,1,0.0,4.866821117606656e-27,Rank-
GAGCGGCAATGGAATA-1,1,29,7,2247,0,0,9,165.22783744,759.47752448,0,0.0,0.9999998807907104,Rank+
GAGCGGTGTTATCAAC-1,1,48,122,2248,0,0,7,1740.0345497600001,1227.31027456,3,0.0,0.9988009929656982,Rank+
GAGCTAACCTACTTAC-1,1,28,110,2249,0,0,6,1579.4610176,748.0669696,2,0.0,1.2684875439576914e-19,Rank-
GAGCTAAGGTTGCGTT-1,1,52,26,2250,0,0,2,421.21462784,1311.16283904,5,0.0,0.9999997615814209,Rank+
GAGCTACAAGATCAAG-1,1,45,35,2251,0,0,1,546.28031488,1145.03416832,0,0.0,1.0,Rank+
GAGCTACAGCTCGGTA-1,1,32,78,2252,0,0,5,1139.32889088,839.72675584,2,0.0,0.0004542109090834856,Rank-
GAGCTATCCATCACGC-1,1,60,0,2253,0,0,2,62.60791296,1499.1367168,5,1.0,0.48408517241477966,Background
GAGCTGCGGTGGTAAT-1,1,71,81,2254,0,0,2,1172.28437504,1771.71385344,3,0.0,1.3250263108943727e-09,Rank-
GAGCTTGATGGAAGCT-1,1,11,97,2255,0,0,4,1404.62429184,340.43991040000003,0,0.0,1.0,Rank+
GAGGACAGATCGCCTA-1,1,46,18,2256,0,0,2,312.66421760000003,1166.87937536,3,0.0,0.0008378871134482324,Rank-
GAGGACAGTGATCGGC-1,1,43,123,2257,0,0,1,1754.74816,1107.94986496,0,0.0,0.9994354844093323,Rank+
GAGGACGAGTCCTAGT-1,1,21,25,2258,0,0,6,414.0079616,570.527744,0,0.0,0.9999949932098389,Rank+
GAGGATACCAGGTACG-1,1,38,120,2259,0,0,5,1714.66107904,988.13903872,2,0.0,2.172320618743298e-13,Rank-
GAGGATCCAGAACTGG-1,1,29,69,2260,0,0,1,1016.36514816,766.98446848,0,0.0,1.0,Rank+
GAGGATGAGGATCCTC-1,1,73,83,2261,0,0,2,1199.30937344,1819.7582950400001,3,0.0,1.0,Rank+
GAGGATGATAGGAAGG-1,1,26,74,2262,0,0,3,1085.65424128,695.96877824,3,0.0,1.0,Rank+
GAGGATGCACCAAGTT-1,1,2,126,2263,0,0,0,1804.59426816,128.96929792,1,0.0,2.612772732391022e-05,Rank-
GAGGCCACAAGGTGCA-1,1,22,36,2264,0,0,1,564.82246656,595.75107584,2,0.0,1.0,Rank+
GAGGCCACTTCTAGAT-1,1,24,8,2265,0,0,9,180.01651712,640.11711488,0,0.0,1.0,Rank+
GAGGCCAGCAGAGGTT-1,1,26,44,2266,0,0,9,673.82329344,692.29037568,0,0.0,1.0,Rank+
GAGGCCATGGCTCGGA-1,1,4,42,2267,0,0,0,651.00218368,166.50401792,4,0.0,1.7023660315701109e-18,Rank-
GAGGCGCTCCATTCCT-1,1,21,45,2268,0,0,3,688.61197312,573.00503552,0,0.0,1.0,Rank+
GAGGTAACATTCGATC-1,1,21,89,2269,0,0,10,1292.6957568,578.33496576,5,0.0,1.0,Rank+
GAGGTAACTAGACAGT-1,1,21,103,2270,0,0,1,1484.8735232000001,579.98649344,0,0.0,1.0,Rank+
GAGGTAACTGCGAGAC-1,1,40,38,2271,0,0,1,588.46934016,1025.97403648,0,0.0,1.0,Rank+
GAGGTACAACCTTCCG-1,1,56,4,2272,0,0,2,118.30943744,1404.09880576,3,0.0,1.0514603510786147e-12,Rank-
GAGGTATTAATAGCGG-1,1,36,66,2273,0,0,6,973.72570624,933.8638336,2,0.0,0.9999949932098389,Rank+
GAGGTCACTGTAAGCT-1,1,52,84,2274,0,0,4,1217.47617792,1318.2193664000001,2,0.0,2.3357376796595553e-11,Rank-
GAGGTGCATTCGGATC-1,1,39,65,2275,0,0,0,959.3874432,1005.40500992,1,0.0,4.667544528891276e-32,Rank-
GAGGTGCCTCTTCGTG-1,1,69,101,2276,0,0,10,1447.26373376,1726.37191168,5,0.0,1.0,Rank+
GAGGTGCGGCTGACCA-1,1,10,54,2277,0,0,6,814.503424,311.31296768,2,0.0,5.474570796693001e-10,Rank-
GAGGTGGCTCGAGGTT-1,1,37,111,2278,0,0,5,1591.3219891200001,963.21598464,2,0.0,8.13632355933791e-11,Rank-
GAGGTGTAGCAACTCA-1,1,28,40,2279,0,0,9,618.49711616,739.58412288,3,1.0,0.969531774520874,Background
GAGGTTAGATCGAAGA-1,1,12,2,2280,0,0,8,100.14263296,352.75129856,4,0.0,1.0,Rank+
GAGTAACGTGGCTTGA-1,1,59,67,2281,0,0,0,982.58390016,1483.3721344,1,0.0,6.704368536937438e-23,Rank-
GAGTAGATACGTCAAC-1,1,9,79,2282,0,0,1,1157.87104256,290.44366336,0,0.0,1.0,Rank+
GAGTAGATTATGGTTC-1,1,25,103,2283,0,0,4,1484.04775936,675.54989056,0,0.0,1.0,Rank+
GAGTAGGATGGTAGTC-1,1,34,72,2284,0,0,4,1056.52729856,886.79529472,2,1.0,0.9948083758354187,Background
GAGTCACGTCCTTAGA-1,1,52,118,2285,0,0,2,1684.25795584,1322.3481856,3,0.0,0.9999721050262451,Rank+
GAGTCCACGCCTGAAG-1,1,55,91,2286,0,0,1,1312.9645056,1390.7364454400001,0,0.0,1.0,Rank+
GAGTCCACTCATAACA-1,1,41,85,2287,0,0,0,1233.54103808,1055.55139584,1,0.0,1.581904919556454e-11,Rank-
GAGTCCTACCTCTGCA-1,1,46,4,2288,0,0,11,120.4864512,1165.15277824,0,0.0,0.9999977350234985,Rank+
GAGTCCTCTAGCGACA-1,1,54,34,2289,0,0,3,530.59080192,1359.95797504,0,0.0,0.9999992847442627,Rank+
GAGTCCTGTTACATCT-1,1,2,18,2290,0,0,8,321.97282816,115.83214592,4,0.0,3.034434570281519e-08,Rank-
GAGTCGAGCGTGCTTC-1,1,2,36,2291,0,0,0,569.0263552,118.00915968,4,0.0,7.589295591969858e-08,Rank-
GAGTCTATTCCAGGAC-1,1,2,10,2292,0,0,8,212.14623744,114.85624320000001,4,0.0,7.812387266820198e-21,Rank-
GAGTCTCGAGATAGTC-1,1,43,107,2293,0,0,1,1535.09497856,1105.99805952,0,0.0,1.0,Rank+
GAGTCTGACTATAGAA-1,1,21,59,2294,0,0,3,880.78973952,574.6565632,0,1.0,0.8771020770072937,Background
GAGTCTGGTGAATGAG-1,1,30,72,2295,0,0,1,1057.3530624,791.2318976,0,0.0,1.0,Rank+
GAGTGCAGCGTCATCG-1,1,54,38,2296,0,0,1,585.541632,1360.40839168,0,0.0,1.0,Rank+
GAGTGCCGCATTAGGC-1,1,45,67,2297,0,0,0,985.58667776,1148.9377792,1,0.0,2.1779202734069077e-29,Rank-
GAGTGCGGATACAGTC-1,1,65,45,2298,0,0,1,679.30336256,1624.05226496,0,0.0,1.0,Rank+
GAGTGCGTACTGTAAC-1,1,10,26,2299,0,0,0,430.07282176,307.93484288,5,0.0,2.2055293277725805e-27,Rank-
GAGTGGAGCAAGCGCA-1,1,26,90,2300,0,0,1,1305.30742272,697.84551424,0,0.0,1.0,Rank+
GAGTTAATCTCGTTAT-1,1,17,79,2301,0,0,10,1156.21951488,481.5704576,3,1.0,0.9941001534461975,Background
GAGTTAATTCCACTGG-1,1,58,64,2302,0,0,0,941.59598592,1459.12470528,1,0.0,1.2024773639654745e-14,Rank-
GAGTTACTCAATGGAA-1,1,34,102,2303,0,0,0,1468.3582464,890.39862784,1,0.0,1.7779157364935244e-33,Rank-
GAGTTAGCAGTAGATG-1,1,53,109,2304,0,0,2,1560.46844928,1345.16929536,3,1.0,0.3243006765842438,Background
GAGTTCTATCGTGCCT-1,1,30,56,2305,0,0,7,837.69988096,789.28009216,3,0.0,2.2864082589030277e-12,Rank-
GAGTTGGTATTAATAG-1,1,11,51,2306,0,0,4,773.06509312,334.8097024,2,0.0,0.00036581154563464224,Rank-
GATAAGCACGTGCGTA-1,1,28,106,2307,0,0,5,1524.58525696,747.61655296,2,0.0,6.607517377688055e-08,Rank-
GATAAGTTGGCGATTA-1,1,63,81,2308,0,0,3,1173.93590272,1580.66212864,0,0.0,0.9999946355819702,Rank+
GATAATCAGCTATTGT-1,1,35,25,2309,0,0,10,411.08025344,904.9620992,1,0.0,0.9999983310699463,Rank+
GATACATAACGCATGT-1,1,44,126,2310,0,0,10,1795.73607424,1132.1972940800001,0,0.0,1.0,Rank+
GATACCTCGCGACTGC-1,1,9,49,2311,0,0,5,746.04009472,286.84033024,2,0.0,7.17779169434607e-10,Rank-
GATACTTCACTCAGCA-1,1,56,56,2312,0,0,0,832.21981184,1410.40463872,1,0.0,1.9943806606192993e-09,Rank-
GATACTTCTAGTGGAG-1,1,70,90,2313,0,0,2,1296.0738816,1748.96781312,5,0.0,1.0,Rank+
GATAGAGTCTGAATCG-1,1,50,34,2314,0,0,3,531.4916352,1264.39457792,0,0.0,1.0,Rank+
GATAGATGTTGAAGAT-1,1,59,73,2315,0,0,4,1065.01014528,1484.1228288,2,0.0,5.72110067653675e-12,Rank-
GATAGCTAATGGATAG-1,1,40,4,2316,0,0,0,121.68756224,1021.84521728,1,0.0,6.272268878674795e-33,Rank-
GATAGTGACACTCCAA-1,1,51,53,2317,0,0,0,792.0576614400001,1290.59381248,1,0.0,2.8583765388529256e-17,Rank-
GATATCACCAGCATGG-1,1,0,16,2318,0,0,8,294.87276032,67.78770432,4,0.0,8.912899931989848e-12,Rank-
GATATGCTCACGTTAC-1,1,64,54,2319,0,0,6,803.09286912,1601.2311552,1,0.0,1.0470657696379655e-19,Rank-
GATCACGAACGTTGAG-1,1,75,81,2320,0,0,7,1171.4586112,1867.27725056,3,0.0,0.0009827697649598122,Rank-
GATCACGGCGTCTGGA-1,1,5,7,2321,0,0,8,170.33255936,186.1722112,4,0.0,9.000686986837536e-05,Rank-
GATCACGTGATAGTTC-1,1,16,126,2322,0,0,10,1801.6665600000001,463.40365312,4,1.0,0.016221480444073677,Background
GATCACTTAACGGATT-1,1,20,114,2323,0,0,5,1636.06337536,557.46566144,2,0.0,5.796808113697101e-18,Rank-
GATCCACCGCGTGCAA-1,1,42,80,2324,0,0,0,1164.7023616000001,1078.89799168,1,0.0,6.13335116763459e-27,Rank-
GATCCACCTTACCTTG-1,1,5,83,2325,0,0,5,1213.64763648,195.40575232,2,0.0,1.2424974515630928e-18,Rank-
GATCCACGAGCGTGCC-1,1,2,8,2326,0,0,8,184.6708224,114.63103488,4,0.0,0.00043360708514228463,Rank-
GATCCATAGGATGTAA-1,1,12,112,2327,0,0,0,1610.31455744,366.11365888,1,0.0,0.0,Background
GATCCGGACATACACC-1,1,24,28,2328,0,0,11,454.5454592,642.5944064,2,1.0,0.6720996499061584,Background
GATCGGAGATACGCAG-1,1,34,54,2329,0,0,1,809.39870208,884.61828096,0,0.0,1.0,Rank+
GATCGTAACATTAATA-1,1,13,67,2330,0,0,3,992.34292736,384.50567168,0,0.0,1.0,Rank+
GATCGTAAGAGTCGCA-1,1,22,92,2331,0,0,3,1333.6086016,602.58239488,3,0.0,0.002903959946706891,Rank-
GATCGTCATGCGGAGG-1,1,63,37,2332,0,0,2,569.92718848,1575.25712896,3,0.0,4.70520717499312e-06,Rank-
GATCGTGGCCACAACC-1,1,20,48,2333,0,0,3,729.97523456,549.43323136,0,0.0,1.0,Rank+
GATCGTTGATGGATGC-1,1,32,118,2334,0,0,0,1688.46184448,844.60626944,4,0.0,6.5573577597039895e-24,Rank-
GATCGTTGGAATGACA-1,1,76,74,2335,0,0,3,1075.14451968,1890.32356864,0,0.0,1.0,Rank+
GATCTATGAAGATGCG-1,1,52,50,2336,0,0,0,750.6944,1314.0905472,1,0.0,2.2727731155414155e-12,Rank-
GATCTTGTCATGATCT-1,1,63,51,2337,0,0,6,762.10495488,1576.98372608,2,0.0,1.2657751993420844e-20,Rank-
GATGACTCTGAATCTT-1,1,64,50,2338,0,0,4,748.14203904,1600.78073856,2,0.0,9.391834865368764e-09,Rank-
GATGAGTGAACGGCTG-1,1,34,42,2339,0,0,7,644.69635072,883.11689216,3,1.0,0.024188751354813576,Background
GATGCAACTCGCGTTG-1,1,16,120,2340,0,0,0,1719.31538432,462.65295872,1,0.0,2.889174477349344e-29,Rank-
GATGCCACATTATCAC-1,1,3,55,2341,0,0,0,829.66745088,144.20839424,1,0.0,3.538007633327766e-25,Rank-
GATGCCAGACATAATG-1,1,14,46,2342,0,0,4,703.7760000000001,405.90046208,2,1.0,0.9934719800949097,Background
GATGCCATCTATAACC-1,1,0,114,2343,0,0,13,1640.34233344,79.72374528,1,0.0,8.94208426823061e-31,Rank-
GATGCCGACAGATATT-1,1,10,56,2344,0,0,4,841.9037696,311.538176,2,1.0,0.9871188402175903,Background
GATGCCTAGAGTCTGT-1,1,42,64,2345,0,0,0,944.97411072,1076.94618624,1,0.0,3.243586093049089e-07,Rank-
GATGGACCTGGACGGA-1,1,50,48,2346,0,0,0,723.6694016,1266.0461056,1,0.0,3.845643059374808e-19,Rank-
GATGGACGGCAGATGA-1,1,54,32,2347,0,0,7,503.19045632,1359.65769728,3,0.0,0.9999998807907104,Rank+
GATGTAGCGAGGTCCA-1,1,46,86,2348,0,0,5,1246.22777344,1175.13701376,2,0.0,1.762539199035018e-07,Rank-
GATGTAGGAGTTGGCC-1,1,32,64,2349,0,0,1,947.15112448,838.07522816,0,0.0,1.0,Rank+
GATGTTCTATAGGATA-1,1,9,83,2350,0,0,1,1212.82187264,290.96914944,0,1.0,0.477289617061615,Background
GATTATGTGACATGAT-1,1,42,8,2351,0,0,0,176.18797568,1070.1148672,1,0.0,2.083579019989393e-26,Rank-
GATTCCAAGTCCTGTA-1,1,74,94,2352,0,0,2,1350.1238784,1844.98162688,5,0.0,1.0,Rank+
GATTCCATACTGAACC-1,1,35,51,2353,0,0,1,768.03544064,908.11501568,0,0.0,1.0,Rank+
GATTCCATTGAGTTGA-1,1,44,86,2354,0,0,5,1246.60312064,1127.3928499200001,2,0.0,5.51474158783094e-07,Rank-
GATTCCGCTATCGGCT-1,1,15,39,2355,0,0,5,607.46190848,428.94678016,2,0.0,4.7463171881645394e-07,Rank-
GATTCCGCTGCAAGAT-1,1,46,66,2356,0,0,0,971.62376192,1172.73479168,1,0.0,1.7510373294730247e-28,Rank-
GATTCCGTGCGTATAC-1,1,35,103,2357,0,0,0,1481.8707456,914.42084864,1,0.0,2.828302696211704e-11,Rank-
GATTCCTGCAGATCGT-1,1,52,12,2358,0,0,2,229.03686144,1309.51131136,5,0.0,5.159116689412713e-09,Rank-
GATTCGCCATGTATCA-1,1,45,9,2359,0,0,11,189.32512768,1141.88125184,3,1.0,0.9945631623268127,Background
GATTGACTCCATGCGA-1,1,64,76,2360,0,0,1,1105.09722624,1603.93365504,0,0.0,1.0,Rank+
GATTGTCGCAACGAGG-1,1,36,94,2361,0,0,0,1358.15630848,937.2419584,1,0.0,3.259635660503419e-27,Rank-
GCAACAGCCTGCTCTA-1,1,15,19,2362,0,0,8,332.9329664,426.46948864,1,1.0,0.03483021259307861,Background
GCAACAGCGTGGATCA-1,1,34,0,2363,0,0,0,68.08798208,878.08723968,1,0.0,7.037610713635374e-27,Rank-
GCAACAGCTCCTATGA-1,1,70,52,2364,0,0,4,774.3412736,1744.31350784,0,0.0,1.0,Rank+
GCAACAGGCCATTGAC-1,1,27,37,2365,0,0,9,577.50920192,715.33669376,3,0.0,0.9999716281890869,Rank+
GCAACATACATCAGCA-1,1,21,73,2366,0,0,10,1072.9675059200001,576.38316032,5,0.0,1.0,Rank+
GCAACATCAGTCAAGT-1,1,12,92,2367,0,0,1,1335.71054592,363.7114368,0,0.0,1.0,Rank+
GCAACATGGTTCTTCA-1,1,49,5,2368,0,0,7,133.54853376,1236.99423232,3,0.0,7.57771067583235e-06,Rank-
GCAAGAATGTTCCACC-1,1,35,21,2369,0,0,2,356.12942336000003,904.51168256,1,0.0,1.0,Rank+
GCAAGAGTCGGTGGAC-1,1,3,13,2370,0,0,8,253.05908224,139.10367232000002,4,0.0,5.191843683860498e-07,Rank-
GCAAGATAGGTTAACT-1,1,38,62,2371,0,0,6,918.39952896,981.1575808,2,0.0,5.459884215314452e-19,Rank-
GCAAGCACTACCGCCA-1,1,15,63,2372,0,0,3,937.0167500800001,431.79941888,0,0.0,0.9999995231628418,Rank+
GCAAGCTTATTGACGT-1,1,10,74,2373,0,0,11,1089.03236608,313.71518976,0,0.0,1.0,Rank+
GCAATACATGAGGACA-1,1,23,91,2374,0,0,3,1319.7207552,626.30433792,5,0.0,1.0,Rank+
GCAATCAACTCCAGAT-1,1,73,53,2375,0,0,1,787.4784256,1816.0798924800001,0,0.0,1.0,Rank+
GCAATCGTGACTCCAA-1,1,60,46,2376,0,0,4,694.09204224,1504.69185536,0,0.0,1.0,Rank+
GCAATTAATCAACGTA-1,1,32,106,2377,0,0,0,1523.68442368,843.17995008,1,0.0,1.4441261335500555e-22,Rank-
GCAATTCCTATCATAC-1,1,56,68,2378,0,0,6,996.99723264,1411.83095808,1,0.0,5.642060405471599e-19,Rank-
GCACAGCAGTCTGTAA-1,1,16,110,2379,0,0,4,1582.01337856,461.45184768,2,0.0,1.0762211388737342e-07,Rank-
GCACAGCTGTGGTTGA-1,1,51,79,2380,0,0,5,1149.0128486400001,1293.74672896,2,1.0,0.4722927212715149,Background
GCACAGGCTCTACCAT-1,1,4,8,2381,0,0,8,184.22040576,162.37519872000001,4,0.0,1.863924481426693e-08,Rank-
GCACAGTCTTGATAGA-1,1,56,116,2382,0,0,2,1655.95677696,1417.6863744,3,0.0,8.447252912446856e-05,Rank-
GCACATCGTCTGCGGA-1,1,8,118,2383,0,0,8,1693.5665664,271.30095616,4,0.0,3.49224835234801e-22,Rank-
GCACATGCCGGTCTGG-1,1,69,65,2384,0,0,4,953.0065408,1722.01788416,0,1.0,0.01841956190764904,Background
GCACCGAAGATGTCTA-1,1,61,77,2385,0,0,1,1119.43548928,1532.39247872,0,0.0,1.0,Rank+
GCACCTAGCCGAATCT-1,1,38,40,2386,0,0,1,616.39517184,978.45508096,0,0.0,1.0,Rank+
GCACCTAGTAATTATC-1,1,68,66,2387,0,0,4,966.96945664,1698.22087168,0,0.0,1.0,Rank+
GCACCTTAATCGGATA-1,1,73,55,2388,0,0,1,814.8787712,1816.38017024,0,0.0,1.0,Rank+
GCACCTTACTGGCTAC-1,1,41,75,2389,0,0,0,1096.23903232,1054.3502848,4,0.0,7.315539015304674e-17,Rank-
GCACCTTAGCCTCGCA-1,1,25,99,2390,0,0,4,1429.09692928,675.09947392,0,0.0,1.0,Rank+
GCACCTTCGCGGTAGA-1,1,3,69,2391,0,0,6,1021.92028672,145.93499136,1,0.0,6.822394513474714e-25,Rank-
GCACGACTGGTGCGTA-1,1,58,4,2392,0,0,2,117.93409024,1451.8429696,3,1.0,0.9214453101158142,Background
GCACGAGCAGTACCGA-1,1,19,23,2393,0,0,0,386.98296320000003,522.5583718400001,1,0.0,2.4657745789235912e-26,Rank-
GCACGAGCTATTGTCG-1,1,69,41,2394,0,0,2,623.52676864,1719.090176,3,0.0,6.494013291558076e-07,Rank-
GCACGAGGTCACGGAC-1,1,74,90,2395,0,0,2,1295.17304832,1844.4561408,3,1.0,0.9396334886550903,Background
GCACGCAACCATACCA-1,1,38,18,2396,0,0,11,314.31574528,975.7525811200001,3,0.0,0.9999686479568481,Rank+
GCACGCATAGATTGCT-1,1,32,42,2397,0,0,2,645.07169792,835.37272832,5,0.0,1.0,Rank+
GCACGCATAGGCGATC-1,1,42,78,2398,0,0,0,1137.22694656,1078.59771392,1,0.0,2.004929776918217e-32,Rank-
GCACGCGTGACATCAG-1,1,1,19,2399,0,0,8,335.86067456,92.03513344,4,0.0,1.1634705351926122e-11,Rank-
GCACGCTTCGTTGTTC-1,1,59,59,2400,0,0,0,872.75730944,1482.39623168,4,1.0,0.6162673830986023,Background
GCACGGAAGGATAGTA-1,1,20,24,2401,0,0,6,400.4954624,546.5055232,1,1.0,0.0402221642434597,Background
GCACTACACTATTGCG-1,1,46,38,2402,0,0,1,587.19315968,1169.28159744,0,0.0,1.0,Rank+
GCACTCCGACTGGCGT-1,1,70,42,2403,0,0,2,637.03926784,1743.1123968,3,0.0,2.9060118027224302e-12,Rank-
GCACTCTGTTGCCATA-1,1,49,97,2404,0,0,1,1396.59186176,1248.17957888,0,0.0,1.0,Rank+
GCACTGAATATGACAG-1,1,53,75,2405,0,0,5,1093.68667136,1341.04047616,2,0.0,4.450873348105233e-06,Rank-
GCACTGCCTCGATGCG-1,1,29,19,2406,0,0,9,330.00525824,760.90384384,3,0.0,1.0,Rank+
GCACTGGACGCAGCAC-1,1,29,101,2407,0,0,5,1455.74658048,770.88807936,2,0.0,1.1609689209990393e-07,Rank-
GCAGACGCCTGGTTAT-1,1,53,91,2408,0,0,1,1313.3398528,1342.9922816,0,0.0,1.0,Rank+
GCAGATACGTTGAACG-1,1,45,27,2409,0,0,2,436.45372416,1144.0582656,5,0.0,1.0,Rank+
GCAGATAGTTGGAGAC-1,1,8,6,2410,0,0,8,155.91922688,257.71338752,4,0.0,1.0,Rank+
GCAGATCCTAATGTGG-1,1,39,83,2411,0,0,0,1206.51603968,1007.58202368,1,0.0,4.345580340014976e-09,Rank-
GCAGATCGGTAATTAT-1,1,38,122,2412,0,0,4,1742.13649408,988.43931648,2,1.0,0.027258139103651047,Background
GCAGCCGGATGCCGCA-1,1,13,79,2413,0,0,3,1157.04527872,386.00706048,3,1.0,0.9797976613044739,Background
GCAGCGATCTAACGAA-1,1,12,58,2414,0,0,1,869.00383744,359.5826176,0,0.0,1.0,Rank+
GCAGGCAGTGATCTAC-1,1,41,19,2415,0,0,7,327.45289728,1047.5940352,3,0.0,8.947150490712374e-06,Rank-
GCAGGCCATTCCTGCC-1,1,41,69,2416,0,0,0,1013.88785664,1053.67465984,1,0.0,3.725913876881333e-36,Rank-
GCAGGCTACCGTCCTT-1,1,28,84,2417,0,0,1,1222.5058304,744.9140531200001,0,0.0,1.0,Rank+
GCAGGCTGGTTCCAAG-1,1,22,50,2418,0,0,3,757.0002329600001,597.4776729600001,0,0.0,0.9999995231628418,Rank+
GCAGGTCACTACCTCA-1,1,44,98,2419,0,0,4,1411.3805414400001,1128.81916928,2,0.0,1.0,Rank+
GCAGTACTCAACGAAG-1,1,1,117,2420,0,0,13,1681.25517824,103.9711744,1,0.0,2.5702156332060855e-13,Rank-
GCAGTAGATGTCCAAT-1,1,33,13,2421,0,0,11,246.75324928,855.71654656,0,0.0,0.9999842643737793,Rank+
GCAGTTCGGCATTAGC-1,1,21,111,2422,0,0,5,1594.70011392,580.96239616,2,0.0,0.004301956854760647,Rank-
GCATAACCGAGGTGAT-1,1,51,45,2423,0,0,5,682.23107072,1289.61790976,2,0.0,7.3462462779616544e-09,Rank-
GCATACTAGCATCGAA-1,1,48,54,2424,0,0,0,806.4709939200001,1219.05263616,1,0.0,1.8148095932701835e-06,Rank-
GCATGACGGATTATCA-1,1,43,77,2425,0,0,6,1123.26403072,1102.3947264,1,0.0,2.1675647566492675e-17,Rank-
GCATGCGTCCTATTAA-1,1,12,126,2426,0,0,10,1802.49232384,367.840256,4,0.0,1.0,Rank+
GCATGCTGAGACAGGT-1,1,40,42,2427,0,0,1,643.4201702400001,1026.49952256,0,0.0,1.0,Rank+
GCATGTCGAGTGTCTT-1,1,59,99,2428,0,0,7,1421.89026304,1487.27574528,3,0.0,0.0012110081734135747,Rank-
GCATTACCTGTCAAGA-1,1,29,75,2429,0,0,4,1098.79139328,767.73516288,0,0.0,1.0,Rank+
GCATTGACTACAGCGA-1,1,36,90,2430,0,0,0,1303.2054784,936.71647232,1,0.0,5.243104284667586e-30,Rank-
GCATTGCTGTTCCATC-1,1,7,47,2431,0,0,5,719.01509632,238.79588864000002,2,0.0,1.4943143497223553e-17,Rank-
GCATTGGTTACCAAGC-1,1,25,85,2432,0,0,1,1236.91916288,673.3728768,0,0.0,1.0,Rank+
GCCAACGAGCGGCATA-1,1,32,116,2433,0,0,0,1660.98642944,844.38106112,4,0.0,1.5002089197649338e-13,Rank-
GCCACGAAGGAATTCC-1,1,49,7,2434,0,0,7,161.0239488,1237.2194406400001,3,0.0,2.926426532212645e-07,Rank-
GCCACGCCTTAGTACG-1,1,55,11,2435,0,0,2,214.62352896000002,1381.05248768,3,1.0,0.9945898056030273,Background
GCCACTATAGACCATA-1,1,25,57,2436,0,0,2,852.4885606400001,669.9947520000001,3,0.0,5.687427346856566e-07,Rank-
GCCACTCCGTCACCTC-1,1,28,10,2437,0,0,9,206.59109888,735.90572032,0,0.0,1.0,Rank+
GCCAGACAGACGCCTA-1,1,20,94,2438,0,0,3,1361.53443328,555.06343936,3,0.0,0.0006811938364990056,Rank-
GCCAGACATCTATCAC-1,1,46,80,2439,0,0,5,1163.80152832,1174.38631936,2,0.0,5.152793303153658e-09,Rank-
GCCAGGCTTAATGGCC-1,1,42,120,2440,0,0,3,1713.8353152,1083.70243584,0,0.0,0.9999996423721313,Rank+
GCCAGTAGACGATACC-1,1,39,67,2441,0,0,0,986.86285824,1005.63021824,1,0.0,2.30500934572502e-19,Rank-
GCCAGTGCTCTACACT-1,1,3,9,2442,0,0,8,198.1833216,138.65325568,4,0.0,0.9999891519546509,Rank+
GCCAGTTAATTCTTGC-1,1,66,94,2443,0,0,2,1351.77540608,1653.85483264,5,0.0,1.0,Rank+
GCCAGTTCCTCGTGCC-1,1,50,82,2444,0,0,4,1190.45117952,1270.1749248,2,0.0,0.9993247985839844,Rank+
GCCATTCTCGTGTAGA-1,1,12,72,2445,0,0,3,1061.18160384,361.23414528,0,0.0,1.0,Rank+
GCCATTCTTGCAACCA-1,1,3,53,2446,0,0,0,802.26710528,143.98318592,1,0.0,1.756662598099242e-37,Rank-
GCCATTGAGTGCTGCG-1,1,3,79,2447,0,0,6,1159.14722304,147.1361024,1,0.0,2.8870311506065588e-18,Rank-
GCCATTGATACTCAAG-1,1,3,57,2448,0,0,6,857.14286592,144.43360256,1,0.0,1.1800806015026309e-26,Rank-
GCCATTGCATGTTAAC-1,1,61,35,2449,0,0,7,542.90219008,1527.2877568000001,3,0.0,0.0002705279039219022,Rank-
GCCATTGTAACTGATC-1,1,49,87,2450,0,0,5,1259.289856,1246.9033984,2,0.0,0.9997079968452454,Rank+
GCCATTGTAATGTCTT-1,1,20,30,2451,0,0,6,482.92170752,547.2562176,2,0.0,0.0009301956160925329,Rank-
GCCGAAGATGTATTGA-1,1,24,118,2452,0,0,0,1690.1884416,653.4794752,1,0.0,3.0202775433038756e-26,Rank-
GCCGAATCCACGACTC-1,1,77,69,2453,0,0,1,1006.23077376,1913.59509504,0,0.0,0.99991774559021,Rank+
GCCGAGTCCTCGTCCA-1,1,47,75,2454,0,0,5,1094.96285184,1197.7329152,2,0.0,8.653472947028955e-19,Rank-
GCCGATACGGTATCAG-1,1,11,3,2455,0,0,8,114.10554880000001,329.02935552,4,0.0,2.78318702839897e-06,Rank-
GCCGATCGAGTGAAGT-1,1,17,57,2456,0,0,3,854.21515776,478.86795776,0,0.0,0.9999951124191284,Rank+
GCCGATCTCGTGACTC-1,1,10,70,2457,0,0,1,1034.15660544,313.26477312000003,0,0.0,1.0,Rank+
GCCGCACTTCGTCTAT-1,1,7,75,2458,0,0,1,1103.44569856,242.17401344,0,0.0,1.0,Rank+
GCCGCTAGATCACCTT-1,1,67,125,2459,0,0,1,1777.19392256,1681.555456,0,0.0,0.9998924732208252,Rank+
GCCGCTGATTGGCCAG-1,1,34,70,2460,0,0,4,1029.05188352,886.5700864,2,0.0,0.004164171405136585,Rank-
GCCGCTTCTAAGGTGA-1,1,19,29,2461,0,0,6,469.33413888,523.2339968,2,0.0,5.423201492917029e-13,Rank-
GCCGGCAATAGGCAGG-1,1,65,63,2462,0,0,5,926.43195904,1626.2292787200001,2,0.0,4.194925377321002e-16,Rank-
GCCGGCATTCCGCCGA-1,1,37,1,2463,0,0,0,81.15006464,949.85362432,1,0.0,4.9978814206941854e-27,Rank-
GCCGGCGAACCATTGT-1,1,26,40,2464,0,0,3,618.87246336,691.83995904,5,0.0,0.9999997615814209,Rank+
GCCGGCGTAGGTGACG-1,1,10,14,2465,0,0,8,265.3704704,306.43345408,4,0.0,3.885244586854242e-05,Rank-
GCCGGCGTGAACTTGC-1,1,43,53,2466,0,0,6,793.78425856,1099.46701824,2,0.0,7.085116778075265e-15,Rank-
GCCGGTATGCTCATGC-1,1,40,72,2467,0,0,0,1055.25111808,1030.10285568,1,0.0,3.1342270456328244e-17,Rank-
GCCGTACCAGATCTAG-1,1,14,34,2468,0,0,6,539.07364864,404.39907328,1,0.0,2.5513454602332786e-06,Rank-
GCCGTATGCCAGTCTT-1,1,31,105,2469,0,0,0,1510.17192448,819.15772928,1,0.0,5.272287867648001e-22,Rank-
GCCGTATGCGTTATAG-1,1,25,125,2470,0,0,0,1786.05211648,678.2523904,4,1.0,0.9337794780731201,Background
GCCTATAGCATACCTT-1,1,30,30,2471,0,0,9,480.74469376,786.12717568,5,0.0,0.9999990463256836,Rank+
GCCTCATGCGAGCAGG-1,1,68,82,2472,0,0,7,1186.6226380800001,1700.1726771200001,3,1.0,0.015455445274710655,Background
GCCTCCAACAGTAGCC-1,1,7,95,2473,0,0,6,1377.97464064,244.65130496,2,0.0,2.2972306279456234e-09,Rank-
GCCTCCGTCTACCTCG-1,1,46,8,2474,0,0,11,175.36221184000001,1165.67826432,0,1.0,0.6375728845596313,Background
GCCTCCGTGCTGTAAT-1,1,66,120,2475,0,0,3,1708.73059328,1657.00774912,3,0.0,1.0,Rank+
GCCTCCTGCGGCCGTT-1,1,20,70,2476,0,0,7,1032.05466112,552.1357312,3,0.0,7.874298171373084e-05,Rank-
GCCTGGAACGTCTGCT-1,1,12,86,2477,0,0,3,1253.35937024,362.9607424,0,0.0,1.0,Rank+
GCCTGGACAATGTATC-1,1,8,124,2478,0,0,8,1775.91774208,272.05165056,4,0.0,1.4177711227247869e-09,Rank-
GCCTGGACCTATTGTC-1,1,12,34,2479,0,0,0,539.5240652800001,356.65490944,2,0.0,3.6265847985590878e-16,Rank-
GCCTGGAGCAAGTTAG-1,1,19,93,2480,0,0,7,1348.02193408,531.0412185600001,3,1.0,0.036627817898988724,Background
GCCTGGTAAGGCGACT-1,1,8,92,2481,0,0,4,1336.6113792,268.14803968,2,0.0,2.907346470237826e-07,Rank-
GCCTGGTACATGGTCG-1,1,29,57,2482,0,0,7,851.6627968,765.55814912,3,0.0,1.3569080010711332e-06,Rank-
GCCTGGTCAGGTTGCC-1,1,39,87,2483,0,0,0,1261.3918003200001,1008.03244032,1,0.0,3.0461224940885014e-21,Rank-
GCCTGTGAAGTCGGCG-1,1,59,45,2484,0,0,4,680.57954304,1480.66963456,0,1.0,0.9453386664390564,Background
GCCTGTGACACCAGAA-1,1,18,84,2485,0,0,2,1224.68284416,506.04309504,5,0.0,1.0,Rank+
GCCTGTGATAGATTGG-1,1,66,58,2486,0,0,6,857.59328256,1649.50080512,1,0.0,1.3062753515376158e-18,Rank-
GCCTGTTAACGGACGA-1,1,74,84,2487,0,0,2,1212.82187264,1843.7805158400001,3,1.0,0.01640823483467102,Background
GCCTGTTAGGTTGTGA-1,1,46,120,2488,0,0,7,1712.93448192,1179.2658329600001,3,0.0,0.9999992847442627,Rank+
GCCTTAATTGACGGAT-1,1,6,62,2489,0,0,4,925.15577856,216.72547328000002,2,0.0,0.9995666146278381,Rank+
GCCTTCGCTTATGTTC-1,1,36,12,2490,0,0,12,232.41498624,927.25772288,0,0.0,1.0,Rank+
GCCTTCTGATTCCGTC-1,1,57,99,2491,0,0,3,1422.34067968,1439.456512,0,0.0,0.9999898672103882,Rank+
GCCTTCTGTCACGCTC-1,1,38,42,2492,0,0,1,643.79551744,978.68028928,0,0.0,1.0,Rank+
GCCTTGAGATCTGAGC-1,1,26,96,2493,0,0,4,1387.73366784,698.59620864,0,0.0,1.0,Rank+
GCCTTGCCACTTCTGA-1,1,32,58,2494,0,0,3,864.72487936,837.32453376,0,0.0,0.9999971389770508,Rank+
GCCTTGGCGAACAATC-1,1,32,66,2495,0,0,4,974.5514700800001,838.30043648,0,0.0,1.0,Rank+
GCGAACAATAGAAGAC-1,1,75,113,2496,0,0,2,1610.76497408,1871.18086144,5,0.0,1.3995514469566928e-10,Rank-
GCGAAGTTGGCGTGCA-1,1,43,119,2497,0,0,3,1699.87239936,1107.49944832,0,0.0,0.9999984502792358,Rank+
GCGAATAGTGGCTAAT-1,1,38,96,2498,0,0,0,1385.18130688,985.2864000000001,1,0.0,2.8298571225810514e-22,Rank-
GCGAATCGAGAACACG-1,1,44,72,2499,0,0,6,1054.42535424,1125.6662528,1,0.0,8.694467444748314e-27,Rank-
GCGAATGCAGTGTCAA-1,1,53,99,2500,0,0,3,1423.16644352,1343.96818432,0,0.0,1.0,Rank+
GCGAATTGGCTAGCCA-1,1,60,92,2501,0,0,7,1325.5761715200001,1510.3220633600001,0,0.0,0.9998975992202759,Rank+
GCGACACTAAGCTAAG-1,1,36,76,2502,0,0,12,1111.027712,935.06494464,2,1.0,0.008991545997560024,Background
GCGACAGTGCCGCACC-1,1,40,98,2503,0,0,6,1412.20630528,1033.25577216,2,0.0,3.642398667125235e-07,Rank-
GCGACGTAGAGCGTTA-1,1,68,56,2504,0,0,4,829.66745088,1697.01976064,0,0.0,1.6809944547446776e-09,Rank-
GCGAGCGGACCATAAC-1,1,27,67,2505,0,0,3,989.34014976,718.94002688,3,0.0,1.0,Rank+
GCGAGCGGTTGTCATG-1,1,33,109,2506,0,0,0,1564.67233792,867.4273792,4,0.0,2.879184588769519e-14,Rank-
GCGAGCTAACTCCTAG-1,1,71,55,2507,0,0,4,815.32918784,1768.56093696,0,0.0,0.9999992847442627,Rank+
GCGAGGATCGACCTTA-1,1,33,89,2508,0,0,5,1290.14339584,864.95008768,2,0.0,3.1940143500669917e-21,Rank-
GCGAGGTGCTACCTCG-1,1,3,63,2509,0,0,6,939.4940416000001,145.18429696,1,0.0,4.393472064776588e-26,Rank-
GCGAGTTGAACGTCGA-1,1,59,117,2510,0,0,2,1669.01885952,1489.45275904,3,1.0,0.09632041305303574,Background
GCGATGACCGTGTAAT-1,1,35,91,2511,0,0,0,1317.16839424,912.99452928,1,0.0,2.138644130438544e-26,Rank-
GCGATGCCTCTAAGTC-1,1,5,11,2512,0,0,8,225.20832000000001,186.62262784,4,0.0,1.0333131919559868e-11,Rank-
GCGATGTACTGCTATT-1,1,63,55,2513,0,0,0,816.98071552,1577.43414272,1,0.0,1.9003429680364367e-34,Rank-
GCGATTCTAACAGTAA-1,1,55,7,2514,0,0,2,159.74776832,1380.5270016,3,0.0,1.588112354511395e-05,Rank-
GCGGAGCCTGTAACAT-1,1,72,44,2515,0,0,7,664.06426624,1791.1568384,3,0.0,3.1969821234767437e-10,Rank-
GCGGCAAGTGTTATGT-1,1,37,55,2516,0,0,4,822.53585408,956.3846656000001,0,1.0,0.9929414987564087,Background
GCGGTCCGCTGTCTCA-1,1,14,116,2517,0,0,0,1664.81497088,414.3833088,1,0.0,1.0695539023330438e-15,Rank-
GCGGTCCTGTAGTCTG-1,1,37,109,2518,0,0,5,1563.84657408,962.91570688,2,0.0,2.9426319714254134e-10,Rank-
GCGGTCGGCGTACCTT-1,1,19,7,2519,0,0,0,167.32978176,520.6065664,1,0.0,4.0416117521234837e-17,Rank-
GCGGTCGTTGATCTTG-1,1,19,91,2520,0,0,10,1320.54651904,530.81601024,3,1.0,0.9327967762947083,Background
GCGGTGAATCCTGTTA-1,1,7,127,2521,0,0,10,1817.28100352,248.4798464,1,0.0,0.9972283244132996,Rank+
GCGGTGGACATCAATC-1,1,0,34,2522,0,0,8,542.0013568,69.96471808,4,1.0,0.07986658066511154,Background
GCGGTGGATGGCGACG-1,1,3,123,2523,0,0,13,1763.23100672,152.46603264,1,0.0,6.583633378048903e-14,Rank-
GCGGTGGCCGACGCAT-1,1,38,58,2524,0,0,5,863.44869888,980.63209472,2,0.0,1.9713755367717356e-12,Rank-
GCGTACCGGAACGACA-1,1,24,10,2525,0,0,9,207.49193216,640.41739264,0,1.0,0.5739327669143677,Background
GCGTACCGGATGGCTC-1,1,24,50,2526,0,0,9,756.62488576,645.2218368,0,0.0,1.0,Rank+
GCGTACCGTGTATCAG-1,1,32,76,2527,0,0,6,1111.85347584,839.50154752,2,0.0,6.38153352383597e-08,Rank-
GCGTCCAGCAATTGGC-1,1,29,11,2528,0,0,9,220.10359808,759.92794112,0,0.0,1.0,Rank+
GCGTCCTCTGCCGTTG-1,1,15,93,2529,0,0,3,1348.84769792,435.47782144,0,0.0,1.0,Rank+
GCGTCGGAATGCTGCC-1,1,24,76,2530,0,0,3,1113.58007296,648.37475328,5,1.0,0.843989908695221,Background
GCGTCGGTCACGCCAG-1,1,37,105,2531,0,0,6,1508.97081344,962.4652902400001,1,0.0,6.991043161042043e-11,Rank-
GCGTCGTAGGCTCATC-1,1,34,124,2532,0,0,6,1770.43767296,893.10112768,1,0.0,2.2995046402969284e-25,Rank-
GCGTCTCGCAACTCAT-1,1,25,33,2533,0,0,11,523.00878848,667.06704384,0,0.0,1.0,Rank+
GCGTCTGGCCTGCAGC-1,1,7,121,2534,0,0,8,1734.92982784,247.80422144,4,0.0,4.74238994740972e-08,Rank-
GCGTTAATAGTCAGTA-1,1,62,46,2535,0,0,1,693.6416256,1552.51108864,0,1.0,0.9950780868530273,Background
GCGTTCGAGGCCACAA-1,1,13,85,2536,0,0,3,1239.47152384,386.75775488,0,0.0,1.0,Rank+
GCGTTGTATCGGAGCT-1,1,50,28,2537,0,0,2,449.06539008,1263.64388352,3,0.0,0.9999703168869019,Rank+
GCTAACAGATTGGTAG-1,1,72,78,2538,0,0,7,1130.84604416,1795.2856576,3,0.0,1.8471775547368452e-05,Rank-
GCTAACCATAGGCGTT-1,1,51,91,2539,0,0,1,1313.79026944,1295.17304832,0,0.0,0.9997420907020569,Rank+
GCTAACGTCCATTCTG-1,1,69,115,2540,0,0,2,1639.44150016,1728.0985088,3,0.0,1.4681210025457858e-08,Rank-
GCTACATCTGTACTCA-1,1,70,94,2541,0,0,2,1350.94964224,1749.41822976,5,0.0,0.9999855756759644,Rank+
GCTACCATCCTGTAGA-1,1,22,58,2542,0,0,3,866.82682368,598.45357568,2,1.0,0.053291212767362595,Background
GCTACCTAGTCCGTTC-1,1,74,56,2543,0,0,1,828.3912704,1840.3273216,0,0.0,1.0,Rank+
GCTACTTCTGACGCGA-1,1,51,69,2544,0,0,6,1011.78591232,1292.54561792,2,0.0,5.2706122217086406e-17,Rank-
GCTAGTCGATAGGTGC-1,1,18,122,2545,0,0,0,1746.34038272,510.62233088,4,0.0,6.397019415918526e-13,Rank-
GCTATGCGTGAACGGT-1,1,23,43,2546,0,0,3,660.68614144,620.52399104,0,0.0,1.0,Rank+
GCTCAACCACGGCAAC-1,1,26,84,2547,0,0,1,1222.95624704,697.16988928,0,0.0,1.0,Rank+
GCTCATACAATTAGAC-1,1,31,65,2548,0,0,1,961.03897088,814.27821568,0,0.0,1.0,Rank+
GCTCATACCTCAGGCA-1,1,14,120,2549,0,0,0,1719.69073152,414.83372544,4,0.0,6.93944810463987e-36,Rank-
GCTCCGAGACTACATA-1,1,49,99,2550,0,0,1,1424.0672768,1248.4047872,0,0.0,1.0,Rank+
GCTCCGGCAACATGAT-1,1,64,92,2551,0,0,2,1324.75040768,1605.8854604800001,3,0.0,2.779220449664174e-16,Rank-
GCTCGATGCTCGCATG-1,1,19,87,2552,0,0,9,1265.59568896,530.29052416,5,1.0,0.15168775618076324,Background
GCTCGCATCGTCATTA-1,1,58,40,2553,0,0,1,612.11621376,1456.19699712,0,0.0,1.0,Rank+
GCTCGGACCTTCAAGT-1,1,4,40,2554,0,0,0,623.52676864,166.27880960000002,4,0.0,4.760545193612107e-18,Rank-
GCTCGGAGATGAATGT-1,1,25,61,2555,0,0,2,907.43939072,670.44516864,3,0.0,2.265227067255182e-06,Rank-
GCTCGTAACGGAGCAC-1,1,47,123,2556,0,0,3,1753.92239616,1203.51326208,0,0.0,1.0,Rank+
GCTCGTCTGCCGCAAT-1,1,36,8,2557,0,0,12,177.46415616000002,926.80730624,0,0.0,1.0,Rank+
GCTCTGACTCGACTTA-1,1,7,125,2558,0,0,0,1789.88065792,248.25463808,1,1.0,0.41107088327407837,Background
GCTGAATGACCGTGAG-1,1,48,92,2559,0,0,4,1328.12853248,1223.631872,0,0.0,1.0,Rank+
GCTGACAGCCGGAGCG-1,1,29,85,2560,0,0,4,1236.0183296,768.93627392,0,0.0,1.0,Rank+
GCTGACCGCATCGGAT-1,1,8,34,2561,0,0,0,540.34982912,261.09151232,1,0.0,2.616387354214847e-25,Rank-
GCTGACTTGTCTCAAT-1,1,43,37,2562,0,0,12,574.13107712,1097.5152128,0,0.0,0.9999929666519165,Rank+
GCTGAGGACAAGAAGT-1,1,57,55,2563,0,0,0,818.256896,1434.1265817600001,1,0.0,4.5947508519469305e-36,Rank-
GCTGAGTGTTCAACCG-1,1,45,19,2564,0,0,2,326.55206400000003,1143.15743232,5,0.0,3.089715391979553e-06,Rank-
GCTGCCGCCTATGTAG-1,1,51,85,2565,0,0,4,1231.43909376,1294.49742336,2,1.0,0.05061575397849083,Background
GCTGCGTTATGTGGAC-1,1,58,28,2566,0,0,2,447.4138624,1454.7706777600001,5,0.0,0.000892770302016288,Rank-
GCTGGATGACTCTACC-1,1,31,85,2567,0,0,5,1235.6429824,816.68043776,2,0.0,5.140105702183817e-11,Rank-
GCTGTAGTGCTGTCGC-1,1,28,76,2568,0,0,4,1112.67923968,743.9381504,0,0.0,1.0,Rank+
GCTGTCGCGATGGTAG-1,1,67,95,2569,0,0,2,1365.2879052800001,1677.87705344,5,0.0,1.0,Rank+
GCTGTCTAATTGGCAA-1,1,6,116,2570,0,0,13,1666.46649856,223.25651456,1,0.0,1.7223042301694346e-30,Rank-
GCTGTTATGGTTGCCG-1,1,57,9,2571,0,0,2,186.77276672,1428.5714432,3,1.0,0.29129189252853394,Background
GCTGTTCATCAGCGTC-1,1,64,100,2572,0,0,2,1434.5769984,1606.78629376,3,1.0,0.04801812022924423,Background
GCTGTTGATAGTCTTA-1,1,26,86,2573,0,0,1,1250.43166208,697.3950976,0,0.0,1.0,Rank+
GCTTAATAGAGGCGAG-1,1,26,6,2574,0,0,9,152.16575488,687.71113984,0,0.0,0.9999979734420776,Rank+
GCTTACAGATGTGCAC-1,1,16,116,2575,0,0,0,1664.36455424,462.12747264,1,0.0,1.7618932663554618e-34,Rank-
GCTTACATGTTGCGCT-1,1,43,1,2576,0,0,0,79.87388416,1093.16118528,1,0.0,8.328412565417641e-26,Rank-
GCTTACCTCGTGCTAT-1,1,66,90,2577,0,0,2,1296.89964544,1653.404416,3,1.0,0.012412101030349731,Background
GCTTACGCAATACTAG-1,1,3,25,2578,0,0,8,417.83650304,140.52999168,4,0.0,1.927354986719365e-08,Rank-
GCTTATCCGCATTCTT-1,1,6,16,2579,0,0,8,293.67164928,211.17033472,4,1.0,0.006400712300091982,Background
GCTTCAATGTAACACC-1,1,64,126,2580,0,0,10,1791.5321856,1610.01427968,0,0.0,1.0,Rank+
GCTTCGCTAAGCGACC-1,1,17,121,2581,0,0,0,1732.8278835200001,486.67517952000003,1,0.0,2.4534570706294376e-17,Rank-
GCTTCGCTCAAGCGAT-1,1,54,28,2582,0,0,2,448.23962624,1359.20728064,3,0.0,4.213371994410409e-06,Rank-
GCTTCGGCATCAGAGT-1,1,53,65,2583,0,0,0,956.3846656000001,1339.83936512,1,0.0,2.001137316122563e-27,Rank-
GCTTCTAAGTCTGACG-1,1,32,104,2584,0,0,0,1496.28407808,842.87967232,1,0.0,8.38040203435686e-31,Rank-
GCTTCTAGCGTTCATT-1,1,33,73,2585,0,0,4,1070.4902144,862.99828224,2,0.0,0.9959824085235596,Rank+
GCTTCTCAGACCGCCT-1,1,46,2,2586,0,0,4,93.01103616,1164.92756992,2,1.0,0.09675441682338715,Background
GCTTCTCCAGAACCGC-1,1,50,104,2587,0,0,3,1492.45553664,1272.87742464,0,0.0,1.0,Rank+
GCTTCTGAACCGCTAT-1,1,4,10,2588,0,0,8,211.6958208,162.60040704,4,0.0,5.289506610495209e-09,Rank-
GCTTCTGTTACGAGAA-1,1,54,56,2589,0,0,0,832.67022848,1362.58540544,1,0.0,8.537820948178795e-20,Rank-
GCTTCTTGAATCGGTT-1,1,14,16,2590,0,0,8,291.94505216,402.22205952,4,0.0,7.323606165954288e-10,Rank-
GCTTCTTGGACGAGCG-1,1,24,72,2591,0,0,2,1058.62924288,647.92433664,5,0.0,1.0,Rank+
GCTTGAACTCCATCCA-1,1,49,1,2592,0,0,1,78.59770368,1236.46874624,2,0.0,1.0,Rank+
GCTTGAACTCGCCATG-1,1,40,122,2593,0,0,1,1741.68607744,1036.18348032,0,0.0,0.9999998807907104,Rank+
GCTTGACCTCCGCTTC-1,1,53,103,2594,0,0,3,1478.1172736,1344.41860096,0,0.0,2.2973693463552124e-14,Rank-
GCTTGAGCTCTTGACA-1,1,15,49,2595,0,0,1,744.76391424,430.1478912,0,0.0,0.9999616146087646,Rank+
GCTTGCCATAGTGGAT-1,1,19,73,2596,0,0,10,1073.41792256,528.56392704,5,0.0,0.9999998807907104,Rank+
GCTTGCTCAGTGTCCG-1,1,56,124,2597,0,0,3,1765.78336768,1418.66227712,0,0.0,1.0,Rank+
GCTTGCTTACTTAACG-1,1,25,55,2598,0,0,9,825.0131456,669.76954368,3,1.0,0.01659032143652439,Background
GCTTGGATCCAACCGG-1,1,26,106,2599,0,0,5,1524.96060416,699.79731968,2,1.0,0.3747374713420868,Background
GCTTGGATGCTCGCTT-1,1,45,71,2600,0,0,6,1040.4624384,1149.46326528,1,0.0,1.3174510584378053e-24,Rank-
GCTTGGCTGCGGTAAC-1,1,32,98,2601,0,0,6,1413.85783296,842.20404736,2,0.0,1.7957778556947e-29,Rank-
GCTTGGTCAACCGTGG-1,1,39,11,2602,0,0,12,218.00165376,998.7988992,0,0.0,1.0,Rank+
GCTTGGTGTTCGAACA-1,1,59,41,2603,0,0,1,625.62871296,1480.2192179200001,0,0.0,1.0,Rank+
GGAACATCGTGGAATC-1,1,51,43,2604,0,0,5,654.83072512,1289.39270144,2,0.0,0.0003506775537971407,Rank-
GGAACGATAACATTAT-1,1,18,6,2605,0,0,0,153.81728256,496.5843456,4,0.0,5.6816999993714035e-09,Rank-
GGAACTTCGACATGTC-1,1,28,44,2606,0,0,9,673.3728768,740.0345395200001,3,1.0,0.9944553971290588,Background
GGAAGAATAACTAACC-1,1,14,74,2607,0,0,3,1088.20660224,409.27858688000003,3,1.0,0.992590069770813,Background
GGAAGCATTAGAGGCA-1,1,57,101,2608,0,0,7,1449.81609472,1439.75678976,3,0.0,0.00024265401589218527,Rank-
GGAAGCTATGGCACAG-1,1,24,116,2609,0,0,6,1662.7130265600001,653.25426688,2,0.0,4.841885966060284e-16,Rank-
GGAAGCTGAGATAAGG-1,1,75,69,2610,0,0,1,1006.6811904,1865.8509312,0,0.0,1.0,Rank+
GGAAGTCCTTGTCATC-1,1,71,121,2611,0,0,3,1721.41732864,1776.59336704,0,0.0,1.0,Rank+
GGAAGTCTTGTCGCAT-1,1,61,53,2612,0,0,0,789.95571712,1529.46477056,1,0.0,1.9679555373284866e-40,Rank-
GGAATCAAGTACGCAC-1,1,2,122,2613,0,0,13,1749.71850752,128.44381184,1,0.0,2.2839336661783927e-26,Rank-
GGAATCCTTAGACTGT-1,1,41,61,2614,0,0,0,904.06126592,1052.69875712,1,0.0,3.137568470340187e-37,Rank-
GGAATGCACCTCAATA-1,1,5,35,2615,0,0,0,554.68809216,189.55033600000002,1,0.0,9.47604264425764e-40,Rank-
GGAATGGCAACTTGGA-1,1,44,84,2616,0,0,5,1219.1277056000001,1127.09257216,2,0.0,6.53759477109439e-11,Rank-
GGAATGTCTTGTGCAC-1,1,9,97,2617,0,0,4,1404.99963904,292.62067712,2,0.0,1.7500183246976775e-10,Rank-
GGACAGGTCGCATAAT-1,1,57,123,2618,0,0,1,1751.82045184,1442.38422016,0,0.0,1.0,Rank+
GGACAGTGCGGCAACA-1,1,23,61,2619,0,0,2,907.81473792,622.7010048,3,0.0,0.996847927570343,Rank+
GGACCACTTATCGTTC-1,1,57,105,2620,0,0,2,1504.69185536,1440.2072064000001,3,0.0,8.793482435265343e-12,Rank-
GGACCATCACCGCCAA-1,1,21,31,2621,0,0,6,496.43420672,571.2784384,2,0.0,4.919748410945452e-16,Rank-
GGACCGATCTGGATTA-1,1,34,84,2622,0,0,6,1221.30471936,888.22161408,2,0.0,2.559164269388958e-10,Rank-
GGACCGCTTCCTGGCA-1,1,43,59,2623,0,0,0,876.13543424,1100.21771264,1,0.0,4.823670654121172e-24,Rank-
GGACCGGCTAAGTAGA-1,1,9,127,2624,0,0,10,1816.90565632,296.29907968,1,1.0,0.4271931052207947,Background
GGACGAGTCTGTTCAC-1,1,20,116,2625,0,0,6,1663.5387904,557.69086976,2,0.0,4.7199754785772884e-15,Rank-
GGACGGATCCATCTAA-1,1,63,127,2626,0,0,10,1805.49510144,1586.2172672,0,0.0,1.0,Rank+
GGACGGCTATCGACCA-1,1,8,68,2627,0,0,1,1007.1316070400001,265.22033152,0,0.0,1.0,Rank+
GGACGGTATGCGGCTG-1,1,5,15,2628,0,0,8,280.15915008,187.14811392000001,4,0.0,0.9983867406845093,Rank+
GGACGGTGCAGTAGGA-1,1,17,75,2629,0,0,7,1101.2686848,481.04497152,3,1.0,0.5590600371360779,Background
GGACGTACATACCAGA-1,1,61,45,2630,0,0,1,680.1291264,1528.48886784,0,1.0,0.9250858426094055,Background
GGACGTAGCCGCGTAA-1,1,11,113,2631,0,0,0,1624.27747328,342.3166464,4,0.0,1.1828632430182543e-23,Rank-
GGACGTAGTGTAGAAG-1,1,14,54,2632,0,0,1,813.60259072,406.87636480000003,0,0.0,1.0,Rank+
GGACGTCGAACGGCTT-1,1,48,30,2633,0,0,7,476.99122176000003,1216.124928,3,1.0,0.9841104745864868,Background
GGACGTCGAGGATTCA-1,1,47,109,2634,0,0,3,1561.74462976,1201.78666496,3,0.0,0.0016972479643300176,Rank-
GGACGTCGCACGAGAA-1,1,35,99,2635,0,0,0,1426.99498496,913.970432,1,0.0,8.414826819884232e-34,Rank-
GGACGTTACGTACATC-1,1,76,62,2636,0,0,1,910.36709888,1888.89724928,0,0.0,1.0,Rank+
GGACGTTAGATATTAC-1,1,39,13,2637,0,0,11,245.4770688,999.09917696,3,1.0,0.5302057862281799,Background
GGACGTTAGATTCAGG-1,1,67,77,2638,0,0,3,1118.23437824,1675.70003968,0,0.0,1.0,Rank+
GGACGTTGGAGGTGAT-1,1,33,97,2639,0,0,0,1399.96998656,865.9259904,1,0.0,2.2255934733402123e-27,Rank-
GGACTCACGGTCCAAT-1,1,15,81,2640,0,0,7,1184.0702771200001,434.05150208000003,3,0.0,1.0,Rank+
GGACTCACTAGAGCCG-1,1,9,31,2641,0,0,0,498.91149824,284.58824704,1,0.0,5.403286736944533e-31,Rank-
GGACTCGTTCCTCGGA-1,1,64,118,2642,0,0,7,1681.70559488,1609.03837696,3,0.0,2.919683197433187e-07,Rank-
GGACTCTGAACCTGAG-1,1,77,57,2643,0,0,3,841.5284224000001,1912.16877568,0,0.0,1.0,Rank+
GGAGACTATTGTGACA-1,1,9,23,2644,0,0,0,389.08490752,283.61234432,4,0.0,1.4079432730795816e-06,Rank-
GGAGATAGGAATGGTC-1,1,49,121,2645,0,0,2,1726.07163392,1251.0322176,3,1.0,0.09284520894289017,Background
GGAGATCCGTAGGATA-1,1,59,101,2646,0,0,7,1449.36567808,1487.5009536,3,0.0,2.82950746166577e-10,Rank-
GGAGATCCTGTACCAG-1,1,21,83,2647,0,0,10,1210.26951168,577.58427136,5,0.0,1.0,Rank+
GGAGATGCGTGCAGTA-1,1,63,69,2648,0,0,5,1009.23355136,1579.1607398400001,2,0.0,0.0009277560748159885,Rank-
GGAGATGGCTCGAGAT-1,1,49,39,2649,0,0,1,600.33031168,1241.12305152,0,0.0,1.0,Rank+
GGAGATGTGCCATAAC-1,1,11,5,2650,0,0,8,141.58096384,329.25456384,4,0.0,1.122456380683938e-17,Rank-
GGAGATTCACGACCAT-1,1,72,124,2651,0,0,1,1762.40524288,1800.84079616,0,0.0,1.0,Rank+
GGAGCAATGCGGTGCA-1,1,42,126,2652,0,0,10,1796.18649088,1084.45313024,0,0.0,1.0,Rank+
GGAGCACCAACTGATT-1,1,30,124,2653,0,0,0,1771.2634368000001,797.53773056,4,0.0,3.968007589172373e-10,Rank-
GGAGCGAATTGGACGG-1,1,24,34,2654,0,0,11,536.97170432,643.27003136,0,0.0,1.0,Rank+
GGAGCGAGTGTAACTT-1,1,38,84,2655,0,0,0,1220.4038860800001,983.7850112,1,0.0,1.8024902146610122e-41,Rank-
GGAGCGGCACCTCGTA-1,1,35,83,2656,0,0,6,1207.34180352,912.01862656,2,0.0,1.8596499694597022e-22,Rank-
GGAGGCACATAGCGTA-1,1,60,118,2657,0,0,7,1682.53135872,1513.47497984,3,1.0,0.9613777995109558,Background
GGAGGTATTGGACACC-1,1,74,114,2658,0,0,2,1624.65282048,1847.38384896,3,0.0,1.5203683645381716e-08,Rank-
GGAGGTCGTAGGAGCT-1,1,43,41,2659,0,0,4,629.00683776,1098.04069888,0,0.0,1.0,Rank+
GGAGTCCAGATAGCTT-1,1,49,85,2660,0,0,4,1231.81444096,1246.67819008,2,0.0,2.68211541865071e-09,Rank-
GGAGTCTAAGGCCGCT-1,1,16,70,2661,0,0,3,1032.88042496,456.57233408,3,0.0,1.0,Rank+
GGAGTCTAAGTGGTCC-1,1,36,108,2662,0,0,6,1550.3340748800001,938.96855552,1,0.0,1.3518699346424508e-19,Rank-
GGAGTGTCCATGTATT-1,1,18,74,2663,0,0,10,1087.3808384000001,504.841984,5,0.0,3.764762279701017e-09,Rank-
GGATAAGTCAGGATAG-1,1,52,22,2664,0,0,2,366.26379776,1310.7124224,5,0.0,0.9997093081474304,Rank+
GGATAATTATGCTGGT-1,1,40,10,2665,0,0,12,204.11380736,1022.59591168,3,0.0,0.9994476437568665,Rank+
GGATAATTCAATGCTG-1,1,21,65,2666,0,0,7,963.1409152,575.4072576,3,1.0,0.006108547560870647,Background
GGATCGAGTGTCCACT-1,1,11,37,2667,0,0,6,580.88732672,333.15817472,2,1.0,0.014266629703342915,Background
GGATCGATACCTCCGG-1,1,70,102,2668,0,0,10,1460.77623296,1750.39413248,5,0.0,1.0,Rank+
GGATCGCTGGCATATT-1,1,25,53,2669,0,0,9,797.6128,669.46926592,3,0.0,1.0,Rank+
GGATCGGACGTCTTGT-1,1,16,98,2670,0,0,1,1417.23595776,459.95045888,0,0.0,1.0,Rank+
GGATGGATCACTCATA-1,1,47,45,2671,0,0,5,683.131904,1194.05451264,2,1.0,0.791266679763794,Background
GGATGTAACTAATCCG-1,1,25,5,2672,0,0,9,138.57818624,663.68891904,0,0.0,0.9996764659881592,Rank+
GGATTCGATGTCCGGA-1,1,61,103,2673,0,0,2,1476.39067648,1535.5453952,3,0.0,1.450488889531698e-05,Rank-
GGATTCGTGGTAATCA-1,1,74,50,2674,0,0,3,746.04009472,1839.65169664,0,0.0,1.0,Rank+
GGCAAGACAATCAGCT-1,1,60,68,2675,0,0,6,996.09639936,1507.3943552,1,0.0,7.520963943758237e-19,Rank-
GGCAATGCGAACTTAA-1,1,16,76,2676,0,0,7,1115.2316006400001,457.32302848,3,1.0,0.16906532645225525,Background
GGCACGACGGACGTCG-1,1,15,73,2677,0,0,3,1074.2436864000001,433.07559936,0,0.0,0.9982845187187195,Rank+
GGCACGTCCATAACCT-1,1,59,3,2678,0,0,2,103.9711744,1475.63998208,5,0.0,0.9999701976776123,Rank+
GGCAGCATCGAGAACC-1,1,5,125,2679,0,0,0,1790.25600512,200.51047424,1,0.0,0.0013006370281800628,Rank-
GGCAGCCGGCACTTCC-1,1,24,36,2680,0,0,11,564.44711936,643.57030912,0,0.0,1.0,Rank+
GGCAGCGTATACGACT-1,1,46,76,2681,0,0,5,1108.92576768,1173.93590272,2,0.0,2.309796354182936e-09,Rank-
GGCAGCTCCTGGACGG-1,1,62,88,2682,0,0,7,1270.24999424,1557.61581056,3,0.0,0.00011450313468230888,Rank-
GGCAGGAAGTCTTCTA-1,1,24,108,2683,0,0,4,1552.88643584,652.27836416,2,1.0,0.5469492077827454,Background
GGCATAATCCTATCGC-1,1,25,63,2684,0,0,2,934.83973632,670.7454464,3,0.0,0.9993866682052612,Rank+
GGCATACATGGCTCAG-1,1,50,40,2685,0,0,4,613.84281088,1265.14527232,0,0.0,0.9999994039535522,Rank+
GGCATACTATTGCACT-1,1,76,60,2686,0,0,1,882.89168384,1888.5969715200001,0,0.0,1.0,Rank+
GGCATCGAACCTCATA-1,1,0,30,2687,0,0,8,487.12559616,69.51430144,4,0.0,0.9980282187461853,Rank+
GGCATTCCGATGCTCG-1,1,51,23,2688,0,0,2,380.2267136,1286.91540992,5,0.0,0.9998468160629272,Rank+
GGCATTGCTAAGAATG-1,1,39,57,2689,0,0,6,849.56085248,1004.4291072,2,0.0,5.6348835641983896e-05,Rank-
GGCCAAGATGGATGGC-1,1,17,51,2690,0,0,1,771.78891264,478.11726336,0,0.0,1.0,Rank+
GGCCAATAACGCTACA-1,1,53,113,2691,0,0,2,1615.41927936,1345.619712,3,1.0,0.9901198148727417,Background
GGCCAGTAGGTATGAG-1,1,18,34,2692,0,0,5,538.2478848,499.96247040000003,2,0.0,0.0008038220112212002,Rank-
GGCCATGCGTCTGTCG-1,1,1,41,2693,0,0,0,637.94010112,94.73763328,4,1.0,0.017047474160790443,Background
GGCCATGCTCCTCGTG-1,1,12,26,2694,0,0,0,429.69747456,355.67900672,1,0.0,8.358910941338516e-32,Rank-
GGCCATTAGCTAGTGG-1,1,8,20,2695,0,0,8,348.09699328,259.3649152,4,0.0,0.000154493551235646,Rank-
GGCCGCCAACTATTGC-1,1,65,59,2696,0,0,0,871.48112896,1625.70379264,1,0.0,3.2422209084267213e-29,Rank-
GGCCGGCTTCGTCAAC-1,1,6,82,2697,0,0,4,1199.7597900800001,219.12769536,2,0.0,0.00395473837852478,Rank-
GGCCGTCCAGTAGGAC-1,1,63,61,2698,0,0,0,899.40696064,1578.18483712,1,0.0,9.211047000058747e-34,Rank-
GGCCTGCGTTATGCCG-1,1,54,52,2699,0,0,0,777.7193984,1362.1349888,1,0.0,1.7825349505559127e-24,Rank-
GGCCTTCGACCAGGTA-1,1,38,80,2700,0,0,0,1165.52812544,983.33459456,1,0.0,4.513620852874971e-29,Rank-
GGCCTTGGATGTTGTC-1,1,61,39,2701,0,0,3,597.77795072,1527.73817344,3,0.0,0.004149371758103371,Rank-
GGCGACCATAGCGTTA-1,1,47,95,2702,0,0,4,1369.56686336,1200.13513728,2,1.0,0.03680388256907463,Background
GGCGACTTCTTGATGT-1,1,54,116,2703,0,0,2,1656.33212416,1369.86714112,3,1.0,0.9879123568534851,Background
GGCGAGGCAGCCTACT-1,1,35,111,2704,0,0,6,1591.69733632,915.39675136,1,0.0,1.2545442039474885e-15,Rank-
GGCGATCGGTCTGCTC-1,1,27,5,2705,0,0,9,138.20283904000001,711.43308288,0,0.0,1.0,Rank+
GGCGCAGGTCGCGTCT-1,1,17,119,2706,0,0,0,1705.35246848,486.37490176,1,0.0,1.3775673188375398e-17,Rank-
GGCGCCAAGGAGCGCT-1,1,29,17,2707,0,0,9,302.5298432,760.6786355200001,3,0.0,3.2906393698795e-07,Rank-
GGCGCCACCGGAGCAA-1,1,49,81,2708,0,0,5,1176.93868032,1246.22777344,2,0.0,2.91832911898382e-05,Rank-
GGCGCCACTCTGCGTT-1,1,28,126,2709,0,0,10,1799.1141990400001,750.01877504,4,0.0,0.9999995231628418,Rank+
GGCGCCACTGAACATC-1,1,34,86,2710,0,0,6,1248.70506496,888.52189184,2,0.0,2.688193607439207e-21,Rank-
GGCGCCGTCGGACATA-1,1,57,91,2711,0,0,3,1312.51408896,1438.48060928,0,0.0,1.0,Rank+
GGCGCCGTGGTTACAT-1,1,3,41,2712,0,0,0,637.48968448,142.48179712,4,0.0,1.737346672494366e-18,Rank-
GGCGCCTTGGCCTAAG-1,1,50,126,2713,0,0,10,1794.45989376,1275.57992448,0,0.0,1.0,Rank+
GGCGCTAATATGCTCC-1,1,52,38,2714,0,0,1,585.9169792,1312.66422784,0,0.0,0.9999998807907104,Rank+
GGCGGAAGTCTTGTAG-1,1,36,58,2715,0,0,4,863.89911552,932.88793088,0,1.0,0.41681310534477234,Background
GGCGGAGCACTGATAA-1,1,31,67,2716,0,0,1,988.51438592,814.503424,0,0.0,1.0,Rank+
GGCGGAGTTGAACTAT-1,1,23,33,2717,0,0,1,523.45920512,619.32288,2,0.0,0.00013832292461302131,Rank-
GGCGGATACAACGCAC-1,1,62,74,2718,0,0,1,1078.07222784,1555.88921344,0,0.0,0.9994390606880188,Rank+
GGCGTCGCCGTATGAT-1,1,53,89,2719,0,0,1,1285.86443776,1342.69200384,0,0.0,1.0,Rank+
GGCGTCGGTAGTGATA-1,1,61,59,2720,0,0,0,872.38196224,1530.21546496,4,0.0,5.4612418781034913e-14,Rank-
GGCGTGAACTCAACGG-1,1,7,85,2721,0,0,4,1240.67263488,243.37512448,2,0.0,1.8849455329927878e-09,Rank-
GGCGTGGCACGGCACT-1,1,33,77,2722,0,0,6,1125.36597504,863.52376832,2,0.0,2.7077152253696113e-07,Rank-
GGCGTGTAATTACTTA-1,1,37,59,2723,0,0,4,877.41161472,956.91015168,2,1.0,0.5029610991477966,Background
GGCTAATGTCTAGCGT-1,1,14,108,2724,0,0,5,1554.9883801600001,413.40740608,2,0.0,2.0296852198953275e-06,Rank-
GGCTCAATCAACATGA-1,1,50,72,2725,0,0,6,1053.14917376,1268.97381376,2,0.0,9.245499466925891e-14,Rank-
GGCTGACGCCGAATCA-1,1,37,81,2726,0,0,0,1179.41597184,959.53758208,1,0.0,3.863180241557341e-21,Rank-
GGCTGCTCCATAGCTG-1,1,65,111,2727,0,0,2,1585.3915033600001,1632.0096256,5,1.0,0.9003391265869141,Background
GGCTGTGGAATAGCGT-1,1,1,115,2728,0,0,13,1653.85483264,103.74596608,1,0.0,4.69536666801434e-25,Rank-
GGCTGTTCAATGTCAA-1,1,43,17,2729,0,0,11,299.5270656,1095.11299072,3,1.0,0.975639283657074,Background
GGCTTGCCATAGGCTC-1,1,19,77,2730,0,0,10,1128.36875264,529.08941312,5,1.0,0.8947451710700989,Background
GGTAACTCAACACTCC-1,1,6,96,2731,0,0,6,1391.93755648,220.85429248,1,0.0,5.65227995033571e-31,Rank-
GGTAAGGCGACGATGA-1,1,41,65,2732,0,0,0,958.93702656,1053.14917376,1,0.0,2.3361478308508846e-22,Rank-
GGTACCACCTATACCT-1,1,22,8,2733,0,0,12,180.46693376,592.37295104,0,0.0,0.9999998807907104,Rank+
GGTACCAGGTAGTGTT-1,1,22,76,2734,0,0,10,1113.9554201600001,600.63058944,5,1.0,0.09342557191848755,Background
GGTACGAAGAACTCGA-1,1,61,117,2735,0,0,2,1668.6435123200001,1537.19692288,3,0.0,0.9999971389770508,Rank+
GGTACGATCGACTTAA-1,1,31,87,2736,0,0,5,1263.11839744,816.98071552,2,0.0,1.37177667056676e-05,Rank-
GGTACGCTTACCTGCG-1,1,14,48,2737,0,0,4,731.25141504,406.1256704,2,0.0,1.0,Rank+
GGTACGGAGCATCAGC-1,1,19,55,2738,0,0,3,826.28932608,526.38691328,0,0.0,0.9999998807907104,Rank+
GGTACGGTATGCTCCA-1,1,58,66,2739,0,0,0,969.07140096,1459.3499136,1,0.0,2.963320281423038e-17,Rank-
GGTACGTGCCTTATCC-1,1,68,124,2740,0,0,1,1763.23100672,1705.27739904,0,0.0,1.0,Rank+
GGTACGTGCTCGGCAA-1,1,27,11,2741,0,0,9,220.55401472,712.18377728,0,1.0,0.009472854435443878,Background
GGTACTGTGATCTTCC-1,1,62,64,2742,0,0,0,940.77022208,1554.6881024,1,0.0,1.2039694595066012e-21,Rank-
GGTAGCCAAGGTACTT-1,1,13,3,2743,0,0,8,113.65513216000001,376.77351936,4,0.0,5.081661313965924e-09,Rank-
GGTAGCCATCAATCCG-1,1,25,73,2744,0,0,3,1072.14174208,671.94655744,3,0.0,0.9957703948020935,Rank+
GGTAGCGTACATCTGT-1,1,70,72,2745,0,0,3,1048.94528512,1746.71572992,0,0.0,1.0,Rank+
GGTAGCTTAGCCAATC-1,1,48,46,2746,0,0,5,696.6444032,1218.07673344,2,1.0,0.025803448632359505,Background
GGTAGGCCACATGCAA-1,1,9,7,2747,0,0,8,169.43172608,281.73560832,4,0.0,1.8290200083648234e-12,Rank-
GGTAGGTCTGGCTAAC-1,1,51,117,2748,0,0,2,1670.74545664,1298.3259648,3,0.0,8.624043346117105e-08,Rank-
GGTAGGTTGTTACGGC-1,1,27,1,2749,0,0,0,83.25200896,710.98266624,0,0.0,1.0,Rank+
GGTAGGTTGTTCTAAG-1,1,61,87,2750,0,0,3,1256.73749504,1533.59358976,0,0.0,1.0,Rank+
GGTAGTACAGGTTAGA-1,1,49,13,2751,0,0,2,243.37512448,1237.97013504,5,0.0,1.0,Rank+
GGTAGTGCATGAAGTG-1,1,5,27,2752,0,0,0,444.86150144,188.57443328,4,0.0,2.1834055156852233e-26,Rank-
GGTAGTTGAAGTCCAT-1,1,13,5,2753,0,0,8,141.1305472,376.99872768,4,1.0,0.9824329614639282,Background
GGTATGCAACAGTGGC-1,1,57,51,2754,0,0,6,763.38113536,1433.67616512,1,0.0,9.185871828399058e-30,Rank-
GGTATGGTCAGGTTGG-1,1,51,3,2755,0,0,7,105.69777152,1284.51318784,3,1.0,0.42621493339538574,Background
GGTATGGTTGTCCTCG-1,1,23,3,2756,0,0,12,111.55318784,615.6444774400001,1,0.0,1.1644647997912318e-19,Rank-
GGTCACCGCATAACAA-1,1,28,32,2757,0,0,9,508.67052544,738.60822016,0,0.0,1.0,Rank+
GGTCATGCTCTGCCAA-1,1,9,71,2758,0,0,1,1048.04445184,289.46776064,0,0.0,1.0,Rank+
GGTCCGGACGAGTGAA-1,1,9,99,2759,0,0,4,1432.47505408,292.84588544,2,0.0,5.388033130770964e-09,Rank-
GGTCCTGCGAGTAGGT-1,1,27,51,2760,0,0,9,769.68696832,717.0632908800001,3,0.0,0.9999521970748901,Rank+
GGTCTACAGGCTACAA-1,1,0,106,2761,0,0,13,1530.51574272,78.74784256,1,0.0,3.773145976389399e-27,Rank-
GGTCTGAAGGTTCGAA-1,1,19,101,2762,0,0,1,1457.8485248,532.01712128,0,0.0,1.0,Rank+
GGTCTGAAGTATGTCA-1,1,40,92,2763,0,0,0,1329.8551296,1032.5801472,1,0.0,1.2525920567441062e-07,Rank-
GGTCTGAGATCCGCCA-1,1,68,88,2764,0,0,2,1268.97381376,1700.92337152,3,0.0,0.9999954700469971,Rank+
GGTCTGCGAACTGTAT-1,1,39,93,2765,0,0,0,1343.742976,1008.78313472,1,0.0,7.13743597673604e-25,Rank-
GGTCTGGTATGTGGCC-1,1,33,1,2766,0,0,12,81.97582848,854.2902272,0,0.0,1.0,Rank+
GGTCTGGTTGTAGAAC-1,1,36,114,2767,0,0,5,1632.68525056,939.64418048,2,0.0,0.00013304498861543834,Rank-
GGTCTGTTCACTAATC-1,1,4,56,2768,0,0,5,843.17995008,168.23061504,2,0.0,1.8437890630739994e-25,Rank-
GGTCTTATAGGCTGGC-1,1,36,92,2769,0,0,0,1330.68089344,937.0167500800001,1,0.0,3.8075793281239787e-16,Rank-
GGTCTTCCGCACATCC-1,1,33,41,2770,0,0,2,631.18385152,859.1697408,5,1.0,0.970829427242279,Background
GGTCTTCCGGCTGGAC-1,1,26,22,2771,0,0,1,371.81893632,689.58787584,0,0.0,1.0,Rank+
GGTCTTGAACCGGCCA-1,1,40,60,2772,0,0,0,890.54876672,1028.67653632,1,0.0,6.759916335350757e-23,Rank-
GGTCTTGATAACGTCA-1,1,25,115,2773,0,0,6,1648.75011072,677.05127936,2,0.0,3.6957296862302324e-16,Rank-
GGTCTTGCACGTTGCG-1,1,71,85,2774,0,0,2,1227.16013568,1772.23933952,3,0.0,8.000665019380904e-08,Rank-
GGTGCAATCAGACTTC-1,1,39,111,2775,0,0,5,1590.87157248,1010.96014848,2,0.0,3.968284190136728e-08,Rank-
GGTGCACTCCGGTTCG-1,1,16,28,2776,0,0,0,456.27205632,451.46761216,1,0.0,2.2520315294182957e-22,Rank-
GGTGCAGGCACCGCGT-1,1,40,96,2777,0,0,6,1384.73089024,1033.03056384,2,0.0,1.539506437370393e-14,Rank-
GGTGCAGTGGTCTTAT-1,1,18,96,2778,0,0,3,1389.38519552,507.4694144,0,0.0,1.0,Rank+
GGTGCATCCAGAACGG-1,1,4,30,2779,0,0,0,486.29983232,165.07769856000002,4,0.0,4.97811167288198e-12,Rank-
GGTGCGCAACTAACGG-1,1,72,84,2780,0,0,2,1213.27228928,1795.96128256,3,1.0,0.03174298256635666,Background
GGTGGCTTATTGCGTG-1,1,52,76,2781,0,0,5,1107.6495872,1317.24346368,2,0.0,0.9999380111694336,Rank+
GGTGTATGTTCCGATC-1,1,7,93,2782,0,0,5,1350.4992256,244.3510272,2,0.0,1.0539204925441581e-11,Rank-
GGTGTCACCAGCGAAC-1,1,20,50,2783,0,0,3,757.4506496,549.65843968,0,0.0,1.0,Rank+
GGTGTTATTCGATCGA-1,1,5,1,2784,0,0,8,87.90631424,185.4215168,4,0.0,0.0002257342275697738,Rank-
GGTTACAGCCGGCCGG-1,1,13,57,2785,0,0,1,855.0409216,383.30456064000003,0,0.0,1.0,Rank+
GGTTACCAAGGAATCT-1,1,58,122,2786,0,0,3,1737.857536,1466.18123264,2,1.0,0.9808177947998047,Background
GGTTACCAGACAACAT-1,1,62,94,2787,0,0,2,1352.67623936,1558.29143552,3,0.0,0.0002586023765616119,Rank-
GGTTACGGACGATTAA-1,1,18,16,2788,0,0,0,291.11928832,497.78545664,1,0.0,4.989898328928131e-35,Rank-
GGTTAGACTCACTAGC-1,1,48,32,2789,0,0,7,504.39156736,1216.35013632,3,1.0,0.5002992153167725,Background
GGTTAGACTCGGAGGT-1,1,24,102,2790,0,0,4,1470.4601907200001,651.52766976,0,0.0,1.0,Rank+
GGTTAGATGAGTCTAA-1,1,6,60,2791,0,0,4,897.68036352,216.50026496,2,0.0,0.0001673842198215425,Rank-
GGTTAGATGCCGTTGC-1,1,10,96,2792,0,0,4,1391.11179264,316.4176896,0,0.0,0.9989748001098633,Rank+
GGTTAGCACGCCTATG-1,1,2,72,2793,0,0,0,1063.28354816,122.3631872,1,0.0,8.294088868034201e-38,Rank-
GGTTAGTATGAGTGTC-1,1,47,97,2794,0,0,4,1396.96720896,1200.3603456,0,0.0,1.0,Rank+
GGTTAGTCGGCAGCGA-1,1,9,81,2795,0,0,1,1185.3464576000001,290.66887168,0,0.0,1.0,Rank+
GGTTCAAGGTTAAGCC-1,1,9,67,2796,0,0,1,993.1686912,289.017344,0,0.0,1.0,Rank+
GGTTCACCGACTCACG-1,1,42,46,2797,0,0,6,697.92058368,1074.76917248,2,0.0,1.2361221706669312e-05,Rank-
GGTTCATTCCGGCCTC-1,1,45,93,2798,0,0,5,1342.46679552,1152.09069568,2,0.0,9.252332233700145e-09,Rank-
GGTTCTATACCGCTTG-1,1,21,29,2799,0,0,4,468.95879168,571.05323008,2,0.0,1.49361073639373e-13,Rank-
GGTTCTCCTATCAGTT-1,1,36,18,2800,0,0,11,314.76616192,928.00841728,3,0.0,0.0018746234709396958,Rank-
GGTTCTCGCTCACGCC-1,1,61,123,2801,0,0,3,1750.994688,1537.94761728,2,0.0,1.0,Rank+
GGTTCTCGTGATGTGA-1,1,23,101,2802,0,0,4,1456.94769152,627.5805184,0,0.0,1.0,Rank+
GGTTCTGGAGTCTACC-1,1,21,61,2803,0,0,3,908.26515456,574.88177152,0,0.0,3.661100708995946e-05,Rank-
GGTTGACCAAGACATG-1,1,75,79,2804,0,0,7,1143.98319616,1867.05204224,3,0.0,2.6221753657296176e-08,Rank-
GGTTGACCATTGCTGT-1,1,6,56,2805,0,0,5,842.8046028800001,215.97477888,2,0.0,5.912344181943641e-15,Rank-
GGTTGATAAGTACCTG-1,1,3,35,2806,0,0,0,555.1385088,141.80617216,4,0.0,1.1405361277638804e-07,Rank-
GGTTGCGATTGAACAG-1,1,10,68,2807,0,0,1,1006.6811904,312.96449536,0,0.0,1.0,Rank+
GGTTGCTACCGGAACA-1,1,20,2,2808,0,0,0,98.49110528,543.8780928,1,0.0,7.274888153623205e-30,Rank-
GTAACACCGAGCGTTA-1,1,49,75,2809,0,0,5,1094.5124352,1245.47707904,2,0.0,1.3776339010534988e-12,Rank-
GTAACACTGTACCACG-1,1,6,118,2810,0,0,13,1693.9419136000001,223.55679232,1,0.0,2.4488086464591346e-18,Rank-
GTAACATAAGACCGTA-1,1,2,112,2811,0,0,13,1612.41650176,127.24270080000001,1,0.0,8.491403939573935e-28,Rank-
GTAACATACACCTGTT-1,1,36,86,2812,0,0,0,1248.32971776,936.26605568,1,0.0,3.480478295206623e-22,Rank-
GTAACATCTTATAATG-1,1,11,39,2813,0,0,5,608.3627417600001,333.38338304,2,0.0,3.899138789620338e-08,Rank-
GTAACCACCTACAACC-1,1,7,59,2814,0,0,4,883.7925171200001,240.222208,2,1.0,0.07774611562490463,Background
GTAACCTAGCGTCACG-1,1,11,65,2815,0,0,1,965.31792896,336.53629952,0,0.0,1.0,Rank+
GTAAGTAATTACAATC-1,1,51,1,2816,0,0,7,78.22235648,1284.28797952,0,0.0,1.0,Rank+
GTAAGTATTGCTATCG-1,1,15,33,2817,0,0,6,525.1107328,428.19608576,2,0.0,5.416110671063734e-09,Rank-
GTAAGTTGCGGAGCGT-1,1,48,58,2818,0,0,0,861.34675456,1219.5030528,1,0.0,1.457169662710811e-10,Rank-
GTAAGTTGCTGGTGGA-1,1,26,30,2819,0,0,11,481.64552704,690.5637785600001,0,0.0,0.9965555667877197,Rank+
GTAATAGTCCTAAGCC-1,1,57,5,2820,0,0,2,131.82193664,1428.04595712,3,0.0,6.858106971208144e-09,Rank-
GTAATCACGCACAGCT-1,1,19,69,2821,0,0,3,1018.54216192,528.1135104,3,0.0,8.086151193076319e-11,Rank-
GTAATCTTGTCTAGTT-1,1,51,39,2822,0,0,1,599.8798950400001,1288.86721536,0,0.0,1.0,Rank+
GTAATGACGGTCTACG-1,1,41,115,2823,0,0,1,1645.37198592,1059.2297984,0,0.0,1.0,Rank+
GTAATGATCACGTAAG-1,1,11,55,2824,0,0,4,828.0159232,335.33518848,2,0.0,5.443451911446573e-09,Rank-
GTACAACTCGGCAGAA-1,1,29,83,2825,0,0,4,1208.617984,768.7110656,0,0.0,0.9999977350234985,Rank+
GTACAGAACAGGACTC-1,1,22,88,2826,0,0,3,1278.73284096,602.0569088,5,0.0,0.9994945526123047,Rank+
GTACAGAACCGATTAT-1,1,13,89,2827,0,0,1,1294.34728448,387.20817152,0,0.0,1.0,Rank+
GTACAGAACGCAGCGT-1,1,66,112,2828,0,0,2,1598.90400256,1656.0318464,5,0.0,1.0,Rank+
GTACAGATGACATCGC-1,1,45,41,2829,0,0,4,628.63149056,1145.78486272,0,0.0,1.8628992393132648e-06,Rank-
GTACAGCCGTTACAGA-1,1,25,25,2830,0,0,11,413.18219776,666.09114112,0,1.0,0.9902935028076172,Background
GTACAGTATCGGAATT-1,1,49,59,2831,0,0,0,874.85925376,1243.5252736,1,0.0,1.236917084355657e-18,Rank-
GTACATAAGCTACGCC-1,1,53,107,2832,0,0,2,1532.99303424,1344.94408704,3,0.0,0.0006224443786777556,Rank-
GTACCTACAATACGAA-1,1,74,68,2833,0,0,1,993.1686912,1841.8287104,0,0.0,1.0,Rank+
GTACCTCCTGATTCTT-1,1,6,90,2834,0,0,6,1309.5863808,220.10359808,2,1.0,0.993401825428009,Background
GTACCTGAAGTGAATG-1,1,34,66,2835,0,0,4,974.17612288,886.04460032,0,1.0,0.988128125667572,Background
GTACCTGTCTTACTGT-1,1,75,83,2836,0,0,2,1198.8589568,1867.50245888,3,0.0,1.0552667767393942e-10,Rank-
GTACCTTCATGTGCAA-1,1,14,56,2837,0,0,1,841.07800576,407.10157312,0,0.0,1.0,Rank+
GTACGAACAGACTAGG-1,1,54,2,2838,0,0,2,91.28443904,1356.05436416,5,0.0,6.634263627347536e-07,Rank-
GTACGAAGATTATCCG-1,1,58,34,2839,0,0,7,529.76503808,1455.44630272,3,1.0,0.9844643473625183,Background
GTACGAAGGATTATTG-1,1,19,81,2840,0,0,10,1183.24451328,529.53982976,5,0.0,1.0,Rank+
GTACGAAGGCGTCTAT-1,1,0,42,2841,0,0,0,651.8279475200001,70.9406208,4,0.0,5.051388977651795e-15,Rank-
GTACGAATTACATAAT-1,1,17,11,2842,0,0,0,222.65595904,473.31281920000004,5,0.0,1.0,Rank+
GTACGAATTCTACCAA-1,1,21,47,2843,0,0,3,716.08738816,573.23024384,0,0.0,1.0,Rank+
GTACGACAGCTCCGGA-1,1,72,42,2844,0,0,2,636.66392064,1790.85656064,5,1.0,0.0994575023651123,Background
GTACGAGGTAGTGCAC-1,1,28,16,2845,0,0,9,289.017344,736.65641472,0,0.0,4.3543877836782485e-06,Rank-
GTACGATTAGTCTACA-1,1,47,89,2846,0,0,5,1287.14061824,1199.38444288,2,0.0,2.317379284022536e-07,Rank-
GTACGATTGCGATGGC-1,1,3,11,2847,0,0,8,225.65873664,138.878464,4,0.0,6.499949467553279e-10,Rank-
GTACGCACTCAATTGC-1,1,20,124,2848,0,0,0,1773.36538112,558.66677248,4,0.0,2.540569446170867e-15,Rank-
GTACGCCATAGATGGT-1,1,75,71,2849,0,0,3,1034.15660544,1866.07613952,0,0.0,1.0,Rank+
GTACGCCTCGCTTCCA-1,1,48,18,2850,0,0,2,312.21380096,1214.69860864,5,1.0,0.005809214431792498,Background
GTACGCTCGCCAACAT-1,1,49,11,2851,0,0,2,215.89970944,1237.66985728,5,0.0,1.0,Rank+
GTACGCTTGATACCAC-1,1,51,11,2852,0,0,2,215.52436224000002,1285.48909056,5,0.0,6.886721859444833e-09,Rank-
GTACGGTTAATGCAGG-1,1,6,38,2853,0,0,0,595.6760064,213.79776512,1,0.0,8.745525867577307e-35,Rank-
GTACTACCGTTAGGTG-1,1,16,54,2854,0,0,1,813.22724352,454.62052864000003,0,0.0,1.0,Rank+
GTACTTAACTTCAGCG-1,1,22,74,2855,0,0,10,1086.55507456,600.40538112,5,0.0,0.9988082647323608,Rank+
GTACTTACTTCATACC-1,1,40,106,2856,0,0,4,1522.032896,1034.2316748800001,2,0.0,2.559380263278399e-09,Rank-
GTACTTAGTTGCGAAT-1,1,4,26,2857,0,0,0,431.34900224,164.55221248,4,0.0,0.9993234872817993,Rank+
GTACTTCTGATCCTCG-1,1,17,47,2858,0,0,1,716.913152,477.66684672,0,0.0,1.0,Rank+
GTACTTGTTATTCAAG-1,1,76,88,2859,0,0,2,1267.32228608,1892.05016576,3,0.0,3.2020944923383254e-11,Rank-
GTAGAAGGACATCATA-1,1,38,90,2860,0,0,0,1302.8301312,984.5357056,1,0.0,4.840141595273049e-27,Rank-
GTAGAATCGCACATCG-1,1,15,7,2861,0,0,0,168.1555456,425.04316928000003,5,0.0,1.4709157767356373e-05,Rank-
GTAGACCAACTCCAAT-1,1,0,120,2862,0,0,13,1722.69350912,80.39937024,1,0.0,5.766919183033416e-19,Rank-
GTAGACCAGAATACTC-1,1,67,91,2863,0,0,2,1310.41214464,1677.4266368,3,0.0,0.9995660185813904,Rank+
GTAGACCTGTCAACCA-1,1,27,33,2864,0,0,9,522.5583718400001,714.81120768,0,1.0,0.09280377626419067,Background
GTAGCAACGACCGTGG-1,1,49,57,2865,0,0,0,847.45890816,1243.3000652800001,1,0.0,6.758943272268723e-21,Rank-
GTAGCACGAGCTCAAG-1,1,36,4,2866,0,0,12,122.58839552,926.28182016,0,0.0,2.3469446150732372e-24,Rank-
GTAGCAGAACATGGTG-1,1,43,21,2867,0,0,2,354.47789568,1095.56340736,5,1.0,0.5333240628242493,Background
GTAGCAGAAGACTCTT-1,1,65,91,2868,0,0,2,1310.78749184,1629.60740352,3,0.0,0.9964996576309204,Rank+
GTAGCAGAGCAATAGC-1,1,64,60,2869,0,0,0,885.4440448,1601.9818496,1,0.0,4.8259320225136015e-25,Rank-
GTAGCATAGTTACAGG-1,1,24,110,2870,0,0,5,1580.36185088,652.50357248,2,0.0,2.0490717456134178e-10,Rank-
GTAGCATCGAAGGTCT-1,1,67,41,2871,0,0,2,623.97718528,1671.34601216,3,0.0,0.9999990463256836,Rank+
GTAGCCAGCTTAATTG-1,1,75,121,2872,0,0,3,1720.5915648,1872.15676416,0,0.0,1.0,Rank+
GTAGCCAGTGCGGTTG-1,1,23,99,2873,0,0,1,1429.54734592,627.28024064,0,0.0,1.0,Rank+
GTAGCCGCACTCCATC-1,1,60,88,2874,0,0,3,1270.70041088,1509.79657728,0,0.0,1.0,Rank+
GTAGCCTAAGGTTAGT-1,1,40,0,2875,0,0,0,66.8118016,1021.39480064,1,0.0,2.6037791061720185e-35,Rank-
GTAGCGCCTGAACTCA-1,1,13,55,2876,0,0,1,827.56550656,383.07935232,0,0.0,1.0,Rank+
GTAGCGCTAGATCCGT-1,1,3,31,2877,0,0,0,500.18767872,141.28068608,4,0.0,7.477287115466567e-25,Rank-
GTAGCGCTCATCAGGT-1,1,38,36,2878,0,0,7,561.44434176,978.00466432,3,1.0,0.005778073333203793,Background
GTAGCGTGGCACGCAG-1,1,22,4,2879,0,0,12,125.51610368,591.84746496,1,0.0,1.8729085837776438e-08,Rank-
GTAGCGTGTAGCATGT-1,1,5,81,2880,0,0,5,1186.24729088,195.10547456,2,0.0,6.760918188700388e-24,Rank-
GTAGGAGCAACAGGCA-1,1,46,10,2881,0,0,11,202.83762688000002,1165.90347264,0,0.0,1.0,Rank+
GTAGGTGATAATTCAC-1,1,45,113,2882,0,0,7,1617.07080704,1154.5679872,0,0.0,1.0,Rank+
GTAGTCAGACCAATGT-1,1,49,3,2883,0,0,11,106.07311872,1236.69395456,0,0.0,0.999808132648468,Rank+
GTAGTCCAGCGGACAT-1,1,56,92,2884,0,0,3,1326.4770048,1414.75866624,0,0.0,1.0,Rank+
GTAGTCCATTGTTCGT-1,1,12,38,2885,0,0,5,594.39982592,357.10532608,2,0.0,5.187279938922984e-08,Rank-
GTAGTCCGTGTACTAA-1,1,58,8,2886,0,0,2,172.80985088,1452.29338624,5,1.0,0.5292463302612305,Background
GTAGTGACATTACGAC-1,1,47,117,2887,0,0,2,1671.57122048,1202.76256768,3,0.0,2.4848807456123723e-08,Rank-
GTAGTTGTTCATGTAG-1,1,55,113,2888,0,0,2,1614.96886272,1393.43894528,5,0.0,1.0,Rank+
GTATAACTTGTTGCGA-1,1,13,113,2889,0,0,6,1623.8270566400001,390.13587968,1,0.0,7.261559003126689e-28,Rank-
GTATACATTGGCTCAG-1,1,62,62,2890,0,0,0,913.29480704,1554.46289408,1,0.0,4.253471852871085e-36,Rank-
GTATACGATACCTTGT-1,1,55,111,2891,0,0,2,1587.49344768,1393.1386675200001,5,1.0,0.6548811793327332,Background
GTATACGGTACACGCA-1,1,56,62,2892,0,0,0,914.57098752,1411.08026368,1,0.0,1.5399563742947377e-32,Rank-
GTATCTACAGATCTCC-1,1,49,83,2893,0,0,6,1204.33902592,1246.45298176,2,0.0,5.280115260575258e-07,Rank-
GTATCTAGCTACCAGC-1,1,48,40,2894,0,0,1,614.29322752,1217.32603904,2,0.0,1.0,Rank+
GTATCTCAGCCTTGGT-1,1,28,124,2895,0,0,0,1771.71385344,749.7935667200001,4,1.0,0.5974413156509399,Background
GTATCTGTCAACGGTG-1,1,39,77,2896,0,0,0,1124.08979456,1006.83132928,1,0.0,1.1008810223981936e-31,Rank-
GTATCTGTGGCGTCTA-1,1,69,53,2897,0,0,4,788.30418944,1720.5915648,0,0.0,0.9999986886978149,Rank+
GTATCTGTGGTCCAGC-1,1,75,95,2898,0,0,2,1363.6363776,1869.00384768,5,0.0,0.9999833106994629,Rank+
GTATGACATAAGACGG-1,1,20,96,2899,0,0,3,1388.93477888,555.28864768,0,0.0,1.0,Rank+
GTATGATAGTATGGAT-1,1,19,59,2900,0,0,3,881.24015616,526.91239936,3,1.0,0.00608996395021677,Background
GTATGATCACTTGACG-1,1,22,104,2901,0,0,4,1498.3860224,604.00871424,0,0.0,1.0,Rank+
GTATGCCTATCTTGCG-1,1,61,101,2902,0,0,2,1448.99033088,1535.24511744,3,0.0,1.668252662057057e-05,Rank-
GTATGCGGTATCATGA-1,1,44,116,2903,0,0,3,1658.50913792,1130.99618304,0,0.0,0.9999176263809204,Rank+
GTATGCTTGCGACTAA-1,1,16,72,2904,0,0,3,1060.35584,456.7975424,3,0.0,0.0002280944027006626,Rank-
GTATGGTGCCGGCAGG-1,1,24,126,2905,0,0,10,1800.01503232,654.45537792,4,1.0,0.9157122373580933,Background
GTATGTAGCAGGCATA-1,1,19,33,2906,0,0,6,524.28496896,523.7594828800001,2,0.0,0.00038260125438682735,Rank-
GTATGTAGCTCACCTT-1,1,52,72,2907,0,0,5,1052.69875712,1316.79304704,2,0.0,3.853331177495209e-15,Rank-
GTATGTGCAAGCCGGA-1,1,48,52,2908,0,0,0,778.99557888,1218.82742784,1,0.0,1.0088028752420119e-26,Rank-
GTATGTTAGTTCTACC-1,1,29,61,2909,0,0,3,906.53855744,766.00856576,3,1.0,0.9893691539764404,Background
GTATGTTCTGGATCGC-1,1,67,75,2910,0,0,3,1090.7589632,1675.47483136,0,0.0,1.0,Rank+
GTATTACGAGTCAATC-1,1,18,24,2911,0,0,0,400.94587904,498.76135936000003,1,0.0,1.9305488183253272e-19,Rank-
GTATTACGGCCATTAT-1,1,17,27,2912,0,0,0,442.30914048,475.26462464,1,0.0,4.248534621948319e-17,Rank-
GTATTACGGTATTGAG-1,1,52,34,2913,0,0,3,531.0412185600001,1312.1387417600001,0,0.0,1.0,Rank+
GTATTAGATTGAGGTC-1,1,22,112,2914,0,0,4,1608.21261312,604.98461696,2,1.0,0.7442743182182312,Background
GTATTAGGTTATCTGC-1,1,44,8,2915,0,0,11,175.81262848,1117.93410048,2,1.0,0.9917231202125549,Background
GTATTATGAGTTAGCG-1,1,37,91,2916,0,0,0,1316.7179776,960.73869312,1,0.0,1.0032842612250903e-11,Rank-
GTATTCCAAGTTACCT-1,1,24,78,2917,0,0,3,1140.98041856,648.67503104,5,0.0,0.9993174076080322,Rank+
GTATTCCGCTCGGATG-1,1,67,57,2918,0,0,6,843.63036672,1673.2978176,0,0.0,8.324517290769773e-12,Rank-
GTATTCGTGACTTGAT-1,1,22,56,2919,0,0,3,839.42647808,598.22836736,0,0.0,1.0,Rank+
GTATTCTAAGTGCTGT-1,1,45,5,2920,0,0,6,134.3742976,1141.4308352,2,0.0,1.6733901020415942e-06,Rank-
GTCAACAGACGCACGT-1,1,55,27,2921,0,0,2,434.2767104,1383.00429312,5,0.0,2.2782337794069463e-07,Rank-
GTCAACAGCATAGATT-1,1,15,23,2922,0,0,8,387.80872704,426.99497472,1,0.0,2.7749527800385518e-15,Rank-
GTCAACAGCGCACCGA-1,1,55,43,2923,0,0,4,653.92989184,1384.88102912,0,0.0,1.0,Rank+
GTCAACAGTTAAGTGA-1,1,34,104,2924,0,0,0,1495.83366144,890.6989056,1,0.0,2.5817862017331593e-17,Rank-
GTCAACATAAGATAGA-1,1,10,94,2925,0,0,1,1363.6363776,316.19248128,0,0.0,1.0,Rank+
GTCAACCTGACGATAG-1,1,26,78,2926,0,0,1,1140.60507136,696.41919488,0,0.0,1.0,Rank+
GTCAACTCAACTGTTA-1,1,77,89,2927,0,0,2,1280.83478528,1915.99731712,3,0.0,1.8382046391707263e-06,Rank-
GTCACCAAGAGCGGTG-1,1,58,104,2928,0,0,2,1490.80400896,1464.00421888,3,0.0,6.608863678536636e-09,Rank-
GTCACTAAGAGGAATA-1,1,57,45,2929,0,0,4,681.02995968,1432.92547072,2,0.0,0.9997624754905701,Rank+
GTCACTAAGCCAGCGG-1,1,40,94,2930,0,0,6,1357.2554752,1032.80535552,1,0.0,2.6117306096837143e-25,Rank-
GTCACTACTTAATGGA-1,1,57,85,2931,0,0,1,1230.16291328,1437.8049843200001,0,0.0,1.0,Rank+
GTCACTGAATCTCACC-1,1,45,103,2932,0,0,1,1479.76880128,1153.29180672,0,0.0,1.0,Rank+
GTCACTGTGATAACTC-1,1,64,122,2933,0,0,3,1736.65642496,1609.4887936,0,0.0,1.0,Rank+
GTCACTTACGTGTATG-1,1,44,0,2934,0,0,6,65.98603776,1116.95819776,1,0.0,1.0236624778139734e-17,Rank-
GTCACTTATCCAAGAC-1,1,35,45,2935,0,0,3,685.60919552,907.36432128,3,0.0,1.0,Rank+
GTCACTTATGAATGCG-1,1,53,79,2936,0,0,4,1148.63750144,1341.4908928,2,0.0,4.682247890741564e-06,Rank-
GTCACTTATGTCGTAT-1,1,37,103,2937,0,0,0,1481.4953984,962.24008192,1,0.0,1.3835422108409895e-28,Rank-
GTCACTTCCTTCTAGA-1,1,0,0,2938,0,0,8,75.21957888,65.83589888,4,0.0,7.062965257141965e-14,Rank-
GTCAGCCAACATCACG-1,1,44,20,2939,0,0,2,340.51497984,1119.36041984,5,0.0,7.213832304842072e-07,Rank-
GTCAGCCATTGTGCGG-1,1,12,70,2940,0,0,3,1033.7061888,361.00893696,0,0.0,1.0,Rank+
GTCAGCCTAATTACGT-1,1,8,84,2941,0,0,1,1226.78478848,267.17213696,0,0.0,1.0,Rank+
GTCAGCCTCCGAACCT-1,1,39,43,2942,0,0,1,657.30801664,1002.70251008,0,1.0,0.9911442399024963,Background
GTCAGCGATGTAATTG-1,1,29,91,2943,0,0,4,1318.44457472,769.68696832,0,0.0,0.9999834299087524,Rank+
GTCAGCGATTGATTCA-1,1,48,38,2944,0,0,1,586.81781248,1217.10083072,0,0.0,1.0,Rank+
GTCAGCTAGATCGACA-1,1,65,113,2945,0,0,2,1612.8669184,1632.3099033600001,5,0.0,6.790072802687064e-05,Rank-
GTCAGCTCAATCAAGG-1,1,46,112,2946,0,0,7,1603.1078912,1178.28993024,3,0.0,6.125260370026808e-06,Rank-
GTCAGCTGGTGAGGCG-1,1,11,19,2947,0,0,8,333.75873024,330.90609152,4,0.0,1.0718134222122252e-21,Rank-
GTCAGGACAAGCCATG-1,1,10,84,2948,0,0,1,1226.3343718400001,314.9163008,0,0.0,1.0,Rank+
GTCAGGATCAACCAAC-1,1,66,50,2949,0,0,4,747.76669184,1648.5249024,0,0.0,1.0,Rank+
GTCAGGTACGTGGCAT-1,1,60,90,2950,0,0,3,1298.17582592,1510.0217856,3,0.0,0.9998762607574463,Rank+
GTCAGGTGGCTCACCT-1,1,7,123,2951,0,0,8,1762.40524288,248.02942976,4,0.0,1.0540893041776668e-15,Rank-
GTCAGTAATCCAATTA-1,1,58,56,2952,0,0,0,831.7693952,1458.14880256,1,0.0,1.9765537282504283e-22,Rank-
GTCAGTAGGTGACCGG-1,1,37,49,2953,0,0,1,740.1096089600001,955.6339712,0,0.0,1.0,Rank+
GTCAGTATGTCCGGCG-1,1,0,6,2954,0,0,8,157.645824,66.58659328,4,1.0,0.009396534413099289,Background
GTCAGTGAGGATCGTT-1,1,25,77,2955,0,0,3,1127.09257216,672.3969740800001,3,0.0,0.9999415874481201,Rank+
GTCAGTGCAGCGTTGT-1,1,75,51,2956,0,0,3,759.55259392,1863.67391744,0,0.0,1.0,Rank+
GTCAGTGCCAGAATAA-1,1,44,104,2957,0,0,4,1493.73171712,1129.56986368,0,0.0,1.0,Rank+
GTCAGTGCTGACAGCG-1,1,32,114,2958,0,0,0,1633.5860838400001,844.08078336,4,0.0,0.9999810457229614,Rank+
GTCAGTTCTGCCTGGA-1,1,32,50,2959,0,0,7,754.89828864,836.34863104,3,1.0,0.010119620710611343,Background
GTCAGTTGGAACCACG-1,1,77,121,2960,0,0,1,1720.14114816,1919.900928,0,0.0,1.0,Rank+
GTCATCACGTGGTTCA-1,1,32,52,2961,0,0,3,782.3737036800001,836.57383936,3,1.0,0.005333315581083298,Background
GTCATCACTATTGTGC-1,1,36,40,2962,0,0,3,616.77051904,930.71091712,3,1.0,0.9300975799560547,Background
GTCATCAGTAGACCAG-1,1,26,36,2963,0,0,9,563.99670272,691.31447296,0,0.0,1.0,Rank+
GTCCATCTATACAAGG-1,1,56,42,2964,0,0,1,640.04204544,1408.6780416,0,0.0,1.0,Rank+
GTCCGAATGCGGACAG-1,1,47,1,2965,0,0,4,79.04812032,1188.7245824,2,1.0,0.00639484403654933,Background
GTCCGACAGCCGCATT-1,1,30,96,2966,0,0,5,1386.83283456,794.15960576,2,0.0,1.2313208799241693e-06,Rank-
GTCCGTCGGCATGCGT-1,1,25,123,2967,0,0,0,1758.57670144,678.02718208,4,0.0,0.00025148250279016793,Rank-
GTCCTCCGGATTATAC-1,1,31,127,2968,0,0,10,1812.25135104,821.78515968,4,0.0,1.0,Rank+
GTCCTGCTTACGGCTG-1,1,46,12,2969,0,0,11,230.31304192000002,1166.12868096,3,0.0,0.999998927116394,Rank+
GTCCTTATACATTACG-1,1,72,70,2970,0,0,1,1021.01945344,1794.3097548800001,0,0.0,1.0,Rank+
GTCCTTCATCAGATCA-1,1,36,70,2971,0,0,12,1028.67653632,934.31425024,0,0.0,1.0,Rank+
GTCCTTCATGGATTAG-1,1,67,47,2972,0,0,1,706.32836096,1672.02163712,0,0.0,1.0,Rank+
GTCCTTCGGAACCTGC-1,1,48,36,2973,0,0,1,559.34239744,1216.8756224,0,0.0,1.0,Rank+
GTCGAACCGTTCACTC-1,1,1,121,2974,0,0,13,1736.2060083200001,104.42159104,1,0.0,2.8123782277039085e-31,Rank-
GTCGAAGTCGTGTTCT-1,1,60,32,2975,0,0,2,501.91427584,1503.04032768,3,0.0,4.1196362872142345e-05,Rank-
GTCGAGAACTAGACGA-1,1,6,20,2976,0,0,8,348.54740992,211.62075136,4,1.0,0.9850202798843384,Background
GTCGAGACCGTCCGTT-1,1,77,123,2977,0,0,1,1747.6165632,1920.1261363200001,0,0.0,1.0,Rank+
GTCGAGACTGCCTAAG-1,1,33,127,2978,0,0,10,1811.8009344,869.60439296,1,0.0,0.9999982118606567,Rank+
GTCGAGTGATTACTGT-1,1,35,127,2979,0,0,10,1811.35051776,917.3485568,1,0.0,1.0,Rank+
GTCGAGTGCTCCTTCG-1,1,7,31,2980,0,0,0,499.36191488000003,236.8440832,1,0.0,9.007076497008478e-28,Rank-
GTCGCAACGAGCTGAC-1,1,41,117,2981,0,0,11,1672.84740096,1059.45500672,0,0.0,1.0,Rank+
GTCGCACGCAGCCTGC-1,1,60,52,2982,0,0,6,776.44321792,1505.44254976,2,0.0,3.256657610251068e-09,Rank-
GTCGCAGTATTAGGAT-1,1,8,122,2983,0,0,8,1748.44232704,271.7513728,4,0.0,9.03638058477596e-13,Rank-
GTCGCATGCGGTAGAT-1,1,46,114,2984,0,0,7,1630.58330624,1178.51513856,3,0.0,0.00022057625756133348,Rank-
GTCGCATTACCAGGCA-1,1,67,63,2985,0,0,5,925.9815424,1673.97344256,2,0.0,7.182782217992527e-16,Rank-
GTCGCTAAGTGAGGTT-1,1,38,110,2986,0,0,5,1577.35907328,986.93792768,2,0.0,3.740872489288449e-05,Rank-
GTCGGCCGTTGTGAAT-1,1,47,31,2987,0,0,7,490.87906816000003,1192.32791552,3,1.0,0.013481161557137966,Background
GTCGGCCTCCGGCATC-1,1,66,48,2988,0,0,1,720.2912768,1648.29969408,0,0.0,0.9999996423721313,Rank+
GTCGTAGACTGACAAG-1,1,18,26,2989,0,0,6,428.42129408,498.98656768,1,0.0,1.1789167349029903e-16,Rank-
GTCGTGCTAATGCCTT-1,1,32,0,2990,0,0,0,68.46332928,830.2680064,1,0.0,2.1515215817518473e-28,Rank-
GTCGTGTTCATGTCAG-1,1,52,82,2991,0,0,4,1190.00076288,1317.99415808,2,0.0,0.0013682955177500844,Rank-
GTCTAAGATCGGACTA-1,1,46,50,2992,0,0,6,751.97058048,1170.7829862400001,1,0.0,4.713423890488513e-16,Rank-
GTCTAAGCGGCACGCC-1,1,10,78,2993,0,0,3,1143.98319616,314.24067584,0,0.0,0.9999995231628418,Rank+
GTCTAATACGGCTAAG-1,1,22,70,2994,0,0,2,1031.60424448,599.8798950400001,5,0.0,1.0,Rank+
GTCTAATCGAATTGGA-1,1,8,96,2995,0,0,5,1391.48713984,268.59845632,2,0.0,6.449448197314066e-15,Rank-
GTCTAGCATGGTACGT-1,1,13,33,2996,0,0,6,525.56114944,380.45192192,1,0.0,2.8891245053212488e-33,Rank-
GTCTAGCGTTGTGACC-1,1,69,69,2997,0,0,1,1007.95737088,1722.4683008,0,0.0,1.0,Rank+
GTCTAGGACAGGATAA-1,1,17,33,2998,0,0,5,524.7353856,475.9402496,2,0.0,1.530486154477373e-10,Rank-
GTCTAGTCTAGCGACG-1,1,45,91,2999,0,0,5,1315.06644992,1151.86548736,2,0.0,9.94328175352166e-09,Rank-
GTCTATAGAATCGAGC-1,1,56,114,3000,0,0,2,1628.48136192,1417.38609664,5,0.0,0.9999963045120239,Rank+
GTCTATCAATGGATTA-1,1,55,49,3001,0,0,6,736.35613696,1385.63172352,2,0.0,2.2026051613727795e-18,Rank-
GTCTATCAGTACTAAT-1,1,30,90,3002,0,0,5,1304.48165888,793.40891136,2,0.0,3.7308350897546916e-07,Rank-
GTCTATGGTGAAGAGC-1,1,16,24,3003,0,0,8,401.32122624,451.01719552000003,1,0.0,0.00019050558330491185,Rank-
GTCTATGTTAATAGAA-1,1,20,32,3004,0,0,4,510.32205312,547.48142592,2,1.0,0.01294206827878952,Background
GTCTATTAAGCACTTA-1,1,2,42,3005,0,0,0,651.45260032,118.75985408,4,0.0,2.3869118487285235e-12,Rank-
GTCTATTAGTGAGGCC-1,1,22,18,3006,0,0,6,317.69387008,593.57406208,2,0.0,6.352529390470029e-17,Rank-
GTCTATTGCGAGTTAC-1,1,37,23,3007,0,0,10,383.2294912,952.48105472,1,0.0,1.0,Rank+
GTCTCAATACTATGAG-1,1,76,98,3008,0,0,2,1404.62429184,1893.2512768000001,5,0.0,1.0,Rank+
GTCTCATGACTAGTTG-1,1,41,55,3009,0,0,6,821.6350208,1051.94806272,2,0.0,3.9737070522960494e-08,Rank-
GTCTGAAGGCCTTAAT-1,1,11,127,3010,0,0,10,1816.45523968,344.04324352000003,4,0.0,0.9999997615814209,Rank+
GTCTGATAGATTATAA-1,1,55,59,3011,0,0,12,873.58307328,1386.83283456,1,0.0,1.5043093526401208e-06,Rank-
GTCTGATATCTGAATT-1,1,37,75,3012,0,0,12,1097.06479616,958.7868876800001,2,0.0,1.0,Rank+
GTCTGCTCAACACCAA-1,1,67,69,3013,0,0,1,1008.40778752,1674.7241369600001,0,0.0,1.0,Rank+
GTCTGTGGATCTGACG-1,1,18,28,3014,0,0,6,455.82163968000003,499.211776,2,0.0,1.035180730198093e-12,Rank-
GTCTTCGATAGGTGTT-1,1,12,68,3015,0,0,3,1006.23077376,360.78372864,0,0.0,0.9999983310699463,Rank+
GTCTTCGGTAGCTACA-1,1,53,35,3016,0,0,3,544.55371776,1336.16096256,0,0.0,1.0,Rank+
GTCTTGAACAATTACA-1,1,56,76,3017,0,0,4,1106.82382336,1412.8068608,2,0.0,0.9998262524604797,Rank+
GTCTTGAAGATTCATG-1,1,4,12,3018,0,0,8,239.17123584,162.9006848,4,0.0,2.8623663769072882e-12,Rank-
GTCTTGACAATAGCAA-1,1,27,63,3019,0,0,7,934.46438912,718.48961024,3,0.0,2.3985143343452364e-05,Rank-
GTCTTGACTTGCTCTG-1,1,44,118,3020,0,0,3,1685.90948352,1131.22139136,3,0.0,5.0461672799428925e-05,Rank-
GTCTTGATTGCCACCT-1,1,27,25,3021,0,0,9,412.73178112,713.83530496,0,0.0,1.0,Rank+
GTCTTGCGATGAATGC-1,1,19,95,3022,0,0,3,1375.42227968,531.26642688,3,0.0,0.9999841451644897,Rank+
GTCTTGCGGCGATTCA-1,1,44,58,3023,0,0,0,862.24758784,1123.93965568,1,0.0,7.344505004169832e-10,Rank-
GTCTTGCTCAGATTAC-1,1,33,119,3024,0,0,0,1701.97434368,868.62849024,1,0.0,1.281130285408008e-13,Rank-
GTCTTGCTGGACGATA-1,1,21,79,3025,0,0,10,1155.39375104,577.13385472,5,0.0,1.0,Rank+
GTCTTGTATTGTAGAT-1,1,48,86,3026,0,0,4,1245.7773568,1222.95624704,2,0.0,1.1346170530890376e-11,Rank-
GTGAACATTCAACGAT-1,1,25,69,3027,0,0,7,1017.26598144,671.42107136,3,0.0,0.9999953508377075,Rank+
GTGAACGGTTCTAACG-1,1,30,6,3028,0,0,12,151.2649216,783.19946752,0,0.0,1.0,Rank+
GTGAACTCGTGGTATC-1,1,71,41,3029,0,0,2,623.15142144,1766.90940928,5,1.0,0.6702947616577148,Background
GTGAAGATGAGTGCCT-1,1,36,62,3030,0,0,4,918.8499456000001,933.3383475200001,2,0.0,0.9958223104476929,Rank+
GTGAAGCCACAACCGG-1,1,14,84,3031,0,0,3,1225.508608,410.47969792,0,0.0,1.0,Rank+
GTGAAGTGATCGTGCT-1,1,39,95,3032,0,0,0,1371.21839104,1009.00834304,1,0.0,7.941680451040156e-06,Rank-
GTGAATTAGACATTGC-1,1,11,71,3033,0,0,3,1047.6691046400001,337.28699392,0,0.0,1.0,Rank+
GTGACAAGATGCTCAT-1,1,36,72,3034,0,0,12,1056.07688192,934.5394585600001,0,0.0,3.629116008596611e-06,Rank-
GTGACAATAGGTATGT-1,1,28,4,3035,0,0,12,124.2399232,735.2300953600001,0,0.0,1.0,Rank+
GTGACAATTGCGATAA-1,1,75,73,3036,0,0,3,1061.63202048,1866.30134784,0,0.0,0.9999352693557739,Rank+
GTGACACCAAGTGAAT-1,1,25,117,3037,0,0,0,1676.22552576,677.2764876800001,2,0.0,5.0569893543582485e-19,Rank-
GTGACAGCCTAGCCTC-1,1,11,117,3038,0,0,0,1679.15323392,342.84213248000003,4,0.0,4.15979854728743e-11,Rank-
GTGACATACAGGTCCT-1,1,30,106,3039,0,0,6,1524.13484032,795.3607168,2,0.0,1.8187656242174555e-11,Rank-
GTGACATATGCTAGAT-1,1,13,45,3040,0,0,5,690.2635008,381.87824128,2,0.0,0.0001730685617076233,Rank-
GTGACATGCAATTAAT-1,1,59,119,3041,0,0,7,1696.4942745600001,1489.67796736,3,1.0,0.4764731824398041,Background
GTGACATGTACCACCT-1,1,58,90,3042,0,0,3,1298.55117312,1462.27762176,0,0.0,1.0,Rank+
GTGACCAGATCGAGAT-1,1,20,108,3043,0,0,4,1553.71219968,556.71496704,0,0.0,0.9999996423721313,Rank+
GTGACCGTGGATTAGC-1,1,56,34,3044,0,0,3,530.21545472,1407.7021388800001,0,0.0,1.0,Rank+
GTGACTATGGCATGGA-1,1,74,58,3045,0,0,1,855.86668544,1840.62759936,0,0.0,1.0,Rank+
GTGACTGTCCTGGTAT-1,1,40,84,3046,0,0,0,1220.02853888,1031.60424448,1,0.0,2.4751427619394942e-33,Rank-
GTGACTTCAACATCCG-1,1,49,113,3047,0,0,2,1616.2450432,1250.05631488,3,1.0,0.11305665969848633,Background
GTGACTTCCTCACGAC-1,1,18,78,3048,0,0,10,1142.25659904,505.29240064,5,0.0,1.0,Rank+
GTGAGCACCAGCATCC-1,1,67,81,3049,0,0,7,1173.11013888,1676.15045632,0,1.0,0.1437913179397583,Background
GTGAGGATCTCAGCCT-1,1,4,60,3050,0,0,5,898.13078016,168.68103168,2,0.0,1.5139250856462165e-18,Rank-
GTGAGGCAGTGAGTTA-1,1,54,0,3051,0,0,2,63.809024,1355.82915584,5,0.0,5.739188201151759e-16,Rank-
GTGAGGCATTCGGTGG-1,1,0,112,3052,0,0,13,1612.8669184,79.49853696,1,0.0,1.330474930227865e-07,Rank-
GTGAGGTCACAGGCCA-1,1,8,88,3053,0,0,4,1281.66054912,267.6225536,0,1.0,0.994296133518219,Background
GTGAGGTTGGACGGCG-1,1,23,123,3054,0,0,0,1759.02711808,630.2079488,4,0.0,3.75868795113375e-15,Rank-
GTGATCTACGAGATCC-1,1,53,57,3055,0,0,0,846.55807488,1338.8634624000001,1,0.0,1.5477025606636156e-22,Rank-
GTGATGGATTAGAACA-1,1,55,103,3056,0,0,7,1477.6668569600001,1392.1627648,3,1.0,0.5962235927581787,Background
GTGCAACGACGGTGTT-1,1,45,63,3057,0,0,0,930.63584768,1148.48736256,1,0.0,8.0004011002795334e-28,Rank-
GTGCAACTACTGTACG-1,1,52,24,3058,0,0,2,393.7392128,1310.93763072,5,0.0,1.0,Rank+
GTGCACCAATCATAAC-1,1,23,7,3059,0,0,12,166.50401792,616.16996352,0,0.0,0.9999953508377075,Rank+
GTGCACCGAATGTTAA-1,1,57,115,3060,0,0,2,1641.99386112,1441.40831744,3,0.0,0.9999995231628418,Rank+
GTGCACTTGTAAGCAC-1,1,58,44,3061,0,0,4,667.06704384,1456.7224832,0,0.0,1.0,Rank+
GTGCACTTGTTCCTGG-1,1,26,118,3062,0,0,0,1689.73802496,701.29870848,1,0.0,1.9053455219424538e-41,Rank-
GTGCAGAAGGTGCGAG-1,1,18,110,3063,0,0,4,1581.5629619200001,509.19601152,2,0.0,5.349878623703882e-16,Rank-
GTGCAGCCGGTCTGCA-1,1,44,6,3064,0,0,6,148.33721344,1117.6338227200001,1,0.0,3.8660766414007516e-25,Rank-
GTGCAGGACTCCAAGG-1,1,64,38,3065,0,0,2,583.43968768,1599.27934976,3,1.0,0.24523527920246124,Background
GTGCAGGCACTCTAGG-1,1,32,88,3066,0,0,5,1276.63089664,840.92786688,2,1.0,0.7747929096221924,Background
GTGCAGGCTGGACATG-1,1,19,85,3067,0,0,10,1238.19534336,530.06531584,5,0.0,0.9999891519546509,Rank+
GTGCAGTGGTAGATTC-1,1,74,96,3068,0,0,2,1377.59929344,1845.2068352000001,5,0.0,1.0,Rank+
GTGCAGTTGTGGCGCT-1,1,42,14,3069,0,0,11,258.6142208,1070.8655616,3,0.0,0.9994745850563049,Rank+
GTGCATGGTTGAGTTC-1,1,25,105,3070,0,0,4,1511.4481049600001,675.77509888,2,0.0,0.9996048808097839,Rank+
GTGCATTCCTGTGGTC-1,1,20,40,3071,0,0,1,620.14864384,548.45732864,0,0.0,1.0,Rank+
GTGCATTGCAATGTTG-1,1,60,38,3072,0,0,3,584.26545152,1503.71595264,0,0.0,1.0,Rank+
GTGCCACCTTGAGCAT-1,1,71,79,3073,0,0,7,1144.80896,1771.48864512,3,0.0,1.785222048056312e-05,Rank-
GTGCCGCATCCTTCCT-1,1,66,68,3074,0,0,4,994.82021888,1650.70191616,2,0.0,0.0006277693901211023,Rank-
GTGCCGTCCTGTCAGC-1,1,52,98,3075,0,0,1,1409.65394432,1319.94596352,0,0.0,1.0,Rank+
GTGCCTGACACGTTGG-1,1,21,67,3076,0,0,7,990.61633024,575.63246592,3,1.0,0.04240548238158226,Background
GTGCGGCATGCTCATC-1,1,73,125,3077,0,0,1,1775.91774208,1824.86301696,0,0.0,1.0,Rank+
GTGCGTTCACGGATAA-1,1,12,76,3078,0,0,3,1116.05736448,361.75963136,3,0.0,1.0,Rank+
GTGCTACGTTCTAACC-1,1,3,17,3079,0,0,8,308.00991232,139.6291584,4,0.0,2.2163688263802025e-18,Rank-
GTGCTCAATGCAACCT-1,1,58,72,3080,0,0,5,1051.42257664,1460.100608,2,0.0,5.371906081563793e-05,Rank-
GTGCTCGACGTGAACT-1,1,10,114,3081,0,0,0,1638.16531968,318.59470336,4,0.0,1.2787316336471122e-05,Rank-
GTGCTCGCTTGATCGG-1,1,76,70,3082,0,0,1,1020.1936896,1889.79808256,0,0.0,1.0,Rank+
GTGGAACAGAAGTCGA-1,1,41,95,3083,0,0,5,1370.84304384,1056.82757632,2,0.0,2.1627247574490973e-17,Rank-
GTGGACCAACTAGGAG-1,1,50,124,3084,0,0,7,1767.05954816,1275.27964672,3,1.0,0.9912251830101013,Background
GTGGATAATCATAATC-1,1,9,27,3085,0,0,0,444.0357376,284.1378304,1,0.0,1.179893306961496e-42,Rank-
GTGGATTAACAGCGGT-1,1,75,77,3086,0,0,7,1116.5077811200001,1866.8268339200001,3,1.0,0.9881674647331238,Background
GTGGCGACCTAATATT-1,1,11,73,3087,0,0,3,1075.14451968,337.51220224,0,0.0,1.0,Rank+
GTGGCGACCTTGATTC-1,1,14,106,3088,0,0,4,1527.51296512,413.18219776,2,1.0,0.021669937297701836,Background
GTGGCGAGGAAGGCTA-1,1,25,93,3089,0,0,1,1346.7457536,674.34877952,0,0.0,1.0,Rank+
GTGGCGATAGGCAGAA-1,1,62,42,3090,0,0,3,638.76586496,1551.98560256,0,0.0,1.0,Rank+
GTGGCGATCTGCGATA-1,1,60,84,3091,0,0,3,1215.7495808,1509.34616064,0,0.0,1.0,Rank+
GTGGCGCACCTGTTCC-1,1,37,47,3092,0,0,1,712.70926336,955.40876288,0,0.0,1.0,Rank+
GTGGCGCCAACAGCTC-1,1,6,58,3093,0,0,4,870.20494848,216.1999872,2,0.0,6.188439272136748e-08,Rank-
GTGGCGCCACGCTGAG-1,1,62,112,3094,0,0,2,1599.7297664,1560.46844928,5,0.0,1.0,Rank+
GTGGCGCCACTACGCT-1,1,51,99,3095,0,0,1,1423.61686016,1296.14895104,0,0.0,1.0,Rank+
GTGGCGCCAGACTCGA-1,1,20,36,3096,0,0,4,565.2728832,548.006912,2,0.0,6.714702127652572e-10,Rank-
GTGGCGCCAGCTAACC-1,1,46,106,3097,0,0,1,1520.75671552,1177.53923584,0,0.0,1.0,Rank+
GTGGCGGTCCGGATGA-1,1,76,118,3098,0,0,3,1679.15323392,1895.6534988800001,3,0.0,0.9964922070503235,Rank+
GTGGCTGAATGCGAGT-1,1,38,4,3099,0,0,0,122.13797888,974.10105344,1,0.0,7.177668459590336e-10,Rank-
GTGGCTTCCTACCGTT-1,1,23,95,3100,0,0,1,1374.59651584,626.829824,0,0.0,1.0,Rank+
GTGGTAAGCCTCTTCG-1,1,45,123,3101,0,0,3,1754.3728128,1155.76909824,0,0.0,0.9999998807907104,Rank+
GTGGTACTGTTGTAGC-1,1,23,93,3102,0,0,1,1347.1211008,626.60461568,0,0.0,1.0,Rank+
GTGGTACTTGGTTGGA-1,1,25,15,3103,0,0,11,275.880192,664.89003008,0,0.0,1.0,Rank+
GTGGTAGGTCTAAGAA-1,1,21,37,3104,0,0,1,578.7853824,572.0291328,2,0.0,0.9998608827590942,Rank+
GTGGTCGCTCTGTAGC-1,1,35,55,3105,0,0,1,822.91120128,908.64050176,0,0.0,1.0,Rank+
GTGGTTACCTTGCGCA-1,1,39,117,3106,0,0,4,1673.22274816,1011.71084288,0,0.0,1.9084179579649052e-15,Rank-
GTGGTTGACAAGGAGC-1,1,16,36,3107,0,0,5,566.0986470400001,452.44351488,2,0.0,3.268284250277243e-15,Rank-
GTGGTTGCACGCGGCA-1,1,5,29,3108,0,0,0,472.33691648,188.7996416,4,0.0,8.22078161610445e-25,Rank-
GTGGTTGCCGCTTCAA-1,1,43,67,3109,0,0,0,985.96202496,1101.19361536,1,0.0,1.2833353289203706e-22,Rank-
GTTAACAACTTCGGAT-1,1,24,46,3110,0,0,9,701.67405568,644.77142016,0,0.0,1.0,Rank+
GTTAACTCCGACCACT-1,1,28,66,3111,0,0,3,975.45230336,742.73703936,3,0.0,1.0,Rank+
GTTAATACGACACGCC-1,1,14,124,3112,0,0,0,1774.6415616,415.35921152000003,4,0.0,1.8459029443862462e-11,Rank-
GTTAATGGCGCAACGC-1,1,63,113,3113,0,0,2,1613.2422656,1584.49067008,5,0.0,0.9982380867004395,Rank+
GTTACAGGTACATGGC-1,1,27,3,3114,0,0,12,110.727424,711.20787456,0,0.0,1.0,Rank+
GTTAGACAATGGATGA-1,1,53,85,3115,0,0,4,1230.98867712,1342.2415872,0,0.0,0.9997432827949524,Rank+
GTTAGAGGTGTTAAGA-1,1,56,106,3116,0,0,2,1518.6547712,1416.48526336,3,1.0,0.1631072461605072,Background
GTTAGGAAGTATACGA-1,1,49,115,3117,0,0,2,1643.72045824,1250.35659264,3,0.0,8.12631101148261e-17,Rank-
GTTAGGCCTGAACATC-1,1,15,99,3118,0,0,1,1431.1988736,436.22851584,0,0.0,1.0,Rank+
GTTAGGTACTAACTGG-1,1,18,82,3119,0,0,10,1197.20742912,505.81788672,5,0.0,0.9999920129776001,Rank+
GTTAGGTCCACTGGCG-1,1,57,11,3120,0,0,2,214.24818176,1428.79665152,5,0.0,0.9989134073257446,Rank+
GTTATTCGCCGATCGC-1,1,32,122,3121,0,0,0,1743.41267456,845.05668608,1,0.0,3.7906714792978896e-21,Rank-
GTTATTCGGCCATTCG-1,1,60,64,3122,0,0,0,941.22063872,1506.86886912,4,0.0,8.720870705268557e-13,Rank-
GTTATTCGTAACGTCC-1,1,35,37,3123,0,0,2,575.7826048000001,906.463488,5,0.0,4.193701443000464e-06,Rank-
GTTATTGACCTCATTC-1,1,25,121,3124,0,0,0,1731.1012864,677.72690432,4,0.0,0.0024315742775797844,Rank-
GTTATTGCTGAATCCG-1,1,33,115,3125,0,0,0,1647.09858304,868.1030041600001,4,0.0,9.230716845709124e-25,Rank-
GTTATTGGCATGTAGA-1,1,73,115,3126,0,0,2,1638.61573632,1823.66190592,3,0.0,0.9999924898147583,Rank+
GTTATTGTACGTATAC-1,1,3,27,3127,0,0,0,445.31191808,140.83026944,4,0.0,4.557194066556747e-10,Rank-
GTTATTGTCTATTCAT-1,1,13,127,3128,0,0,10,1816.00482304,391.8624768,4,1.0,0.9858546853065491,Background
GTTCATACCTTGGTTA-1,1,42,34,3129,0,0,12,533.14316288,1073.26778368,0,0.0,1.0,Rank+
GTTCATCTTACATTCC-1,1,37,53,3130,0,0,4,795.06043904,956.15945728,0,0.0,1.0,Rank+
GTTCATTGCCTGAATA-1,1,5,59,3131,0,0,4,884.16786432,192.47804416,2,0.0,2.835030391767576e-16,Rank-
GTTCCAGTGCCTTACC-1,1,36,52,3132,0,0,1,781.54793984,932.1372364800001,0,0.0,1.0,Rank+
GTTCCGAGTATGATCG-1,1,9,91,3133,0,0,4,1322.64846336,291.86998272,2,1.0,0.9731441736221313,Background
GTTCCGATGAACCGGC-1,1,25,3,3134,0,0,12,111.17784064,663.38864128,0,0.0,1.0,Rank+
GTTCCGGCTGAGCCGA-1,1,29,121,3135,0,0,8,1730.2755225600001,773.29030144,4,0.0,6.535804159198708e-17,Rank-
GTTCCGGCTGCAGTCA-1,1,58,114,3136,0,0,2,1628.03094528,1465.20532992,3,0.0,0.9995194673538208,Rank+
GTTCCGTACCTCCACT-1,1,11,23,3137,0,0,8,388.70956032,331.4315776,5,0.0,1.8272403575425042e-21,Rank-
GTTCCGTATGGTAACG-1,1,72,90,3138,0,0,2,1295.62346496,1796.7119769600001,5,0.0,1.0,Rank+
GTTCCGTCATACGGCT-1,1,51,107,3139,0,0,7,1533.44345088,1297.12485376,3,1.0,0.00569468317553401,Background
GTTCCGTCTTATCTTA-1,1,63,73,3140,0,0,1,1064.109312,1579.68622592,0,0.0,1.0,Rank+
GTTCGAGCTCGCGAAT-1,1,41,127,3141,0,0,10,1810.1494067200001,1060.65611776,0,0.0,1.0,Rank+
GTTCGCTGGTATTAGA-1,1,63,65,3142,0,0,6,954.28272128,1578.7103232,1,0.0,2.7066810670621507e-31,Rank-
GTTCGTAGGTAGTGAA-1,1,47,33,3143,0,0,3,518.3544832,1192.62819328,0,0.0,1.0,Rank+
GTTCTACTATACGAAC-1,1,49,117,3144,0,0,2,1671.12080384,1250.58180096,3,1.0,0.9881007671356201,Background
GTTCTACTATCATATT-1,1,13,29,3145,0,0,0,470.61031936,379.92643584,1,0.0,4.040085769329446e-17,Rank-
GTTCTACTTATGGTAG-1,1,70,54,3146,0,0,4,801.81668864,1744.53871616,2,0.0,8.549448011763161e-07,Rank-
GTTCTGGACACGCAAC-1,1,10,118,3147,0,0,0,1693.11614976,319.04512,4,0.0,1.3767974989999408e-21,Rank-
GTTCTTGATCTGTTGA-1,1,36,98,3148,0,0,0,1413.03206912,937.69237504,1,0.0,8.034296253964884e-26,Rank-
GTTGAACCAGGATCGC-1,1,53,127,3149,0,0,10,1807.5970457600001,1347.3463091200001,0,0.0,1.0,Rank+
GTTGAAGGAAGTCGGC-1,1,20,98,3150,0,0,1,1416.41019392,555.513856,0,0.0,1.0,Rank+
GTTGAATAAGTCAGCA-1,1,54,50,3151,0,0,0,750.24398336,1361.90978048,1,0.0,2.5677611791561187e-24,Rank-
GTTGAATCAACCTGGC-1,1,21,105,3152,0,0,4,1512.34893824,580.2867712,0,0.0,0.9986547231674194,Rank+
GTTGAATGGTACAGTA-1,1,50,88,3153,0,0,4,1272.8023552,1270.9256192,2,0.0,8.943373819292333e-10,Rank-
GTTGAATGTTGCTGCC-1,1,32,12,3154,0,0,9,233.24075008,831.7693952,0,0.0,1.0,Rank+
GTTGAATTATTCGGTG-1,1,58,116,3155,0,0,2,1655.50636032,1465.43053824,3,0.0,0.9966541528701782,Rank+
GTTGAATTCATAAGAT-1,1,54,120,3156,0,0,2,1711.28295424,1370.3926272,3,0.0,7.775804888865423e-09,Rank-
GTTGACATGAACCAAC-1,1,29,35,3157,0,0,9,549.65843968,762.85564928,5,0.0,0.00045445148134604096,Rank-
GTTGACGAACCAGAAC-1,1,33,71,3158,0,0,4,1043.01479936,862.77307392,0,0.0,0.9999995231628418,Rank+
GTTGACGAATCAACTA-1,1,1,111,3159,0,0,13,1598.90400256,103.22048,1,0.0,5.181266657036665e-16,Rank-
GTTGACGCTCGATGGC-1,1,1,25,3160,0,0,8,418.28691968,92.78582784,4,0.0,3.187444015326224e-12,Rank-
GTTGACGGATAGCCAT-1,1,29,103,3161,0,0,5,1483.14692608,771.11328768,2,0.0,2.98924015135351e-17,Rank-
GTTGACGTCAGATTAG-1,1,59,81,3162,0,0,1,1174.836736,1485.09873152,0,0.0,1.0,Rank+
GTTGACTACAACATAC-1,1,4,6,3163,0,0,8,156.74499072,162.1499904,4,0.0,0.9999034404754639,Rank+
GTTGACTAGAGCACGT-1,1,41,63,3164,0,0,0,931.46161152,1052.92396544,1,0.0,1.8006092748257477e-34,Rank-
GTTGACTTCTATGCTG-1,1,71,65,3165,0,0,4,952.6311936,1769.762048,0,0.0,1.0,Rank+
GTTGAGCTTCGTCCGG-1,1,44,40,3166,0,0,4,615.11899136,1121.76264192,0,1.0,0.9478797912597656,Background
GTTGCAGCCGGCTTGG-1,1,69,123,3167,0,0,10,1749.26809088,1729.07441152,0,0.0,1.0,Rank+
GTTGCCACAAGTCATA-1,1,36,118,3168,0,0,5,1687.63608064,940.16966656,2,0.0,1.316332598477743e-10,Rank-
GTTGCCACGACAAGAA-1,1,63,57,3169,0,0,0,844.45613056,1577.73442048,1,0.0,2.2753945737356083e-18,Rank-
GTTGCCGGTGGAAGTA-1,1,72,122,3170,0,0,3,1734.92982784,1800.61558784,0,0.0,1.0,Rank+
GTTGCTACGTCTTAAT-1,1,64,64,3171,0,0,6,940.39487488,1602.43226624,2,0.0,1.4474717258128322e-10,Rank-
GTTGCTAGATCGTTGA-1,1,10,90,3172,0,0,1,1308.68554752,315.66699520000003,0,0.0,1.0,Rank+
GTTGCTAGTCCATACC-1,1,65,123,3173,0,0,3,1750.16892416,1633.5110144,0,0.0,1.0,Rank+
GTTGCTCCTGAGATTC-1,1,17,103,3174,0,0,1,1485.69928704,484.49816576,0,0.0,1.0,Rank+
GTTGCTGACTCATTCG-1,1,17,117,3175,0,0,0,1677.87705344,486.14969344,5,0.0,9.904839377948408e-35,Rank-
GTTGCTTGCAATCACT-1,1,42,118,3176,0,0,1,1686.35990016,1083.47722752,0,0.0,1.0,Rank+
GTTGGCGTGAGCGACC-1,1,22,14,3177,0,0,6,262.81810944,593.12364544,2,1.0,0.9389616250991821,Background
GTTGGTCCGCCAATCT-1,1,30,42,3178,0,0,9,645.52211456,787.62856448,5,0.0,1.0,Rank+
GTTGTCCTGTGATGTA-1,1,43,79,3179,0,0,0,1150.73944576,1102.61993472,1,0.0,7.59295739330483e-16,Rank-
GTTGTCGTAATATGGA-1,1,9,77,3180,0,0,1,1130.47069696,290.21845504,0,0.0,1.0,Rank+
GTTGTCGTGGCATTAC-1,1,18,116,3181,0,0,6,1663.98920704,509.94670592,2,0.0,1.6326421551499104e-12,Rank-
TAACAGCAGGCCTTAC-1,1,20,100,3182,0,0,1,1443.8856089600001,555.73906432,0,0.0,1.0,Rank+
TAACAGGAACCGACAA-1,1,25,49,3183,0,0,9,742.66196992,669.01884928,3,0.0,5.4488897148985416e-05,Rank-
TAACAGGTCCATACCA-1,1,40,48,3184,0,0,4,725.77134592,1027.17514752,2,1.0,0.9810864329338074,Background
TAACAGTTCCACTTCG-1,1,69,103,3185,0,0,10,1474.7391488,1726.5971200000001,5,0.0,1.0,Rank+
TAACATGCGTGCGAAC-1,1,47,99,3186,0,0,1,1424.442624,1200.58555392,0,0.0,0.9999998807907104,Rank+
TAACATGGCCACCTCC-1,1,23,81,3187,0,0,3,1182.41874944,625.10322688,5,0.0,1.0,Rank+
TAACCAAGGTGCTCTA-1,1,9,53,3188,0,0,5,800.9909248,287.29074688000003,2,0.0,1.4885060295455332e-07,Rank-
TAACCAGATACGCTTC-1,1,62,116,3189,0,0,2,1654.68059648,1560.99393536,3,1.0,0.9442976713180542,Background
TAACCGGATGGACAGG-1,1,66,72,3190,0,0,1,1049.77104896,1651.22740224,0,0.0,0.9998427629470825,Rank+
TAACCGTACCATCCTG-1,1,10,24,3191,0,0,0,402.59740672,307.63456512,5,0.0,6.210505643260517e-19,Rank-
TAACCTACGGACTCGT-1,1,49,127,3192,0,0,10,1808.4228096,1251.7829120000001,0,0.0,1.0,Rank+
TAACCTTGAGACTTCG-1,1,26,108,3193,0,0,5,1552.4360192,700.09759744,2,0.0,5.880259473789451e-11,Rank-
TAACGAATCCTAGATA-1,1,31,91,3194,0,0,5,1317.99415808,817.4311321600001,2,0.0,2.4828965272671866e-11,Rank-
TAACGAATGCTCCAAT-1,1,9,61,3195,0,0,1,910.81751552,288.2666496,0,0.0,1.0,Rank+
TAACGACCTTGCCTAT-1,1,52,106,3196,0,0,7,1519.48053504,1320.92186624,3,0.0,1.6235739419556694e-09,Rank-
TAACGAGCCGAAGGTC-1,1,38,52,3197,0,0,4,781.0975232000001,979.88140032,0,0.0,1.0,Rank+
TAACGAGCGTCTGGCC-1,1,72,56,3198,0,0,1,828.84168704,1792.58315776,0,0.0,0.9999995231628418,Rank+
TAACGAGCTATCCGTC-1,1,58,126,3199,0,0,10,1792.80836608,1466.63164928,0,0.0,1.0,Rank+
TAACGAGTTGCCAACC-1,1,25,75,3200,0,0,3,1099.61715712,672.17176576,3,1.0,0.42091667652130127,Background
TAACGCATTGGTCCAA-1,1,25,41,3201,0,0,3,632.8353792,668.04294656,0,0.0,0.9999997615814209,Rank+
TAACGCCGAGTACACG-1,1,15,127,3202,0,0,6,1815.62947584,439.60664064,4,0.0,1.0,Rank+
TAACGCGGCTATAGGT-1,1,14,110,3203,0,0,5,1582.4637952,413.6326144,2,0.0,7.20702455505283e-14,Rank-
TAACGCGTAATATGGC-1,1,31,51,3204,0,0,7,768.86120448,812.5516185600001,3,0.0,1.2738515797749983e-10,Rank-
TAACGCGTCAAGCGTT-1,1,9,33,3205,0,0,0,526.38691328,284.8885248,1,0.0,6.755865534602447e-24,Rank-
TAACGCGTCCTACAAC-1,1,61,37,3206,0,0,7,570.30253568,1527.51296512,3,0.0,2.4071690859273076e-05,Rank-
TAACGCTAGTACGCAG-1,1,18,120,3207,0,0,0,1718.86496768,510.39712256,1,0.0,8.75449994028478e-21,Rank-
TAACGCTCACATTCTA-1,1,29,117,3208,0,0,0,1675.39976192,772.8398848,4,0.0,3.647924734873976e-16,Rank-
TAACGCTCATACGGCA-1,1,18,42,3209,0,0,1,648.07447552,500.93837312,2,0.0,0.9988435506820679,Rank+
TAACGCTTATGCCATA-1,1,40,88,3210,0,0,0,1274.90429952,1032.05466112,1,0.0,1.3231060100154923e-41,Rank-
TAACGCTTCGGCACTT-1,1,44,12,3211,0,0,11,230.68838912,1118.38451712,0,0.0,0.9970309734344482,Rank+
TAACGTCACTATAATC-1,1,33,65,3212,0,0,4,960.66362368,862.02237952,0,0.0,1.0,Rank+
TAACGTGATTCACTAG-1,1,23,9,3213,0,0,12,193.97943296,616.39517184,0,0.0,1.0,Rank+
TAACGTTGCGTCGATG-1,1,28,102,3214,0,0,5,1469.63442688,747.09106688,2,0.0,2.8456924189911395e-16,Rank-
TAACTCCAACATGGAC-1,1,55,65,3215,0,0,0,956.0093184,1387.58352896,5,0.0,1.0980323805308787e-25,Rank-
TAACTCCAGGTAGGCT-1,1,62,110,3216,0,0,2,1572.3294208,1560.24324096,5,0.0,1.0,Rank+
TAACTCCGATACGTAA-1,1,31,123,3217,0,0,0,1757.30052096,821.33474304,4,0.0,4.085018989741229e-10,Rank-
TAACTTAACCTCGGTG-1,1,11,109,3218,0,0,6,1569.3266432,341.86622976,2,0.0,4.148596820806276e-25,Rank-
TAACTTGCACGGCGGA-1,1,50,84,3219,0,0,4,1217.92659456,1270.47520256,2,0.0,1.69076329825657e-07,Rank-
TAAGAACAGGTGTAAC-1,1,67,43,3220,0,0,7,651.45260032,1671.57122048,3,0.0,0.00020238323486410081,Rank-
TAAGAATATGAGATAG-1,1,39,103,3221,0,0,5,1481.04498176,1009.98424576,2,0.0,1.8655613512330582e-11,Rank-
TAAGACCGAGTGAACA-1,1,50,42,3222,0,0,4,641.31822592,1265.37048064,2,0.0,0.004057604819536209,Rank-
TAAGATTAGATATTCC-1,1,4,32,3223,0,0,0,513.70017792,165.30290688,4,0.0,7.406435973759105e-16,Rank-
TAAGATTGGCGGTCGT-1,1,14,94,3224,0,0,1,1362.81061376,411.68080896,0,0.0,1.0,Rank+
TAAGCAAGTAATGTGG-1,1,62,78,3225,0,0,1,1132.94798848,1556.33963008,0,0.0,1.0,Rank+
TAAGCACGAGACCTAC-1,1,30,98,3226,0,0,5,1414.3082496,794.38481408,2,0.0,1.0481660027775175e-13,Rank-
TAAGCAGTAGATACTC-1,1,24,40,3227,0,0,3,619.32288,644.02072576,0,0.0,0.9999984502792358,Rank+
TAAGCCACAATTGCCT-1,1,14,60,3228,0,0,3,896.02883584,407.55198976,0,0.0,1.0,Rank+
TAAGCCATACGACACG-1,1,27,113,3229,0,0,6,1620.89934848,724.57023488,2,0.0,3.917162662255663e-23,Rank-
TAAGCCTGGCTTCAGT-1,1,58,60,3230,0,0,0,886.72022528,1458.67428864,1,0.0,2.3273993843275775e-11,Rank-
TAAGCCTGTAGCGTCC-1,1,50,86,3231,0,0,4,1245.32694016,1270.70041088,2,1.0,0.013109507970511913,Background
TAAGCTCCTTCACGCC-1,1,29,109,3232,0,0,6,1565.5731712,771.86398208,2,0.0,4.241856175062658e-20,Rank-
TAAGGACGCCTGGTTG-1,1,28,62,3233,0,0,7,920.50147328,742.28662272,3,0.0,5.72667813685257e-05,Rank-
TAAGGATCTGAAGATA-1,1,55,89,3234,0,0,1,1285.48909056,1390.51123712,0,0.0,1.0,Rank+
TAAGGATTGGAAGTGG-1,1,39,1,3235,0,0,0,80.77471744,997.59778816,1,0.0,1.6371818067426048e-24,Rank-
TAAGGTACGGATAGTG-1,1,36,120,3236,0,0,5,1715.11149568,940.39487488,2,0.0,1.4109594603795017e-09,Rank-
TAAGGTATGAATGCTA-1,1,56,94,3237,0,0,3,1353.8773504,1414.98387456,0,0.0,1.0,Rank+
TAAGGTCCGTGACCGT-1,1,22,24,3238,0,0,6,400.1201152,594.32475648,2,0.0,0.9999033212661743,Rank+
TAAGTGCTTGACGATT-1,1,3,71,3239,0,0,6,1049.32063232,146.16019968,1,0.0,2.422086331471574e-28,Rank-
TAAGTGGCCGCTCACC-1,1,37,57,3240,0,0,4,849.93619968,956.60987392,0,1.0,0.9032415747642517,Background
TAAGTGTCAAGGTGGC-1,1,23,113,3241,0,0,4,1621.72511232,629.00683776,2,1.0,0.0975930392742157,Background
TAATACCATTCTAGAT-1,1,9,5,3242,0,0,8,141.95631104,281.43533056,4,1.0,0.09816441684961319,Background
TAATACCGTTAATTGC-1,1,37,85,3243,0,0,0,1234.36680192,960.0630681600001,1,0.0,1.8002479691882782e-31,Rank-
TAATAGCGCTGTACTC-1,1,45,59,3244,0,0,0,875.76008704,1147.96187648,1,0.0,2.8876509901267693e-16,Rank-
TAATAGGCTTGCTGAA-1,1,75,61,3245,0,0,1,896.85459968,1864.87502848,0,0.0,1.0,Rank+
TAATCGACATTGTTGG-1,1,22,90,3246,0,0,3,1306.2082560000001,602.3571865600001,5,0.0,0.9997342228889465,Rank+
TAATCGCAATGTAATA-1,1,12,24,3247,0,0,8,402.22205952,355.4537984,1,0.0,8.14200512566643e-11,Rank-
TAATCTGATAAGATGT-1,1,23,103,3248,0,0,4,1484.42310656,627.80572672,0,0.0,1.0,Rank+
TAATGACGAAGCGGCT-1,1,39,9,3249,0,0,12,190.60130816,998.5736908800001,5,0.0,1.0,Rank+
TAATGATCCGGTTATT-1,1,17,35,3250,0,0,5,552.1357312,476.24052736,2,0.0,9.876795007824573e-22,Rank-
TAATGATCTACTAACC-1,1,20,6,3251,0,0,0,153.36686592,544.3285094400001,1,0.0,8.452975284988262e-36,Rank-
TAATGGCAGATGTCGG-1,1,6,120,3252,0,0,13,1721.41732864,223.78200064,1,0.0,1.2614163553522617e-22,Rank-
TAATGTGCACGATCTG-1,1,22,60,3253,0,0,7,894.30223872,598.6787840000001,3,1.0,0.7963988780975342,Background
TAATTAAGGAGTACTG-1,1,21,99,3254,0,0,1,1429.92269312,579.5360768,0,0.0,1.0,Rank+
TAATTACCGGTGCGAG-1,1,41,43,3255,0,0,4,656.93266944,1050.52174336,0,1.0,0.9740540385246277,Background
TAATTCCTGCAGAAGG-1,1,40,118,3256,0,0,11,1686.8103168,1035.73306368,0,0.0,1.0,Rank+
TAATTGACGTCGTTCC-1,1,51,15,3257,0,0,2,270.40012288,1285.9395072,3,0.0,3.3096677043431555e-07,Rank-
TAATTGATTCTGTCGC-1,1,65,57,3258,0,0,0,844.08078336,1625.47858432,1,0.0,2.1302363596986563e-23,Rank-
TACAACGGACGGCTCA-1,1,60,66,3259,0,0,0,968.69605376,1507.16914688,1,0.0,2.1018873808920908e-23,Rank-
TACAAGCAGATCGTTG-1,1,22,10,3260,0,0,11,207.86727936,592.59815936,0,0.0,1.0,Rank+
TACAAGCATAGGCTGG-1,1,2,26,3261,0,0,8,431.79941888,116.80804864,4,1.0,0.13248944282531738,Background
TACAAGCGCCATCGGA-1,1,75,75,3262,0,0,7,1089.03236608,1866.52655616,0,0.0,1.0,Rank+
TACAAGCGCCTCTACA-1,1,52,80,3263,0,0,5,1162.52534784,1317.76894976,2,0.0,1.8826689540674124e-07,Rank-
TACAAGCGGAAGTACG-1,1,21,69,3264,0,0,2,1018.09174528,575.85767424,3,0.0,1.6881496094356407e-06,Rank-
TACAAGGTTATGCGGT-1,1,47,119,3265,0,0,7,1699.04663552,1203.06284544,3,0.0,6.528595122290426e-07,Rank-
TACAAGTCCACGGTGA-1,1,9,115,3266,0,0,0,1652.12823552,294.79769088,4,0.0,0.0028381245210766792,Rank-
TACAAGTCGAATGCAA-1,1,10,82,3267,0,0,1,1198.8589568,314.69109248,0,0.0,1.0,Rank+
TACAAGTGGTCTGAGG-1,1,9,101,3268,0,0,6,1459.95046912,293.1461632,2,0.0,0.0025277473032474518,Rank-
TACAAGTGTCTGTCCG-1,1,15,65,3269,0,0,3,964.41709568,432.09969664,0,0.0,0.9999960660934448,Rank+
TACAAGTTATACGCTG-1,1,73,47,3270,0,0,7,705.0521804800001,1815.40426752,3,1.0,0.7845969200134277,Background
TACACCAGTGCCGACA-1,1,35,3,3271,0,0,12,109.07589632,902.3346688,0,1.0,0.6077638268470764,Background
TACACCTCGTACTCCA-1,1,52,30,3272,0,0,7,476.09038848,1311.68832512,3,0.0,7.508892849727999e-07,Rank-
TACACCTTGCGGCAGG-1,1,40,112,3273,0,0,4,1604.38407168,1034.98236928,2,1.0,0.05110295116901398,Background
TACACGAACAGCTACT-1,1,77,59,3274,0,0,1,869.00383744,1912.393984,0,0.0,1.0,Rank+
TACACTCAGTAGAATG-1,1,9,45,3275,0,0,5,691.16433408,286.31484416,2,0.0,3.1873046424379936e-08,Rank-
TACACTGAATAGCAGA-1,1,18,112,3276,0,0,5,1609.03837696,509.42121984,2,0.0,1.5397084648927084e-11,Rank-
TACACTGCAGGTTAGA-1,1,40,86,3277,0,0,0,1247.42888448,1031.8294528000001,1,0.0,3.0829548767589264e-23,Rank-
TACACTGTAGTCAACG-1,1,68,44,3278,0,0,3,664.96509952,1695.59344128,3,0.0,1.0,Rank+
TACACTGTCGAACCAA-1,1,26,50,3279,0,0,9,756.17446912,693.04107008,3,0.0,1.0,Rank+
TACACTTAGTCGTGGT-1,1,5,79,3280,0,0,5,1158.7718758400001,194.88026624,2,0.0,2.4453783588991237e-14,Rank-
TACACTTCGAGGTGAC-1,1,17,81,3281,0,0,7,1183.69492992,481.79566592000003,5,0.0,1.0,Rank+
TACACTTCGCACCGAT-1,1,41,13,3282,0,0,11,245.02665216,1046.8433408,3,0.0,1.0,Rank+
TACAGCCTCGCATTGC-1,1,4,2,3283,0,0,8,101.86923008000001,161.62450432,4,1.0,0.04402095824480057,Background
TACAGTACTTAGTGTA-1,1,54,14,3284,0,0,2,256.06185984,1357.48068352,5,0.0,1.0,Rank+
TACAGTCTCGGCACGG-1,1,32,6,3285,0,0,12,150.88957440000001,831.0187008,0,1.0,0.8388456106185913,Background
TACATAGCAGACCAAG-1,1,9,47,3286,0,0,5,718.56467968,286.54005248,2,1.0,0.9885208606719971,Background
TACATATGCACCAGTG-1,1,19,49,3287,0,0,3,743.9381504,525.71128832,0,0.0,1.0,Rank+
TACATCGGACAACTGG-1,1,30,8,3288,0,0,9,178.74033664,783.49974528,0,0.0,1.0,Rank+
TACATCGTCAGCGGTT-1,1,21,77,3289,0,0,10,1127.918336,576.83357696,5,0.0,1.0,Rank+
TACATCTAACATGTCC-1,1,20,8,3290,0,0,0,180.84228096,544.6287872,1,0.0,4.869572975020578e-18,Rank-
TACATTGAATACGATC-1,1,10,34,3291,0,0,0,539.89941248,308.83567616,1,0.0,2.8938859640317333e-28,Rank-
TACATTGAATGAACGT-1,1,52,112,3292,0,0,2,1601.83171072,1321.5974912,3,0.0,0.9968557357788086,Rank+
TACATTGACTGAGTCC-1,1,71,49,3293,0,0,1,732.97801216,1767.81024256,0,0.0,0.9999995231628418,Rank+
TACCACAGGCCATTGC-1,1,57,117,3294,0,0,2,1669.46927616,1441.7085952,3,0.0,1.5231162997508818e-09,Rank-
TACCAGACAACCTCAG-1,1,20,88,3295,0,0,3,1279.10818816,554.31274496,5,0.0,1.0,Rank+
TACCATGGCGCCTTGT-1,1,71,119,3296,0,0,3,1693.9419136000001,1776.36815872,0,0.0,1.0,Rank+
TACCATTGGTCTCCAA-1,1,9,93,3297,0,0,4,1350.1238784,292.17026048,0,0.0,0.9975913763046265,Rank+
TACCATTGTCCGCCTT-1,1,7,29,3298,0,0,0,471.88649984,236.61887488,1,0.0,3.733835174414645e-23,Rank-
TACCTCAGCGGTTGAT-1,1,6,34,3299,0,0,0,540.7251763200001,213.34734848,1,0.0,3.0239113160955386e-32,Rank-
TACCTCAGGCAACAGA-1,1,25,29,3300,0,0,11,468.13302784,666.6166272,0,1.0,0.9814297556877136,Background
TACCTGCGGTTGTCCT-1,1,25,31,3301,0,0,11,495.53337344,666.84183552,0,0.0,1.0,Rank+
TACCTGTTCGGTAACT-1,1,64,124,3302,0,0,1,1764.0567705600001,1609.71400192,0,0.0,1.0,Rank+
TACGACCGAGCGCAAC-1,1,17,3,3303,0,0,0,112.82936832,472.33691648,4,0.0,1.9430375086670892e-09,Rank-
TACGACGCGATTCAAG-1,1,37,51,3304,0,0,4,767.585024,955.93424896,0,0.0,0.9999997615814209,Rank+
TACGACGTCTCATATT-1,1,49,29,3305,0,0,2,463.02830592,1239.92194048,3,1.0,0.0246843583881855,Background
TACGACTAGCCTTACC-1,1,72,126,3306,0,0,10,1789.88065792,1801.06600448,0,0.0,1.0,Rank+
TACGACTCTGAACACT-1,1,58,88,3307,0,0,3,1271.1508275200001,1462.05241344,0,0.0,1.0,Rank+
TACGACTGATAATCGC-1,1,5,13,3308,0,0,8,252.68373504000002,186.84783616,4,0.0,0.0030429954640567303,Rank-
TACGAGATTGGTCTGT-1,1,21,87,3309,0,0,10,1265.22034176,578.034688,5,0.0,1.0,Rank+
TACGCCAGCACCGGAA-1,1,76,124,3310,0,0,1,1761.5044096,1896.40419328,0,0.0,1.0,Rank+
TACGCCGGAGTTCTGA-1,1,50,90,3311,0,0,4,1300.27777024,1271.1508275200001,2,0.0,0.0007455954328179359,Rank-
TACGCCTTGCCGTGTT-1,1,17,85,3312,0,0,7,1238.57069056,482.24608256,3,0.0,1.0,Rank+
TACGCTCCGGTTGGTA-1,1,23,31,3313,0,0,11,495.98379008,619.02260224,2,0.0,1.2054961189278401e-05,Rank-
TACGCTTCCGCAAGCT-1,1,55,115,3314,0,0,2,1642.44427776,1393.6641536,3,0.0,1.0229297149052597e-15,Rank-
TACGGAACAGACGCGG-1,1,17,49,3315,0,0,1,744.38856704,477.89205504,0,0.0,1.0,Rank+
TACGGAATACTCGTTC-1,1,48,50,3316,0,0,0,751.52016384,1218.52715008,1,0.0,7.997000118309296e-24,Rank-
TACGGAATTGAACCAA-1,1,28,20,3317,0,0,9,343.89310464,737.1819008,3,1.0,0.6099858283996582,Background
TACGGACACCTCCATA-1,1,4,122,3318,0,0,13,1749.26809088,176.26304512000002,1,0.0,2.0454230777456485e-34,Rank-
TACGGAGGAAGCACCT-1,1,31,15,3319,0,0,9,274.60401152000003,808.19759104,5,0.0,1.0,Rank+
TACGGAGTCAACGAAG-1,1,20,106,3320,0,0,4,1526.23678464,556.48975872,0,0.0,0.9964642524719238,Rank+
TACGGATCAGCCATCC-1,1,30,54,3321,0,0,7,810.2244659200001,789.05488384,3,0.0,0.00020711503748316318,Rank-
TACGGATCCTTGCGAT-1,1,62,50,3322,0,0,6,748.5924556800001,1552.96150528,2,0.0,0.0004081936785951257,Rank-
TACGGATCTTGCGATG-1,1,72,86,3323,0,0,2,1240.67263488,1796.26156032,5,0.0,0.9999995231628418,Rank+
TACGGCCTTGTAGGAG-1,1,20,28,3324,0,0,6,455.44629248,547.03100928,2,0.0,1.2577150519332002e-17,Rank-
TACGGTAGTTGCGTGA-1,1,51,101,3325,0,0,3,1451.0922752000001,1296.37415936,0,0.0,1.0,Rank+
TACGGTTAATGTACTA-1,1,52,92,3326,0,0,1,1327.30276864,1319.19526912,0,0.0,1.0,Rank+
TACGTAATCTAGTAAG-1,1,50,2,3327,0,0,3,92.11020288,1260.49096704,0,0.0,1.0,Rank+
TACGTATCCTATCACG-1,1,21,109,3328,0,0,4,1567.22469888,580.73718784,2,1.0,0.004699665121734142,Background
TACGTATCGAGGTTGT-1,1,24,92,3329,0,0,1,1333.2332544,650.32655872,0,0.0,1.0,Rank+
TACGTGACGGATCCAC-1,1,21,121,3330,0,0,0,1732.00211968,582.1635072,1,0.0,1.8821046381307265e-27,Rank-
TACGTGATGGTAGGAT-1,1,6,88,3331,0,0,4,1282.11096576,219.87838976,2,0.0,1.3879457583243493e-07,Rank-
TACGTGGAGGCATGGC-1,1,63,43,3332,0,0,3,652.27836416,1576.00782336,0,0.0,1.0,Rank+
TACGTGGCATCATATG-1,1,70,50,3333,0,0,1,746.86585856,1744.08829952,0,1.0,0.9917641282081604,Background
TACGTGTTGCCACTGA-1,1,12,124,3334,0,0,0,1775.0919782400001,367.53997824,4,1.0,0.024252433329820633,Background
TACGTTACTGGTAGCG-1,1,12,84,3335,0,0,3,1225.8839552,362.73553408,0,0.0,1.0,Rank+
TACTAAGGAACATCAA-1,1,60,122,3336,0,0,3,1737.4821888000001,1513.92539648,0,0.0,1.0,Rank+
TACTAGGATCAATGGC-1,1,59,71,3337,0,0,6,1037.53473024,1483.8976204800001,2,0.0,8.480312264046164e-14,Rank-
TACTAGTACACCTAAG-1,1,29,119,3338,0,0,0,1702.80010752,773.06509312,4,0.0,1.744425890971748e-18,Rank-
TACTAGTACCGGATGG-1,1,24,94,3339,0,0,1,1360.6336000000001,650.55176704,0,0.0,1.0,Rank+
TACTATGTTGAATCTT-1,1,18,80,3340,0,0,10,1169.73201408,505.5926784,5,0.0,1.0,Rank+
TACTCACTACTCACTC-1,1,9,15,3341,0,0,8,279.2583168,282.71151104,4,0.0,9.462894591536413e-17,Rank-
TACTCCGAAGTAGAAT-1,1,39,47,3342,0,0,4,712.2588467200001,1003.22799616,0,0.0,0.9999983310699463,Rank+
TACTCCTACATCAACT-1,1,27,65,3343,0,0,3,961.93980416,718.71481856,3,1.0,0.4015398621559143,Background
TACTCCTGAAGGATTA-1,1,13,19,3344,0,0,8,333.38338304,378.7253248,1,0.0,2.510051696114242e-15,Rank-
TAGAACATGATTAACA-1,1,77,75,3345,0,0,1,1088.6570188800001,1914.34578944,0,0.0,1.0,Rank+
TAGAACGATTGCCTCC-1,1,3,115,3346,0,0,13,1653.404416,151.49012992000002,1,0.0,4.304539830626497e-24,Rank-
TAGAATTCAACGTGGC-1,1,61,41,3347,0,0,3,625.2533657600001,1527.96338176,0,0.0,1.0,Rank+
TAGACAATACTGGAAG-1,1,4,38,3348,0,0,0,596.12642304,166.05360128,4,0.0,2.724006963652525e-26,Rank-
TAGACACCGGCGTCAA-1,1,18,4,3349,0,0,0,126.34186752000001,496.35913728,5,1.0,0.9000272750854492,Background
TAGACAGGAGATCATT-1,1,41,109,3350,0,0,4,1563.02081024,1058.479104,2,0.0,0.00017922301776707172,Rank-
TAGACAGTTCAGATTA-1,1,13,39,3351,0,0,5,607.91232512,381.12754688,2,0.0,5.046983339064559e-13,Rank-
TAGACATACGTCTAAT-1,1,36,88,3352,0,0,0,1275.73006336,936.491264,1,0.0,3.7314242477189896e-33,Rank-
TAGACATGGTTAGGTC-1,1,15,47,3353,0,0,4,717.36356864,429.92268288,0,0.0,1.0,Rank+
TAGACATTGACTTGCA-1,1,71,89,3354,0,0,2,1282.11096576,1772.6897561600001,5,0.0,1.0,Rank+
TAGACCAGGATATCGG-1,1,61,83,3355,0,0,3,1201.8617344,1533.06810368,0,0.0,1.0,Rank+
TAGACCAGGTACGATC-1,1,75,67,3356,0,0,1,979.20577536,1865.5506534400001,0,0.0,0.9992228746414185,Rank+
TAGACCATCGATTGAG-1,1,47,15,3357,0,0,2,271.22588672,1190.37611008,3,0.0,2.599939762149006e-06,Rank-
TAGACCATTGCTTAGA-1,1,59,39,3358,0,0,3,598.22836736,1479.9940096,0,0.0,1.0,Rank+
TAGACCGAAGCAGAGC-1,1,13,63,3359,0,0,1,937.39209728,384.05525504,0,0.0,1.0,Rank+
TAGACCGCGGAAGGAC-1,1,37,43,3360,0,0,3,657.75843328,954.95834624,0,0.0,1.0,Rank+
TAGACCGGCCAGTACG-1,1,25,65,3361,0,0,2,962.31515136,670.97065472,3,0.0,6.32069596662177e-09,Rank-
TAGACCTGAGGAGCTG-1,1,27,39,3362,0,0,9,604.98461696,715.56190208,3,0.0,0.9978289008140564,Rank+
TAGACTAATATGGCGA-1,1,26,126,3363,0,0,0,1799.56461568,702.2746112,4,0.0,0.9979552030563354,Rank+
TAGAGCAGACAGTCCA-1,1,14,26,3364,0,0,0,429.24705792000003,403.42317056,1,0.0,9.59801698528456e-34,Rank-
TAGAGGCGATTGATTC-1,1,43,65,3365,0,0,0,958.56167936,1100.96840704,1,0.0,9.62239561043389e-19,Rank-
TAGATGAGGACGCTTA-1,1,12,98,3366,0,0,1,1418.13679104,364.38706176,0,0.0,1.0,Rank+
TAGATGCGTGCCAGCG-1,1,43,33,3367,0,0,11,519.18024704,1097.06479616,0,0.0,1.0,Rank+
TAGATGCGTGGTTGAA-1,1,1,1,3368,0,0,8,88.73207808000001,89.85811968,4,0.0,8.769614149690393e-27,Rank-
TAGATGGCTGTATGCC-1,1,30,44,3369,0,0,2,672.9975296,787.8537728,3,1.0,0.02014065533876419,Background
TAGATGGTTCCTGATG-1,1,14,122,3370,0,0,0,1747.16614656,415.1340032,4,0.0,6.2453612765147e-18,Rank-
TAGATGTCACGGTCGA-1,1,8,126,3371,0,0,10,1803.39315712,272.27685888,1,0.0,1.0,Rank+
TAGATGTCGAGGCCAG-1,1,64,72,3372,0,0,1,1050.2214656,1603.40816896,0,0.0,1.0,Rank+
TAGCAATACTCGAACA-1,1,5,19,3373,0,0,8,335.03491072,187.59853056,4,1.0,0.06997418403625488,Background
TAGCAATTATGGACCG-1,1,66,70,3374,0,0,1,1022.29563392,1650.92712448,0,0.0,1.0,Rank+
TAGCAGTCGTCATGAA-1,1,27,7,3375,0,0,9,165.67825408000002,711.6582912,0,0.0,1.0,Rank+
TAGCAGTGATTCTGTC-1,1,42,20,3376,0,0,2,340.96539648,1071.616256,3,0.0,2.446030748615158e-06,Rank-
TAGCCGCAATACCTGC-1,1,11,41,3377,0,0,5,635.76308736,333.60859136,2,0.0,7.514779021278173e-09,Rank-
TAGCCGCTGTGGCTGG-1,1,16,108,3378,0,0,4,1554.53796352,461.15156992,2,0.0,2.810202022374142e-05,Rank-
TAGCCGTAGCCAGGTG-1,1,43,125,3379,0,0,10,1782.22357504,1108.25014272,0,0.0,0.0004152344190515578,Rank-
TAGCGGACCACTGTTA-1,1,26,112,3380,0,0,5,1607.38684928,700.54801408,2,0.0,1.1268239674677716e-09,Rank-
TAGCGTACCTTGACAT-1,1,52,40,3381,0,0,1,613.39239424,1312.88943616,0,0.0,1.0,Rank+
TAGCGTACGGAGCGCC-1,1,7,73,3382,0,0,1,1075.97028352,241.94880512,0,0.0,1.0,Rank+
TAGCGTATAGCGCTAA-1,1,47,69,3383,0,0,6,1012.61167616,1196.9822208,2,0.0,0.9994671940803528,Rank+
TAGCGTCACGACAGGC-1,1,39,109,3384,0,0,5,1563.39615744,1010.7349401600001,2,0.0,0.00017551011114846915,Rank-
TAGCGTCTCAAGGTGG-1,1,12,100,3385,0,0,4,1445.61220608,364.68733952,2,0.0,1.3429681757770595e-06,Rank-
TAGCGTCTCGGTCTAT-1,1,7,69,3386,0,0,1,1021.01945344,241.42331904,0,0.0,1.0,Rank+
TAGCGTGGCGCAAGCC-1,1,6,124,3387,0,0,0,1776.29308928,224.23241728,4,0.0,1.9852993773383787e-06,Rank-
TAGCGTGGTATTGTGC-1,1,75,87,3388,0,0,2,1253.80978688,1868.02794496,3,0.0,0.0007592356414534152,Rank-
TAGCGTTATGACCTCC-1,1,12,30,3389,0,0,0,484.5732352,356.12942336000003,1,0.0,2.957905782022995e-20,Rank-
TAGCTACCATACTGCT-1,1,54,72,3390,0,0,5,1052.32340992,1364.53721088,2,0.0,1.9634151158243185e-06,Rank-
TAGCTACCTGTAGGAT-1,1,12,66,3391,0,0,3,978.83042816,360.55852032,0,0.0,1.0,Rank+
TAGCTAGAAGCGATCA-1,1,26,94,3392,0,0,1,1360.2582528,698.37100032,0,0.0,1.0,Rank+
TAGCTAGACACTGGTT-1,1,4,82,3393,0,0,6,1200.13513728,171.38353152,2,0.0,7.781044905619261e-12,Rank-
TAGCTAGAGCACGCCG-1,1,49,101,3394,0,0,3,1451.4676224,1248.62999552,0,0.0,1.0,Rank+
TAGCTATGTTGAGCAC-1,1,25,17,3395,0,0,11,303.35560704,665.1152384000001,0,0.0,1.0,Rank+
TAGCTCGAATCGTCCG-1,1,49,77,3396,0,0,5,1121.98785024,1245.7022873600001,2,0.0,2.641479525201926e-17,Rank-
TAGCTTAACTAGGTTC-1,1,4,118,3397,0,0,13,1694.39233024,175.73755904,1,0.0,1.8415679265877364e-25,Rank-
TAGCTTAAGCTGGCGT-1,1,32,72,3398,0,0,4,1056.9777152,839.05113088,0,0.0,1.0,Rank+
TAGGACATCAGCATGG-1,1,45,43,3399,0,0,4,656.1069056,1146.01007104,2,0.0,5.376076320229295e-12,Rank-
TAGGACCAATTGCCAA-1,1,13,125,3400,0,0,0,1788.60447744,391.56219904,4,0.0,3.1049247374570488e-12,Rank-
TAGGACGGCCAGCCGA-1,1,53,39,3401,0,0,1,599.50454784,1336.68644864,0,0.0,1.0,Rank+
TAGGACTTCATGTTAT-1,1,63,47,3402,0,0,1,707.1541248,1576.53330944,2,0.0,0.9989318251609802,Rank+
TAGGAGGCGTATTGCC-1,1,61,99,3403,0,0,2,1421.51491584,1535.01990912,3,0.0,8.997193799586967e-05,Rank-
TAGGATGCACCGTTCA-1,1,43,73,3404,0,0,0,1068.38827008,1101.86924032,1,0.0,3.5810802276137385e-24,Rank-
TAGGCAGGCGGACGCC-1,1,67,89,3405,0,0,2,1282.9367296,1677.1263590400001,3,1.0,0.9950457811355591,Background
TAGGCAGTGCGTAGAC-1,1,46,126,3406,0,0,10,1795.36072704,1180.01652736,0,0.0,1.0,Rank+
TAGGCATAAGTGAGGC-1,1,59,1,3407,0,0,2,76.49575936000001,1475.33970432,5,0.0,0.0003019785217475146,Rank-
TAGGCATCGGAGCCTC-1,1,11,59,3408,0,0,1,882.89168384,335.78560512,0,0.0,1.0,Rank+
TAGGCATCTGCGGACC-1,1,28,58,3409,0,0,7,865.62571264,741.76113664,3,1.0,0.6991223096847534,Background
TAGGCGAGCGATCGGT-1,1,21,55,3410,0,0,3,825.9139788800001,574.20614656,0,0.0,1.0,Rank+
TAGGCGCATATCTAAC-1,1,25,35,3411,0,0,11,550.48420352,667.29225216,0,0.0,0.9999998807907104,Rank+
TAGGCTCCGGCATACA-1,1,15,29,3412,0,0,0,470.23497216,427.67059968,1,0.0,8.622739024535808e-13,Rank-
TAGGCTTATCTAGCTC-1,1,64,70,3413,0,0,4,1022.7460505600001,1603.18296064,2,1.0,0.028598519042134285,Background
TAGGTCCGTAGCCTAT-1,1,56,120,3414,0,0,7,1710.8325376,1418.13679104,3,0.0,0.001609079190529883,Rank-
TAGGTCGCCGCAACTC-1,1,74,126,3415,0,0,4,1789.43024128,1848.88523776,0,0.0,1.0,Rank+
TAGGTCTACTCGTGAA-1,1,20,90,3416,0,0,10,1306.5836032,554.53795328,5,1.0,0.6556405425071716,Background
TAGGTCTGCCTCTGTA-1,1,12,46,3417,0,0,4,704.22641664,358.0812288,2,1.0,0.9080223441123962,Background
TAGGTCTTGGCTCGTC-1,1,36,74,3418,0,0,12,1083.55229696,934.83973632,0,0.0,0.9999991655349731,Rank+
TAGTAAGCGGTGGATA-1,1,64,78,3419,0,0,1,1132.57264128,1604.15886336,0,0.0,1.0,Rank+
TAGTATAACCTCGACA-1,1,31,111,3420,0,0,0,1592.5981696000001,819.8333542400001,4,0.0,3.1844635262068266e-10,Rank-
TAGTATCCAATTACGT-1,1,23,77,3421,0,0,10,1127.46791936,624.65281024,5,0.0,1.0,Rank+
TAGTATTGCCGAGTTG-1,1,28,6,3422,0,0,9,151.71533824,735.45530368,0,1.0,0.012761062011122704,Background
TAGTCACTGGATAGGC-1,1,61,75,3423,0,0,1,1092.03514368,1532.0922009600001,2,1.0,0.3586255609989166,Background
TAGTGAACATGCAGAT-1,1,29,15,3424,0,0,9,275.05442816,760.4534272,3,1.0,0.008806937374174595,Background
TAGTGAATGTTCAGTG-1,1,37,39,3425,0,0,3,602.88267264,954.43286016,0,0.0,0.9999674558639526,Rank+
TAGTGACCAGTTGCGG-1,1,4,36,3426,0,0,0,568.651008,165.75332352,4,0.0,1.3002161239881498e-24,Rank-
TAGTGACCGTCGATTA-1,1,14,42,3427,0,0,5,648.90023936,405.374976,2,0.0,1.0,Rank+
TAGTGACTCAATTGCT-1,1,35,77,3428,0,0,6,1124.9906278400001,911.26793216,2,0.0,9.259291289254179e-08,Rank-
TAGTGAGGACATGTTG-1,1,31,73,3429,0,0,1,1070.8655616,815.2541184,0,0.0,1.0,Rank+
TAGTGAGGACGCGAAT-1,1,61,113,3430,0,0,2,1613.69268224,1536.74650624,5,0.0,1.0,Rank+
TAGTGAGGTATCGACC-1,1,18,32,3431,0,0,5,510.77246976000004,499.73726208,2,0.0,4.163784426082157e-18,Rank-
TAGTGAGGTGCCATCA-1,1,70,114,3432,0,0,2,1625.55365376,1751.82045184,3,1.0,0.9542310833930969,Background
TAGTGATGACTCCTGG-1,1,30,74,3433,0,0,4,1084.82847744,791.45710592,0,0.0,1.0,Rank+
TAGTGCACATAGTCTG-1,1,10,28,3434,0,0,0,457.5482368,308.1600512,1,0.0,1.887227313090989e-06,Rank-
TAGTGCACTATTGTCA-1,1,32,86,3435,0,0,5,1249.1554816,840.70265856,2,0.0,4.2238958858353826e-11,Rank-
TAGTGCACTTGTACCG-1,1,1,31,3436,0,0,0,500.63809536,93.53652224,4,0.0,2.7490331788726508e-08,Rank-
TAGTGCAGCTGGCGTC-1,1,8,42,3437,0,0,5,650.17641984,262.06741504,2,0.0,3.2043622312863396e-14,Rank-
TAGTGCAGTGCGGTAG-1,1,42,40,3438,0,0,1,615.49433856,1074.01847808,0,0.0,1.0,Rank+
TAGTGCGTGGAGAAGT-1,1,6,46,3439,0,0,6,705.50259712,214.77366784,2,0.0,0.0001118323125410825,Rank-
TAGTGCTGTAGCGTTG-1,1,21,5,3440,0,0,0,139.47901952,568.12552192,1,1.0,0.33151954412460327,Background
TAGTGGTTGAACCAAT-1,1,45,107,3441,0,0,1,1534.71963136,1153.8172928,0,0.0,1.0,Rank+
TAGTTACATAGAAGAT-1,1,14,18,3442,0,0,8,319.4204672,402.44726784,4,0.0,2.314143885198683e-13,Rank-
TAGTTCAATCGACCTC-1,1,37,15,3443,0,0,11,273.32783104,951.5051520000001,3,0.0,4.7998476304655924e-08,Rank-
TAGTTCACAGGCAATG-1,1,0,126,3444,0,0,0,1805.0446848000001,81.15006464,1,0.0,7.7664659642665e-13,Rank-
TAGTTCCGATAGAATC-1,1,41,39,3445,0,0,1,601.98183936,1049.99625728,0,0.0,1.0,Rank+
TAGTTCGAAGACATGC-1,1,9,125,3446,0,0,0,1789.43024128,295.99880192,4,0.0,0.9999892711639404,Rank+
TAGTTCGAGTAGGAAG-1,1,44,46,3447,0,0,5,697.47016704,1122.51333632,2,0.0,3.1592371947664066e-13,Rank-
TAGTTCGATCCTCACG-1,1,65,47,3448,0,0,1,706.7787776,1624.27747328,0,0.0,1.0,Rank+
TAGTTCGTTGCTAATT-1,1,11,85,3449,0,0,1,1239.84687104,338.9385216,0,0.0,1.0,Rank+
TAGTTCTGTCTGATAG-1,1,1,109,3450,0,0,13,1571.42858752,102.99527168,1,0.0,2.9164569130311114e-38,Rank-
TAGTTGAGCCAGCCAG-1,1,51,113,3451,0,0,2,1615.79462656,1297.87554816,3,0.0,5.808610925583935e-09,Rank-
TAGTTGAGTTCTGCAC-1,1,63,63,3452,0,0,0,926.80730624,1578.41004544,1,0.0,6.351903378276624e-12,Rank-
TAGTTGGCTTAGGCCT-1,1,43,109,3453,0,0,1,1562.5703936,1106.29833728,0,0.0,1.0,Rank+
TATCAACGAATATGAG-1,1,33,103,3454,0,0,0,1482.32116224,866.6766848,1,0.0,8.879453015455612e-35,Rank-
TATCAAGGCCGCGTGG-1,1,41,97,3455,0,0,5,1398.24338944,1057.05278464,2,0.0,2.2375770640792325e-06,Rank-
TATCAATCGCCGAGTG-1,1,52,2,3456,0,0,2,91.73485568,1308.23513088,3,0.0,1.5826230950755082e-11,Rank-
TATCAATGCCGCTCAC-1,1,25,95,3457,0,0,4,1374.22116864,674.57398784,0,0.0,1.0,Rank+
TATCACATAGCGAACT-1,1,52,88,3458,0,0,4,1272.35193856,1318.74485248,0,0.0,1.0,Rank+
TATCACTTCGAGCCGT-1,1,39,91,3459,0,0,0,1316.3426304,1008.5579264,1,0.0,7.379521993478022e-11,Rank-
TATCATGGATGTTGCC-1,1,23,35,3460,0,0,1,550.85955072,619.54808832,2,0.0,1.0,Rank+
TATCCAAGCGCCGTAG-1,1,51,89,3461,0,0,4,1286.3148544,1294.94784,0,0.0,1.0,Rank+
TATCCAATACCGCAAT-1,1,60,94,3462,0,0,7,1353.05158656,1510.54727168,3,1.0,0.22621293365955353,Background
TATCCACTTGCGTATC-1,1,38,68,3463,0,0,0,1000.75070464,981.83320576,1,0.0,6.133769094432522e-28,Rank-
TATCCGACGTCTAGAT-1,1,48,120,3464,0,0,7,1712.55913472,1227.0099968,3,0.0,0.0035045405384153128,Rank-
TATCCGATCTTGGCGG-1,1,10,46,3465,0,0,5,704.67683328,310.33706496,2,1.0,0.5437926054000854,Background
TATCCGGAATGAGCGG-1,1,0,22,3466,0,0,8,377.29900544000003,68.53839872,4,0.0,8.291002018268046e-07,Rank-
TATCCGTAAGCCAGCG-1,1,75,59,3467,0,0,1,869.3791846400001,1864.57475072,0,0.0,1.0,Rank+
TATCCTGCGGTTGATC-1,1,20,60,3468,0,0,3,894.7526553600001,550.93462016,3,0.0,0.9999943971633911,Rank+
TATCCTGGCCGGCATA-1,1,59,5,3469,0,0,2,131.44658944,1475.8651904,5,0.0,0.9999998807907104,Rank+
TATCCTTACCACGACT-1,1,2,16,3470,0,0,8,294.49741312000003,115.6069376,4,0.0,0.9999359846115112,Rank+
TATCTAATCACCTCGG-1,1,28,116,3471,0,0,0,1661.88726272,748.817664,1,0.0,3.4894899266435056e-23,Rank-
TATCTAATGCATTACA-1,1,0,124,3472,0,0,13,1777.56926976,80.92485632,1,0.0,2.1673145345139703e-19,Rank-
TATCTAGGAGTGGACA-1,1,26,116,3473,0,0,0,1662.26260992,700.99843072,1,0.0,1.5730991671649684e-17,Rank-
TATCTAGTCGCATGCA-1,1,20,52,3474,0,0,3,784.92606464,549.95871744,0,0.0,0.9999418258666992,Rank+
TATCTAGTGAATGATC-1,1,47,113,3475,0,0,7,1616.6203904000001,1202.3121510400001,3,0.0,1.14637396109174e-06,Rank-
TATCTAGTGAGGTAGG-1,1,77,97,3476,0,0,2,1390.661376,1916.97321984,5,1.0,0.08359293639659882,Background
TATCTAGTGCCATATT-1,1,43,115,3477,0,0,3,1644.92156928,1106.97396224,0,0.0,1.0,Rank+
TATGAAGCGACCGTCC-1,1,19,89,3478,0,0,10,1293.071104,530.51573248,5,0.0,1.0,Rank+
TATGACAAGTGGAAGA-1,1,44,122,3479,0,0,3,1740.8603136,1131.74687744,0,0.0,0.9998142123222351,Rank+
TATGACAATGCTTGAA-1,1,37,67,3480,0,0,6,987.23820544,957.81098496,0,1.0,0.007372390478849411,Background
TATGACCGATGAAGTG-1,1,34,4,3481,0,0,12,122.96374272,878.53765632,0,0.0,1.0,Rank+
TATGACGCCTTCCGTG-1,1,16,122,3482,0,0,0,1746.79079936,462.87816704,4,0.0,1.9027533997191537e-13,Rank-
TATGACGCGTATGTCG-1,1,24,30,3483,0,0,11,482.02087424,642.81961472,2,0.0,0.9999946355819702,Rank+
TATGACGGAGATTGGC-1,1,28,90,3484,0,0,4,1304.9320755200001,745.66474752,0,0.0,1.0,Rank+
TATGACTCAATGATCG-1,1,10,22,3485,0,0,0,375.19706112,307.4093568,4,1.0,0.9054540395736694,Background
TATGAGCCGCAATCCG-1,1,69,127,3486,0,0,10,1804.21892096,1729.52482816,2,0.0,0.9997873902320862,Rank+
TATGAGCGATCCATTA-1,1,46,46,3487,0,0,5,697.0197504,1170.25750016,2,1.0,0.9201734066009521,Background
TATGAGGATCTACTGG-1,1,29,47,3488,0,0,2,714.36079104,764.2819686400001,3,0.0,0.0010851729894056916,Rank-
TATGAGTTCCGAGTGA-1,1,38,106,3489,0,0,5,1522.4833126400001,986.4875110400001,2,0.0,9.827056146605173e-07,Rank-
TATGCCACAGCCGGTG-1,1,69,71,3490,0,0,1,1035.43278592,1722.76857856,0,0.0,1.0,Rank+
TATGCGTACCTGAGTC-1,1,71,83,3491,0,0,2,1199.7597900800001,1771.93906176,3,0.0,0.00132184533867985,Rank-
TATGCTCCTGGTTAGT-1,1,12,64,3492,0,0,1,951.35501312,360.25824256,0,0.0,1.0,Rank+
TATGGAGTTCTACGGC-1,1,10,32,3493,0,0,0,512.42399744,308.61046784,1,0.0,2.531585993276434e-27,Rank-
TATGGATATGGTGCGA-1,1,68,76,3494,0,0,3,1104.2714624,1699.49705216,0,0.0,1.0,Rank+
TATGGCAGTTCGTCTA-1,1,57,81,3495,0,0,1,1175.2120832,1437.27949824,0,0.0,1.0,Rank+
TATGGCCATAATAGAC-1,1,55,69,3496,0,0,6,1010.88507904,1388.0339456,1,0.0,2.0758285655607585e-18,Rank-
TATGGCCGGCGACACT-1,1,49,51,3497,0,0,0,765.03266304,1242.54937088,1,0.0,2.6604804879931427e-25,Rank-
TATGGCCTCACGTACA-1,1,50,16,3498,0,0,2,284.36303872,1262.21756416,3,0.0,2.417088751371921e-09,Rank-
TATGTAGAGCTGATCA-1,1,61,65,3499,0,0,0,954.73313792,1530.89108992,1,0.0,6.264250186280296e-13,Rank-
TATGTCATAAGCGTCG-1,1,58,84,3500,0,0,1,1216.19999744,1461.52692736,0,0.0,1.0,Rank+
TATGTCGAGGTTGAAG-1,1,30,86,3501,0,0,4,1249.60589824,792.95849472,0,0.0,1.0,Rank+
TATGTCTAAGACGCAA-1,1,73,49,3502,0,0,3,732.52759552,1815.62947584,0,0.0,0.9999998807907104,Rank+
TATGTTAGGCCGAACC-1,1,12,96,3503,0,0,1,1390.661376,364.16185344,0,0.0,1.0,Rank+
TATGTTGCAGTCTAGG-1,1,59,55,3504,0,0,0,817.8815488,1481.94581504,1,0.0,4.950755640166472e-16,Rank-
TATGTTGGCGAGAACA-1,1,37,123,3505,0,0,5,1756.02434048,964.642304,2,0.0,0.9997482895851135,Rank+
TATGTTGGTAGGTCGT-1,1,52,96,3506,0,0,1,1382.17852928,1319.7207552,0,0.0,1.0,Rank+
TATGTTGGTCCAGTGA-1,1,49,49,3507,0,0,0,737.6323174400001,1242.32416256,1,0.0,1.418863731892821e-17,Rank-
TATTAAGCAGCGCCGG-1,1,65,55,3508,0,0,6,816.60536832,1625.2533760000001,2,0.0,2.476712390730995e-09,Rank-
TATTAATAGAATGGCA-1,1,54,4,3509,0,0,2,118.75985408,1356.27957248,5,0.0,1.0,Rank+
TATTCCGGTTGTTAAT-1,1,59,35,3510,0,0,3,543.27753728,1479.46852352,0,0.0,0.9999521970748901,Rank+
TATTCGACAACCGTGA-1,1,49,105,3511,0,0,3,1506.41845248,1249.08041216,0,0.0,1.0,Rank+
TATTCGACATTACTAT-1,1,54,104,3512,0,0,7,1491.6297728,1368.44082176,3,0.0,2.292386369617816e-08,Rank-
TATTCGGTGGAGATTC-1,1,58,68,3513,0,0,6,996.546816,1459.5751219200001,1,0.0,2.191079460585832e-28,Rank-
TATTCGTCTGCGGTGG-1,1,3,7,3514,0,0,8,170.70790656,138.35297792,4,0.0,9.453277050042175e-10,Rank-
TATTCGTGCGTTCTGG-1,1,29,3,3515,0,0,12,110.27700736,758.9520384,0,0.0,0.9998983144760132,Rank+
TATTCGTTAACAGGCA-1,1,17,7,3516,0,0,0,167.7801984,472.78733312,4,0.0,0.9999995231628418,Rank+
TATTCGTTAATGCTCC-1,1,15,35,3517,0,0,6,552.58614784,428.42129408,2,0.0,8.905276755055024e-18,Rank-
TATTCGTTATCGCCTG-1,1,63,67,3518,0,0,6,981.7581363200001,1578.93553152,2,0.0,2.559613281385124e-25,Rank-
TATTCTAAGGCTCATC-1,1,58,62,3519,0,0,0,914.19564032,1458.89949696,1,0.0,2.1666470824777012e-17,Rank-
TATTCTAGAATCGGAC-1,1,54,106,3520,0,0,7,1519.10518784,1368.66603008,3,0.0,0.0009998793248087168,Rank-
TATTCTCAGCGGCTGG-1,1,54,70,3521,0,0,6,1024.84799488,1364.31200256,1,0.0,1.2886376574948136e-23,Rank-
TATTCTCCTATGATGG-1,1,53,47,3522,0,0,6,709.33113856,1337.5872819200001,2,1.0,0.011866873130202293,Background
TATTCTCGTGCTTGGC-1,1,39,123,3523,0,0,4,1755.64899328,1012.38646784,2,0.0,1.0,Rank+
TATTGAATCCGACTAA-1,1,30,52,3524,0,0,2,782.82412032,788.82967552,3,1.0,0.9615849852561951,Background
TATTGAATGAATGTGG-1,1,8,24,3525,0,0,0,403.04782336,259.89040128,4,0.0,2.6927260421416577e-09,Rank-
TATTGAATTAAGCGTT-1,1,76,82,3526,0,0,7,1184.9711104,1891.29947136,3,0.0,2.8099293558625504e-07,Rank-
TATTGAGCATGGACCG-1,1,51,125,3527,0,0,7,1780.57204736,1299.30186752,3,0.0,9.604680428765278e-08,Rank-
TATTGATCGTGATCTT-1,1,47,79,3528,0,0,5,1149.91368192,1198.18333184,2,0.0,1.389210382285455e-07,Rank-
TATTGATCTACTTCGG-1,1,68,60,3529,0,0,6,884.61828096,1697.54524672,2,0.0,1.076703071319074e-12,Rank-
TATTGTTAACCGAGAC-1,1,31,119,3530,0,0,0,1702.4247603200001,820.80925696,4,0.0,1.3320760050561375e-09,Rank-
TCAACAATGGAGGCCT-1,1,51,55,3531,0,0,0,819.53307648,1290.8190208,1,0.0,4.397379817476826e-18,Rank-
TCAACAGGACAGCAAC-1,1,14,32,3532,0,0,6,511.5982336,404.17386496,2,0.0,2.7924405163884457e-16,Rank-
TCAACAGGCCATGCCG-1,1,15,91,3533,0,0,3,1321.37228288,435.25261312000003,0,0.0,0.9999996423721313,Rank+
TCAACATGGATACAAC-1,1,64,52,3534,0,0,6,775.61745408,1601.00594688,2,0.0,1.9333654076021493e-14,Rank-
TCAACCGGAGACCTCG-1,1,44,28,3535,0,0,2,450.34157056,1120.33632256,3,1.0,0.667415976524353,Background
TCAAGGAACCTATTGC-1,1,24,18,3536,0,0,6,317.31852288,641.39329536,2,1.0,0.8772974610328674,Background
TCAAGGACGTTAGGAG-1,1,65,73,3537,0,0,1,1063.7339648,1627.43038976,0,0.0,1.0,Rank+
TCAAGGCAACGCGGCT-1,1,31,97,3538,0,0,6,1400.3453337600001,818.18182656,2,0.0,2.128199561024502e-10,Rank-
TCAAGGCCATAGCCTG-1,1,14,68,3539,0,0,3,1005.8554265600001,408.52789248,0,0.0,0.9999998807907104,Rank+
TCAAGGCGTCTACTCC-1,1,59,105,3540,0,0,2,1504.31650816,1488.02643968,3,0.0,0.9983406066894531,Rank+
TCAAGGTACACGAAGA-1,1,10,16,3541,0,0,8,292.770816,306.6586624,4,0.0,0.9999862909317017,Rank+
TCAAGGTATCAACTTA-1,1,46,60,3542,0,0,0,889.27258624,1171.98409728,1,0.0,9.360121998227416e-14,Rank-
TCAAGGTCTGAATATG-1,1,55,57,3543,0,0,0,846.18272768,1386.60762624,1,0.0,2.4134513409990177e-07,Rank-
TCAAGTGATGGTTAAT-1,1,64,62,3544,0,0,0,912.9194598400001,1602.2070579200001,1,0.0,6.237263385112959e-19,Rank-
TCAATATTCCGGTTAG-1,1,58,102,3545,0,0,2,1463.32859392,1463.70394112,3,0.0,2.713373532969854e-06,Rank-
TCAATATTCGACAAGA-1,1,4,18,3546,0,0,8,321.52241152,163.57630976000002,4,0.0,1.4700653888644055e-12,Rank-
TCAATTAATAGAACCT-1,1,52,100,3547,0,0,3,1437.12935936,1320.17117184,0,0.0,1.0,Rank+
TCAATTATACCAGAAC-1,1,0,116,3548,0,0,13,1667.74267904,79.9489536,1,0.0,3.3062376097126166e-40,Rank-
TCACAAGACTTAGCTT-1,1,49,119,3549,0,0,2,1698.59621888,1250.80700928,3,0.0,2.2747602201889094e-07,Rank-
TCACAAGATGACTCGA-1,1,48,98,3550,0,0,1,1410.47970816,1224.3825664,0,0.0,1.0,Rank+
TCACAAGCTCGAGGCA-1,1,35,61,3551,0,0,4,905.3374464,909.31612672,0,0.0,1.0,Rank+
TCACAAGGAGAACAAG-1,1,59,85,3552,0,0,3,1229.71249664,1485.54914816,0,0.0,1.0,Rank+
TCACAGCACCAAGGTT-1,1,21,35,3553,0,0,4,551.30996736,571.72885504,2,0.0,0.0008692282717674971,Rank-
TCACATAAGCGTTGCC-1,1,49,9,3554,0,0,7,188.4242944,1237.44464896,5,0.0,0.9995449185371399,Rank+
TCACATAGACCTCCGT-1,1,21,19,3555,0,0,6,331.65678592,569.85211904,3,1.0,0.20034749805927277,Background
TCACATCCTGTCGCGG-1,1,26,98,3556,0,0,4,1415.13401344,698.82141696,0,0.0,0.9998791217803955,Rank+
TCACATCCTTCTCAGT-1,1,30,46,3557,0,0,2,700.3978752,788.07898112,3,1.0,0.8323612213134766,Background
TCACATGGATAACTGT-1,1,68,118,3558,0,0,3,1680.87983104,1704.52670464,3,1.0,0.5252977013587952,Background
TCACATTGTCGGTGAC-1,1,24,54,3559,0,0,9,811.5006464,645.74732288,3,0.0,0.00014573981752619147,Rank-
TCACCATAGATTGTTA-1,1,43,35,3560,0,0,12,546.65566208,1097.29000448,3,0.0,1.0,Rank+
TCACCGTTGCTAATGG-1,1,31,55,3561,0,0,7,823.81203456,813.07710464,3,1.0,0.9659001231193542,Background
TCACGACATCAGAAGG-1,1,28,98,3562,0,0,5,1414.75866624,746.64065024,2,0.0,4.707620144400737e-12,Rank-
TCACGATACCTAGCCA-1,1,47,83,3563,0,0,5,1204.78944256,1198.6337484800001,2,0.0,3.007316990988329e-05,Rank-
TCACGCTATCCACTAC-1,1,56,90,3564,0,0,1,1299.0015897600001,1414.53345792,0,0.0,1.0,Rank+
TCACGTCTAAGACTAG-1,1,41,125,3565,0,0,10,1782.67399168,1060.43090944,0,0.0,1.0,Rank+
TCACTAACGTATAGTT-1,1,0,12,3566,0,0,8,239.99699968000002,67.33728768,4,0.0,9.847694855125155e-07,Rank-
TCACTACCAAGCCTGT-1,1,45,125,3567,0,0,10,1781.84822784,1155.99430656,0,0.0,1.0,Rank+
TCACTACGACTCTGCG-1,1,21,91,3568,0,0,7,1320.0961024,578.56017408,3,0.0,1.350767161056865e-05,Rank-
TCACTCCGCTCACTGG-1,1,62,32,3569,0,0,2,501.4638592,1550.78449152,5,0.0,0.9999974966049194,Rank+
TCAGAATCCTACGGTG-1,1,5,87,3570,0,0,6,1268.59846656,195.85616896,5,0.0,3.2538571446624753e-13,Rank-
TCAGAATCGATATCAT-1,1,48,62,3571,0,0,0,916.29758464,1220.02853888,1,0.0,5.292270126250994e-17,Rank-
TCAGAATCTAATAGTC-1,1,44,18,3572,0,0,7,313.0395648,1119.13521152,3,0.0,6.999578658906103e-07,Rank-
TCAGATTACCAGGTTA-1,1,40,12,3573,0,0,11,231.51415296,1022.8211200000001,3,0.0,1.0,Rank+
TCAGCGCCTAGTCTTA-1,1,65,67,3574,0,0,5,981.30771968,1626.67969536,2,0.0,1.6133929747752518e-09,Rank-
TCAGCGTGACCTTACC-1,1,29,63,3575,0,0,3,934.01397248,766.23377408,0,1.0,0.6513524651527405,Background
TCAGCTACCAACTCCG-1,1,20,74,3576,0,0,10,1086.93042176,552.58614784,5,0.0,0.9999996423721313,Rank+
TCAGCTAGGATGTACT-1,1,35,49,3577,0,0,1,740.5600256,907.88980736,0,0.0,1.0,Rank+
TCAGCTATTAATCGCT-1,1,33,51,3578,0,0,3,768.41078784,860.37085184,0,0.0,1.0,Rank+
TCAGCTCGATGACTTC-1,1,15,115,3579,0,0,0,1650.85205504,438.18032128,1,0.0,3.562115797454583e-16,Rank-
TCAGCTCGCCAGGATG-1,1,38,86,3580,0,0,0,1247.87930112,984.01021952,1,0.0,1.236437469218891e-23,Rank-
TCAGGAGCAACGGTCG-1,1,39,59,3581,0,0,6,877.03626752,1004.6543155200001,2,0.0,5.2907332246728705e-18,Rank-
TCAGGATACACTACAA-1,1,22,78,3582,0,0,9,1141.4308352,600.85579776,5,0.0,0.9999985694885254,Rank+
TCAGGTCTAGTAAGCA-1,1,49,123,3583,0,0,7,1753.54704896,1251.33249536,3,1.0,0.9887037873268127,Background
TCAGTATGTAGGACAA-1,1,23,47,3584,0,0,9,715.63697152,620.97440768,0,0.0,1.0,Rank+
TCAGTCAGCGATCAGA-1,1,19,83,3585,0,0,10,1210.71992832,529.8401075200001,5,0.0,1.0,Rank+
TCAGTCATTGCAAGTG-1,1,59,91,3586,0,0,3,1312.06367232,1486.2998425600001,0,0.0,1.0,Rank+
TCAGTCCAACGGAAGT-1,1,39,23,3587,0,0,2,382.77907456,1000.300288,5,1.0,0.6338871717453003,Background
TCAGTCCGGCGATTGG-1,1,73,127,3588,0,0,10,1803.39315712,1825.08822528,0,0.0,1.0,Rank+
TCAGTCGAAGTATCTA-1,1,10,66,3589,0,0,1,979.20577536,312.73928704,0,0.0,1.0,Rank+
TCAGTCGCCAAGGTTG-1,1,44,56,3590,0,0,0,834.7721728,1123.7144473600001,1,0.0,5.910552042022493e-26,Rank-
TCAGTCGTCACTGAGC-1,1,3,75,3591,0,0,6,1104.2714624,146.61061632,1,0.0,1.5358913972801592e-31,Rank-
TCAGTCGTGCCGGCAG-1,1,29,89,3592,0,0,4,1290.96915968,769.38669056,0,0.0,1.0,Rank+
TCAGTGAAGAGTTCTA-1,1,69,63,3593,0,0,5,925.6061952,1721.7926758400001,2,0.0,4.832301669921435e-07,Rank-
TCAGTGCCAAGTAGCA-1,1,19,123,3594,0,0,0,1759.85288192,534.6445516800001,4,0.0,1.0163980768140846e-09,Rank-
TCAGTGTAGGACGTCG-1,1,9,95,3595,0,0,4,1377.59929344,292.3954688,0,0.0,1.0,Rank+
TCAGTTCAGAATCTCG-1,1,15,67,3596,0,0,3,991.89251072,432.32490496,0,0.0,1.0,Rank+
TCAGTTCTCCGGACCG-1,1,42,72,3597,0,0,0,1054.80070144,1077.92208896,1,0.0,2.665163856808912e-17,Rank-
TCATACTGGTGAACCG-1,1,33,125,3598,0,0,6,1784.32551936,869.3041152000001,1,1.0,0.00811810977756977,Background
TCATAGCTTCCAGTAC-1,1,38,56,3599,0,0,4,836.04835328,980.4068864,2,0.0,1.0625543778175484e-09,Rank-
TCATAGGTAGTGACGA-1,1,60,50,3600,0,0,6,749.04287232,1505.21734144,2,0.0,5.735358024043394e-16,Rank-
TCATAGGTGAGTCGAC-1,1,37,107,3601,0,0,6,1536.37115904,962.69049856,1,0.0,3.4594441281212513e-15,Rank-
TCATAGTACTAGTTCA-1,1,2,4,3602,0,0,8,129.71999232,114.10554880000001,4,0.0,9.26343727769563e-06,Rank-
TCATAGTAGACTCATA-1,1,48,116,3603,0,0,2,1657.60830464,1226.55958016,3,0.0,0.0024523597676306963,Rank-
TCATCCACGTGGTCAC-1,1,37,9,3604,0,0,12,190.97665536,950.82952704,0,0.0,1.0,Rank+
TCATCCATGCCAAGCG-1,1,62,60,3605,0,0,0,885.89446144,1554.16261632,4,0.0,5.0068539374314095e-18,Rank-
TCATCCGATTGAATTC-1,1,2,30,3606,0,0,0,486.67517952000003,117.25846528,4,0.0,1.5452080183982385e-21,Rank-
TCATCCTAGGACTCGC-1,1,6,66,3607,0,0,4,980.10660864,217.17588992,0,0.0,1.0,Rank+
TCATCGCTGTGCAACA-1,1,56,32,3608,0,0,7,502.74003968,1407.47693056,3,1.0,0.7191542983055115,Background
TCATCGGCCTGTGCGG-1,1,59,69,3609,0,0,6,1010.0593152,1483.59734272,1,0.0,7.94629553130255e-12,Rank-
TCATCGGTCTCAGTTC-1,1,75,123,3610,0,0,1,1747.9919104,1872.38197248,0,0.0,1.0,Rank+
TCATCGTTATGTATCT-1,1,31,101,3611,0,0,6,1455.29616384,818.6322432000001,2,0.0,4.521829679783269e-34,Rank-
TCATCTCATGATACGT-1,1,51,127,3612,0,0,10,1807.97239296,1299.52707584,2,0.0,1.0,Rank+
TCATCTCCAACCACCT-1,1,48,48,3613,0,0,6,724.11981824,1218.30194176,2,0.0,3.765319181121867e-22,Rank-
TCATCTCCAGCCGGTG-1,1,16,14,3614,0,0,6,264.09428992,449.74101504,4,0.0,9.882871410127336e-09,Rank-
TCATCTGCCGCTATTC-1,1,54,90,3615,0,0,1,1299.4520064,1366.71422464,0,0.0,1.0,Rank+
TCATCTTCCACGTATG-1,1,25,37,3616,0,0,3,577.95961856,667.51746048,0,0.0,0.99997878074646,Rank+
TCATGAGGCTTGACGC-1,1,16,20,3617,0,0,8,346.4454656,450.49170944,1,0.0,2.78015377409293e-16,Rank-
TCATGAGTAAGACATC-1,1,25,111,3618,0,0,5,1593.87435008,676.52579328,2,0.0,1.3430677370251942e-07,Rank-
TCATGATTCACTCAGT-1,1,21,125,3619,0,0,0,1786.87788032,582.68899328,4,0.0,0.9999442100524902,Rank+
TCATGATTCTGATACT-1,1,17,71,3620,0,0,3,1046.3929241600001,480.59455488000003,3,0.0,1.0,Rank+
TCATGCAGCGCCTTCG-1,1,66,96,3621,0,0,2,1379.25082112,1654.0800409600001,5,0.0,0.9999115467071533,Rank+
TCATTACGGCACAGTA-1,1,8,36,3622,0,0,0,567.82524416,261.31672064,1,0.0,1.2807758547944436e-17,Rank-
TCATTCACGCGAGCTC-1,1,71,71,3623,0,0,1,1034.98236928,1770.5127424,0,0.0,1.0,Rank+
TCATTCACTGTAATGG-1,1,39,101,3624,0,0,6,1453.56956672,1009.75903744,2,0.0,2.6990517026231897e-12,Rank-
TCATTCTGATGGTGCG-1,1,68,114,3625,0,0,2,1625.92900096,1704.076288,3,0.0,3.978526397219184e-10,Rank-
TCATTGATAGACTTGC-1,1,23,53,3626,0,0,3,797.9881472,621.72510208,0,0.0,0.9999977350234985,Rank+
TCATTGATAGGTGGAA-1,1,12,20,3627,0,0,8,347.27122944,354.92831232000003,1,0.0,8.65919678342259e-24,Rank-
TCATTGGCGACCGACG-1,1,38,10,3628,0,0,12,204.48915456,974.85174784,0,0.0,1.0,Rank+
TCATTGTTCAATGCGT-1,1,31,49,3629,0,0,7,741.38578944,812.32641024,3,1.0,0.9924478530883789,Background
TCCAACAGATGCGGCA-1,1,74,86,3630,0,0,2,1240.29728768,1844.00572416,5,0.0,4.499094781625079e-14,Rank-
TCCAACATGACCGGTC-1,1,29,123,3631,0,0,0,1757.7509376,773.51550976,1,1.0,0.8346949815750122,Background
TCCAACGAAGATGCTT-1,1,55,73,3632,0,0,5,1065.83590912,1388.55943168,2,0.0,4.1468153441126244e-22,Rank-
TCCAACGCGACGTTGG-1,1,67,119,3633,0,0,3,1694.76767744,1680.8047616000001,3,0.0,0.9999959468841553,Rank+
TCCAACGTGGTTGTTC-1,1,45,39,3634,0,0,1,601.1560755200001,1145.5596544,0,0.0,1.0,Rank+
TCCAACTAAGACTCCA-1,1,33,69,3635,0,0,4,1015.5393843200001,862.5478656,0,0.0,0.9999998807907104,Rank+
TCCAACTGAATAAGGT-1,1,38,48,3636,0,0,1,726.22176256,979.43098368,0,0.0,1.0,Rank+
TCCAACTGCCGCCATA-1,1,42,88,3637,0,0,6,1274.52895232,1079.79882496,2,0.0,1.2522067530020692e-14,Rank-
TCCAACTGGCTGAAGA-1,1,16,64,3638,0,0,3,950.52924928,455.82163968000003,0,0.0,1.0,Rank+
TCCAAGACCGCTTGAT-1,1,51,81,3639,0,0,4,1176.48826368,1293.97193728,2,0.0,8.492914815860786e-08,Rank-
TCCAATAACGTGCTAG-1,1,67,65,3640,0,0,5,953.45695744,1674.27372032,2,0.0,2.5138233882445775e-18,Rank-
TCCAATACTATCTGTT-1,1,26,14,3641,0,0,9,261.9923456,688.61197312,0,1.0,0.9945440292358398,Background
TCCAATACTGGAGCGT-1,1,68,96,3642,0,0,2,1378.80040448,1701.89927424,5,0.0,0.9998248219490051,Rank+
TCCAATCCAGATACAT-1,1,32,16,3643,0,0,9,288.11651072,832.21981184,5,0.0,1.0,Rank+
TCCAATCTAACACGCA-1,1,34,100,3644,0,0,0,1440.9579008,890.17341952,1,0.0,7.805804086379574e-36,Rank-
TCCAATGCAAGTATCT-1,1,3,37,3645,0,0,0,582.5388544,142.03138048,4,0.0,1.7724368847615857e-11,Rank-
TCCAATGTCCACGAGC-1,1,3,67,3646,0,0,6,994.44487168,145.6347136,2,0.0,1.1717038115491625e-22,Rank-
TCCAATTAGCAATCAA-1,1,17,45,3647,0,0,1,689.43773696,477.4416384,2,0.0,1.0,Rank+
TCCAATTGGTTACAGT-1,1,50,52,3648,0,0,0,778.54516224,1266.57159168,1,0.0,1.8009655793078682e-20,Rank-
TCCACCAAGTGACGAA-1,1,60,30,3649,0,0,2,474.4388608,1502.74004992,3,0.0,3.24593173672838e-07,Rank-
TCCACGCTGAGTACTT-1,1,11,1,3650,0,0,8,86.63013376,328.72907776,4,1.0,0.01601480506360531,Background
TCCAGAGGCAAGAACT-1,1,73,123,3651,0,0,1,1748.44232704,1824.63780864,0,0.0,1.0,Rank+
TCCAGAGGTCGACAGC-1,1,43,121,3652,0,0,1,1727.3478144,1107.72465664,0,0.0,0.9999370574951172,Rank+
TCCAGATCGGTCGAGT-1,1,2,116,3653,0,0,13,1667.3673318400001,127.69311744000001,1,0.0,1.0815006470361866e-31,Rank-
TCCAGATCTTCGCTTA-1,1,7,61,3654,0,0,4,911.19286272,240.52248576,0,0.0,0.9996569156646729,Rank+
TCCAGTACCGAGCGCA-1,1,60,82,3655,0,0,1,1188.3492352,1509.12095232,0,0.0,1.0,Rank+
TCCAGTACGTGCTATG-1,1,26,62,3656,0,0,2,920.95188992,694.46738944,3,1.0,0.3965538740158081,Background
TCCAGTCACGGTGGCT-1,1,7,43,3657,0,0,5,664.13933568,238.27040256,2,0.0,8.467482647746841e-17,Rank-
TCCAGTCAGTACATTA-1,1,60,74,3658,0,0,4,1078.52264448,1508.1450496,2,1.0,0.7595719695091248,Background
TCCAGTGATGCGTATC-1,1,30,4,3659,0,0,12,123.864576,782.9742592,0,0.0,1.0,Rank+
TCCAGTGATTGGTGCT-1,1,33,17,3660,0,0,11,301.70407936,856.24203264,5,0.0,1.0,Rank+
TCCAGTTGCGGTGCAC-1,1,42,122,3661,0,0,1,1741.2356608,1083.92764416,0,0.0,1.0,Rank+
TCCAGTTGTACCTGTC-1,1,21,117,3662,0,0,6,1677.0512896,581.71309056,2,0.0,1.314100197404619e-21,Rank-
TCCATCGGCTAGACGA-1,1,50,106,3663,0,0,3,1519.9309516800001,1273.10263296,3,1.0,0.7594555616378784,Background
TCCATGATGTGATCAA-1,1,28,80,3664,0,0,1,1167.63006976,744.46363648,0,0.0,1.0,Rank+
TCCATGCCATTCCAGC-1,1,56,2,3665,0,0,2,90.90909184,1403.798528,3,0.0,1.772872337824083e-08,Rank-
TCCATGCGTCCACCAG-1,1,19,79,3666,0,0,10,1155.76909824,529.31462144,5,0.0,0.9999843835830688,Rank+
TCCATGCGTCGGTTAC-1,1,48,10,3667,0,0,9,202.38721024,1213.72270592,0,1.0,0.9953367114067078,Background
TCCATGTCGGACCGAC-1,1,11,7,3668,0,0,8,169.05637888,329.47977216,4,1.0,0.012876403518021107,Background
TCCGAACATAGTCTGA-1,1,37,101,3669,0,0,0,1454.01998336,961.93980416,1,0.0,1.389738463331014e-05,Rank-
TCCGAACCTCAACCAT-1,1,31,57,3670,0,0,3,851.2123801600001,813.30231296,3,0.0,0.9999970197677612,Rank+
TCCGAATACCGAATAG-1,1,7,35,3671,0,0,0,554.23767552,237.29449984000001,1,0.0,5.410396894397548e-18,Rank-
TCCGAATACTCGCTGG-1,1,17,23,3672,0,0,8,387.43337984,474.73913856,1,0.0,9.510302701604134e-13,Rank-
TCCGAATAGAAGCACC-1,1,41,107,3673,0,0,5,1535.5453952,1058.25389568,0,0.0,1.0,Rank+
TCCGAATCATGTTGTC-1,1,42,44,3674,0,0,4,670.44516864,1074.46889472,2,0.0,4.931958983434015e-07,Rank-
TCCGAATCGCAGGTTC-1,1,48,84,3675,0,0,5,1218.30194176,1222.65596928,2,0.0,2.8936419926850476e-10,Rank-
TCCGACCGCAAGTCCT-1,1,77,119,3676,0,0,3,1692.66573312,1919.67571968,0,0.0,1.0,Rank+
TCCGAGTACGACTTAG-1,1,42,48,3677,0,0,5,725.32092928,1074.9943808,2,0.0,7.960697985254228e-06,Rank-
TCCGATGCGTATCCGG-1,1,24,38,3678,0,0,3,591.84746496,643.79551744,0,0.0,1.0,Rank+
TCCGCCAAGGTCCGTT-1,1,51,77,3679,0,0,5,1121.61250304,1293.52152064,2,0.0,4.656949825765366e-11,Rank-
TCCGCCAGTGATTAAT-1,1,41,57,3680,0,0,0,849.11043584,1052.17327104,1,0.0,7.823611203328085e-11,Rank-
TCCGCCTTGTTCTGAT-1,1,57,77,3681,0,0,4,1120.33632256,1436.8290816,2,0.0,0.9989997744560242,Rank+
TCCGGCTATGCTCAGT-1,1,55,77,3682,0,0,4,1120.71166976,1389.00984832,2,0.0,8.100253580778372e-06,Rank-
TCCGGCTCTATGGACA-1,1,25,59,3683,0,0,2,879.96397568,670.21996032,3,0.0,1.7284038449361105e-06,Rank-
TCCGGTACGTGGCCTC-1,1,56,36,3684,0,0,3,557.6158003200001,1407.9273472,0,1.0,0.9427794218063354,Background
TCCGGTTCCGTTCTAG-1,1,51,93,3685,0,0,1,1341.2656844800001,1295.39825664,0,0.0,1.0,Rank+
TCCGTACTATCCTGCT-1,1,70,112,3686,0,0,2,1598.07823872,1751.59524352,3,1.0,0.4221155047416687,Background
TCCGTCATAAGATGAC-1,1,8,10,3687,0,0,8,210.87005696,258.16380416,4,0.0,2.5237320193662277e-16,Rank-
TCCGTCCACTCGGAGC-1,1,22,100,3688,0,0,1,1443.43519232,603.5582976000001,0,0.0,0.9999635219573975,Rank+
TCCGTCGGTACAAGTT-1,1,51,19,3689,0,0,2,325.35095296000003,1286.46499328,3,0.0,4.75726302795465e-09,Rank-
TCCGTGTCTTACATAA-1,1,44,54,3690,0,0,6,807.29675776,1123.48923904,1,0.0,1.0207680823777709e-19,Rank-
TCCGTGTTCTGTTCTG-1,1,20,46,3691,0,0,1,702.5748889600001,549.2080230400001,0,0.0,1.0,Rank+
TCCGTTGGAGCTCACT-1,1,13,15,3692,0,0,8,278.43255296,378.19983872,4,0.0,1.0,Rank+
TCCGTTGGTTCACTCG-1,1,73,117,3693,0,0,7,1666.09115136,1823.88711424,3,0.0,3.0301343940664083e-06,Rank-
TCCTAAGCGGTTCATC-1,1,8,28,3694,0,0,0,457.99865344,260.34081792,1,0.0,3.460359199345705e-35,Rank-
TCCTAATTGCGGCCTG-1,1,54,30,3695,0,0,7,475.71504128,1359.43248896,3,0.0,3.1579274946125224e-05,Rank-
TCCTAATTGCTCAACG-1,1,23,97,3696,0,0,1,1402.07193088,627.05503232,0,0.0,1.0,Rank+
TCCTACAAGCTCGAAC-1,1,53,95,3697,0,0,1,1368.29068288,1343.44269824,0,0.0,1.0,Rank+
TCCTACCGGTTCCTAG-1,1,42,2,3698,0,0,0,93.8368,1069.3641728,1,0.0,7.831512131503682e-14,Rank-
TCCTACGTAAGCCAGA-1,1,63,103,3699,0,0,2,1476.01532928,1583.28955904,3,1.0,0.06633260846138,Background
TCCTAGGTATCTGATG-1,1,28,18,3700,0,0,9,316.4176896,736.88162304,0,0.0,0.9986752867698669,Rank+
TCCTATCCTCGAATCA-1,1,14,72,3701,0,0,3,1060.7311872,409.05337856,3,1.0,0.9948681592941284,Background
TCCTATCCTGTCAATA-1,1,11,69,3702,0,0,1,1020.1936896,336.98671616,0,0.0,1.0,Rank+
TCCTATTGACTGTTGA-1,1,34,12,3703,0,0,11,232.79033344,879.51355904,0,0.0,1.0,Rank+
TCCTCAATGAGGAACG-1,1,48,72,3704,0,0,5,1053.5995904000001,1221.22964992,2,0.0,4.732398532308451e-22,Rank-
TCCTCAATGCTAAGGC-1,1,7,97,3705,0,0,6,1405.45005568,244.87651328,1,0.0,1.8099400431145368e-27,Rank-
TCCTCACGTGTAGACG-1,1,27,79,3706,0,0,4,1154.11757056,720.44141568,0,0.0,1.0,Rank+
TCCTCAGTCGGATGCG-1,1,20,14,3707,0,0,0,263.19345664,545.30441216,1,0.0,6.274462286542937e-13,Rank-
TCCTCATCGTGCTGGA-1,1,34,88,3708,0,0,6,1276.18048,888.7471001600001,2,0.0,1.4961555958093132e-26,Rank-
TCCTCATGGCACCGTT-1,1,58,10,3709,0,0,2,200.28526592,1452.593664,5,0.0,1.0,Rank+
TCCTGACAACGCTCGT-1,1,6,0,3710,0,0,8,74.01846784,209.21852928,4,0.0,2.1644828471230175e-17,Rank-
TCCTGACACTTCACGG-1,1,16,86,3711,0,0,7,1252.5336064,458.52413952,3,1.0,0.8748013377189636,Background
TCCTGACAGGCAGCAA-1,1,75,91,3712,0,0,2,1308.68554752,1868.4783616,3,1.0,0.7529628276824951,Background
TCCTGATAAGTGCCGT-1,1,25,87,3713,0,0,1,1264.39457792,673.5980851200001,0,0.0,1.0,Rank+
TCCTGATCACCGGTCC-1,1,47,127,3714,0,0,10,1808.8732262400001,1204.03874816,0,0.0,1.0,Rank+
TCCTGCCGTGTCTAAG-1,1,68,54,3715,0,0,6,802.26710528,1696.79455232,0,0.0,7.634143003087956e-06,Rank-
TCCTGCTACATGCAGA-1,1,70,78,3716,0,0,3,1131.2964608,1747.46642432,0,1.0,0.6408149003982544,Background
TCCTGGTGCGAGGCCT-1,1,13,105,3717,0,0,4,1514.0004659200001,389.15997696,2,0.0,8.064397434282e-07,Rank-
TCCTGGTGGCAATAGC-1,1,39,51,3718,0,0,4,767.13460736,1003.6784128,2,0.0,0.9999998807907104,Rank+
TCCTTACTCGCAATGA-1,1,28,104,3719,0,0,5,1497.10984192,747.3162752000001,2,0.0,2.8327926366000485e-16,Rank-
TCCTTCCAACCGCAAC-1,1,13,75,3720,0,0,3,1102.16951808,385.4815744,0,0.0,1.0,Rank+
TCCTTGAACAGGACCA-1,1,35,11,3721,0,0,12,218.90248704,903.31057152,0,0.0,0.9999806880950928,Rank+
TCCTTGAACGATGGTC-1,1,3,21,3722,0,0,8,362.88567296,140.07957504,4,0.0,0.0003177952894475311,Rank-
TCGAATCTTGCGTTAC-1,1,63,53,3723,0,0,0,789.5803699200001,1577.2089344,1,0.0,1.4286946070640738e-09,Rank-
TCGAATGGTTCCACGC-1,1,60,40,3724,0,0,3,611.74086656,1504.0162304,0,0.0,1.0,Rank+
TCGACCAATCCGGTTG-1,1,52,116,3725,0,0,2,1656.7825408,1322.12297728,3,1.0,0.07813921570777893,Background
TCGACCTGCAGCTCAG-1,1,6,28,3726,0,0,0,458.37400064,212.59665408,4,0.0,8.749365406401921e-06,Rank-
TCGACGAAGAGCAAGT-1,1,30,92,3727,0,0,5,1331.95707392,793.63411968,2,1.0,0.9814773201942444,Background
TCGACGAAGCAGCTCA-1,1,9,89,3728,0,0,4,1295.17304832,291.6447744,0,0.0,1.0,Rank+
TCGACTGCAATTCTCG-1,1,70,122,3729,0,0,3,1735.38024448,1752.79635456,0,0.0,1.0,Rank+
TCGAGCTGGTTGCCGA-1,1,35,121,3730,0,0,5,1728.9993420800001,916.5978624,2,0.0,1.380584217258729e-05,Rank-
TCGAGTGGTAGGTCAC-1,1,45,83,3731,0,0,5,1205.2398592,1150.88958464,2,0.0,6.49338787184206e-08,Rank-
TCGATAGGAGCTGCAG-1,1,7,91,3732,0,0,5,1323.09888,244.12581888,2,0.0,0.00290202209725976,Rank-
TCGATATTAGACATAC-1,1,26,28,3733,0,0,11,454.170112,690.33857024,0,0.0,0.999711811542511,Rank+
TCGATCCAACGTCCTT-1,1,65,117,3734,0,0,2,1667.74267904,1632.76032,3,1.0,0.6281664371490479,Background
TCGATCCAGTCTGTAG-1,1,45,61,3735,0,0,0,903.1604326400001,1148.1870848,1,0.0,2.887648731242365e-10,Rank-
TCGATCGCACCTAATC-1,1,50,112,3736,0,0,2,1602.28212736,1273.85332736,3,0.0,1.9665685613290407e-05,Rank-
TCGATCGTATAACGAC-1,1,3,111,3737,0,0,13,1598.45358592,151.03971328,1,0.0,5.487694931739926e-35,Rank-
TCGATCGTGAGGCGCC-1,1,16,102,3738,0,0,1,1472.18678784,460.47594496,0,0.0,1.0,Rank+
TCGATCGTTGTCTGAA-1,1,8,70,3739,0,0,1,1034.53195264,265.44553984,0,0.0,1.0,Rank+
TCGATCTAATGTTAGT-1,1,40,34,3740,0,0,7,533.59357952,1025.52361984,3,1.0,0.9951010346412659,Background
TCGATCTAGCCGATTC-1,1,53,37,3741,0,0,1,572.0291328,1336.38617088,0,0.0,1.0,Rank+
TCGCAATAGTGACGCA-1,1,65,49,3742,0,0,4,734.25419264,1624.5026816,0,0.0,0.9999836683273315,Rank+
TCGCAATGATAGTTCA-1,1,56,112,3743,0,0,2,1601.00594688,1417.16088832,5,0.0,1.0,Rank+
TCGCACCTCATGTCAG-1,1,6,50,3744,0,0,6,760.37835776,215.29915392,2,0.0,1.1737351643728838e-14,Rank-
TCGCACGATTCGGTGG-1,1,12,88,3745,0,0,1,1280.83478528,363.18595072,0,0.0,1.0,Rank+
TCGCACTCTTGGACAG-1,1,18,48,3746,0,0,1,730.4256512000001,501.68906752,0,0.0,1.0,Rank+
TCGCACTGCTGTGCTC-1,1,48,42,3747,0,0,4,641.69357312,1217.55124736,2,0.0,0.0029040882363915443,Rank-
TCGCACTGTACGGCGA-1,1,35,57,3748,0,0,1,850.38661632,908.86571008,0,0.0,1.0,Rank+
TCGCACTTACTGAAGT-1,1,51,35,3749,0,0,3,545.0041344,1288.41679872,0,0.0,0.9997510313987732,Rank+
TCGCACTTGGTCCGTC-1,1,50,8,3750,0,0,7,174.536448,1261.24166144,3,0.0,6.776035732514174e-09,Rank-
TCGCCAGGCATGCCTC-1,1,70,100,3751,0,0,10,1433.30081792,1750.16892416,5,0.0,1.0,Rank+
TCGCCGGAAGGCAGGA-1,1,65,125,3752,0,0,1,1777.56926976,1633.7362227200001,0,0.0,1.0,Rank+
TCGCCGTATCATGCTT-1,1,59,87,3753,0,0,3,1257.18791168,1485.77435648,0,0.0,1.0,Rank+
TCGCCGTTCGCCACAG-1,1,55,3,3754,0,0,2,104.79693824,1380.07658496,3,0.0,0.0001222510327352211,Rank-
TCGCCTAATGACCGGT-1,1,77,53,3755,0,0,3,786.57759232,1911.6432896000001,0,0.0,1.0,Rank+
TCGCCTAGATAATTAA-1,1,21,39,3756,0,0,1,606.26079744,572.25434112,2,0.0,2.4389040845562704e-05,Rank-
TCGCCTATCGACTCCT-1,1,43,55,3757,0,0,6,821.2596736,1099.69222656,1,0.0,2.5690883339972437e-13,Rank-
TCGCCTGACGGCCACT-1,1,43,51,3758,0,0,6,766.30884352,1099.24180992,2,0.0,0.9999998807907104,Rank+
TCGCCTGCACGGAAGG-1,1,7,1,3759,0,0,8,87.53096704000001,233.24075008,4,0.0,7.367279075563937e-28,Rank-
TCGCCTGCGTGCGTGG-1,1,36,10,3760,0,0,12,204.93957120000002,927.03251456,0,0.0,1.0,Rank+
TCGCCTGCTATCAGTC-1,1,14,112,3761,0,0,5,1609.8641408,413.85782272,2,0.0,1.0858187935951628e-19,Rank-
TCGCCTGGTGGATTCT-1,1,17,95,3762,0,0,3,1375.87269632,483.52226304,0,0.0,1.0,Rank+
TCGCCTTGTTCTGATT-1,1,0,18,3763,0,0,8,322.34817536,68.08798208,4,0.0,0.00023074113414622843,Rank-
TCGCGACGTGGTAAGT-1,1,74,70,3764,0,0,1,1020.64410624,1842.05391872,0,0.0,1.0,Rank+
TCGCGGAGTTAGACTT-1,1,14,4,3765,0,0,0,127.24270080000001,400.79574016,4,0.0,1.7470618729475973e-08,Rank-
TCGCGGTAGTATGATC-1,1,10,64,3766,0,0,1,951.80542976,312.51407872,0,0.0,0.9999877214431763,Rank+
TCGCGTGCGAATGGTT-1,1,1,13,3767,0,0,8,253.50949888,91.35950848,4,1.0,0.24900569021701813,Background
TCGCGTTACGCAGAAT-1,1,52,126,3768,0,0,10,1794.08454656,1323.32408832,0,0.0,1.0,Rank+
TCGCTTACTCGCAAGT-1,1,67,67,3769,0,0,4,980.93237248,1674.49892864,2,0.0,8.89252333990953e-08,Rank-
TCGCTTGTTCCAGTTG-1,1,62,82,3770,0,0,3,1187.89881856,1556.86511616,0,0.0,0.9999986886978149,Rank+
TCGGAACGTCTGCAAG-1,1,35,97,3771,0,0,0,1399.51956992,913.74522368,1,0.0,2.68736925568186e-24,Rank-
TCGGAATCAGCCTAAC-1,1,13,65,3772,0,0,3,964.8675123200001,384.28046336,0,0.0,1.0,Rank+
TCGGACATTCTATGAG-1,1,39,35,3773,0,0,3,547.48142592,1001.72660736,0,1.0,0.23975573480129242,Background
TCGGACCAGGATCGCC-1,1,33,113,3774,0,0,0,1619.623168,867.87779584,4,0.0,1.0,Rank+
TCGGACGGCCGAGGAA-1,1,63,79,3775,0,0,1,1146.53555712,1580.36185088,0,0.0,1.0,Rank+
TCGGACGTTGCCTCAG-1,1,8,50,3776,0,0,5,760.00301056,263.04331776,2,0.0,3.7812770870004897e-07,Rank-
TCGGAGCGTTACCTCG-1,1,58,82,3777,0,0,1,1188.7245824,1461.30171904,0,0.0,1.0,Rank+
TCGGAGGCTGTAGTTG-1,1,75,49,3778,0,0,7,732.07717888,1863.37363968,3,0.0,0.0002210955135524273,Rank-
TCGGAGTGGTACTTGC-1,1,52,6,3779,0,0,2,146.61061632,1308.76061696,5,0.0,1.0,Rank+
TCGGAGTTGTCTTGTT-1,1,19,39,3780,0,0,4,606.63614464,524.43510784,2,1.0,0.2013186514377594,Background
TCGGCACTGGCGCCGA-1,1,48,34,3781,0,0,3,531.8669824,1216.57534464,0,0.0,1.0,Rank+
TCGGCGACCTCGCTGA-1,1,64,90,3782,0,0,2,1297.27499264,1605.58518272,3,0.0,2.2232735830129968e-07,Rank-
TCGGCGCAGAATGTCT-1,1,44,78,3783,0,0,6,1136.77652992,1126.4169472,1,0.0,1.7286252420071248e-20,Rank-
TCGGCGCAGATAGATA-1,1,38,46,3784,0,0,1,698.74634752,979.20577536,0,0.0,1.0,Rank+
TCGGCGCTATCACGTG-1,1,16,94,3785,0,0,3,1362.36019712,459.50004224,0,0.0,1.0,Rank+
TCGGCGGAACATACGC-1,1,4,80,3786,0,0,6,1172.65972224,171.1583232,2,0.0,5.4509842844360466e-24,Rank-
TCGGCGTAAGGCCTTA-1,1,49,125,3787,0,0,7,1780.94739456,1251.55770368,3,1.0,0.19451485574245453,Background
TCGGTAATAGCGGTTC-1,1,9,29,3788,0,0,0,471.51115264000003,284.36303872,1,0.0,1.359152218040051e-24,Rank-
TCGGTAATTACGTGGA-1,1,47,103,3789,0,0,1,1479.39345408,1201.11104,0,0.0,1.0,Rank+
TCGGTAGGCATCACGC-1,1,42,102,3790,0,0,4,1466.70671872,1081.52542208,0,0.0,2.209370360273244e-11,Rank-
TCGGTATCTAGTATAC-1,1,77,49,3791,0,0,2,731.70183168,1911.19287296,3,0.0,9.69408210949041e-05,Rank-
TCGGTGATCGCCGGCC-1,1,47,29,3792,0,0,2,463.47872256,1192.1027072,3,0.0,4.674127922044136e-06,Rank-
TCGGTGTCTAACCAAG-1,1,24,82,3793,0,0,3,1195.93124864,649.12544768,5,1.0,0.9106222987174988,Background
TCGTAAGGCGTTCAGG-1,1,9,55,3794,0,0,4,828.3912704,287.5159552,2,0.0,0.00048441183753311634,Rank-
TCGTATAGGAGCCTAT-1,1,8,18,3795,0,0,8,320.69664768,259.13970688,4,0.0,1.1558660278909727e-11,Rank-
TCGTATCAACAGCACC-1,1,12,80,3796,0,0,3,1171.00819456,362.21004800000003,0,0.0,1.0,Rank+
TCGTATCACGTTATGA-1,1,27,61,3797,0,0,7,906.98897408,718.26440192,3,0.0,0.00017721460608299822,Rank-
TCGTATCCTGATGCAA-1,1,8,64,3798,0,0,1,952.18077696,264.76991488,0,0.0,1.0,Rank+
TCGTATCGGTCTCCTT-1,1,44,4,3799,0,0,6,120.8617984,1117.4086144,1,0.0,4.174597279350662e-19,Rank-
TCGTATGCCGGACGTT-1,1,54,92,3800,0,0,1,1326.852352,1366.93943296,0,0.0,1.0,Rank+
TCGTATGTCGTGCCTA-1,1,36,6,3801,0,0,12,149.98874112000001,926.58209792,0,0.0,1.0,Rank+
TCGTATTAGATCCGGT-1,1,70,60,3802,0,0,4,884.16786432,1745.28941056,0,0.0,1.0,Rank+
TCGTATTCTGAGTGGC-1,1,57,67,3803,0,0,0,983.0343168,1435.62797056,1,0.0,7.936488471814442e-25,Rank-
TCGTCAAGCCTAATCT-1,1,16,68,3804,0,0,3,1005.40500992,456.34712576,3,0.0,1.0099759492732119e-05,Rank-
TCGTCAAGTCCAGGTT-1,1,61,107,3805,0,0,2,1531.34150656,1535.99581184,5,0.0,1.0,Rank+
TCGTCACGATGTTCGA-1,1,57,29,3806,0,0,2,461.37677824,1430.97366528,3,1.0,0.2872888743877411,Background
TCGTCAGAACAGCCAG-1,1,37,7,3807,0,0,12,163.50124032,950.52924928,0,0.0,1.0,Rank+
TCGTCATCGTACCAAT-1,1,73,45,3808,0,0,7,677.65183488,1815.10398976,3,0.0,0.002907717600464821,Rank-
TCGTCCAGCATGGCTT-1,1,42,66,3809,0,0,0,972.44952576,1077.17139456,1,0.0,2.6814320126437763e-30,Rank-
TCGTGCCTCGGTAGTT-1,1,32,102,3810,0,0,0,1468.80866304,842.654464,1,0.0,1.9488805021127115e-38,Rank-
TCGTTAGCCAGGCCAG-1,1,41,11,3811,0,0,11,217.62630656000002,1046.61813248,3,0.0,7.55962847875935e-10,Rank-
TCGTTAGCTTACTCAT-1,1,7,19,3812,0,0,8,334.58449408,235.41776384,4,0.0,4.0135989808264034e-19,Rank-
TCTAACAAGCCAATCC-1,1,23,25,3813,0,0,11,413.6326144,618.34697728,2,1.0,0.8873533010482788,Background
TCTAACCGTGCTAGCT-1,1,47,115,3814,0,0,2,1644.09580544,1202.53735936,3,0.0,3.499301898729013e-15,Rank-
TCTAACTCTATGTTCT-1,1,15,77,3815,0,0,7,1129.19451648,433.526016,3,0.0,0.9996312856674194,Rank+
TCTACAACTGGAACTT-1,1,35,109,3816,0,0,0,1564.29699072,915.17154304,1,0.0,6.926051529174138e-14,Rank-
TCTACACTAATTACTC-1,1,53,73,3817,0,0,5,1066.21125632,1340.81526784,2,0.0,4.2294848179302846e-10,Rank-
TCTACACTCCGGCTCC-1,1,20,118,3818,0,0,0,1691.01420544,557.91607808,1,0.0,4.552969262753379e-26,Rank-
TCTACACTGAGCTTCT-1,1,15,75,3819,0,0,7,1101.71910144,433.30080768,3,1.0,0.28619664907455444,Background
TCTACAGCTGAATCAA-1,1,30,122,3820,0,0,0,1743.78802176,797.31252224,1,0.0,5.435662336905622e-12,Rank-
TCTACAGGTACGCAGT-1,1,50,66,3821,0,0,6,970.7979980800001,1268.2981888,1,0.0,8.934603202902173e-19,Rank-
TCTACATGAATCTGAT-1,1,61,51,3822,0,0,6,762.55537152,1529.23956224,2,0.0,1.011189865542774e-22,Rank-
TCTACATGTCCGACTT-1,1,47,77,3823,0,0,5,1122.4382668800001,1197.95812352,2,0.0,5.2107738263140746e-11,Rank-
TCTACATTCGATCGCC-1,1,10,108,3824,0,0,6,1555.814144,317.84400896,5,0.0,3.515223133139658e-30,Rank-
TCTACATTGGAGTAAT-1,1,54,6,3825,0,0,2,146.23526912,1356.5047808,5,0.0,0.9999998807907104,Rank+
TCTACTATGCTAGCTC-1,1,48,114,3826,0,0,2,1630.1328896,1226.3343718400001,3,0.0,6.080316694578869e-09,Rank-
TCTACTCCGACTCGGC-1,1,49,71,3827,0,0,5,1039.63667456,1244.95159296,2,0.0,6.965615466469899e-05,Rank-
TCTACTCGAGCAGAGG-1,1,65,89,3828,0,0,2,1283.38714624,1629.3821952,3,0.0,0.000792738632299006,Rank-
TCTACTCGTTCATCGC-1,1,1,119,3829,0,0,13,1708.73059328,104.19638272,1,0.0,6.85172544430346e-28,Rank-
TCTACTGTCTCAATGA-1,1,47,51,3830,0,0,0,765.4830796800001,1194.80520704,1,0.0,4.8401180387424164e-29,Rank-
TCTACTTAACCGGCCT-1,1,1,105,3831,0,0,13,1516.55282688,102.46978560000001,1,0.0,2.4441131089911436e-34,Rank-
TCTACTTAGGTTCTTA-1,1,28,42,3832,0,0,9,645.9725312,739.8093312,3,0.0,0.00023999303812161088,Rank-
TCTACTTCACCGTGGA-1,1,57,43,3833,0,0,1,653.55454464,1432.7002624,0,0.0,1.0,Rank+
TCTAGAATTGCGGTTG-1,1,38,112,3834,0,0,5,1604.83448832,987.163136,2,0.0,1.303439445525539e-16,Rank-
TCTAGAGTCTCCACGC-1,1,69,45,3835,0,0,3,678.4775987200001,1719.61566208,0,0.0,1.0,Rank+
TCTAGATAAGGTTAGC-1,1,54,84,3836,0,0,1,1217.02576128,1366.03859968,0,0.0,1.0,Rank+
TCTAGCAGCGGATCAG-1,1,71,111,3837,0,0,2,1584.1153228800001,1775.392256,5,0.0,0.9999867677688599,Rank+
TCTAGCGACACCGAGC-1,1,67,87,3838,0,0,2,1255.4613145600001,1676.90115072,3,0.0,7.691601791550882e-18,Rank-
TCTAGCTTATTCGCCA-1,1,71,47,3839,0,0,3,705.50259712,1767.5850342400001,0,0.0,1.0,Rank+
TCTAGGACTGCCACCG-1,1,76,90,3840,0,0,2,1294.79770112,1892.2753740800001,3,1.0,0.010667426511645317,Background
TCTAGGCGGAAGGCAC-1,1,35,59,3841,0,0,4,877.8620313600001,909.0909184,0,0.0,1.0,Rank+
TCTAGGCTTAAGACTG-1,1,18,118,3842,0,0,0,1691.38955264,510.17191424000004,5,0.0,9.202757928175527e-34,Rank-
TCTATCCGTGTTGCCA-1,1,22,0,3843,0,0,0,70.64034304,591.39704832,1,0.0,6.680934445560326e-22,Rank-
TCTATGATCGGTGCCT-1,1,46,96,3844,0,0,4,1383.45470976,1176.3381248,2,0.0,0.9999998807907104,Rank+
TCTATTCCTTCCGGAA-1,1,66,44,3845,0,0,3,665.34044672,1647.774208,0,0.0,1.0,Rank+
TCTATTCTGCATTGGC-1,1,33,83,3846,0,0,5,1207.71715072,864.27446272,2,0.0,2.4410456837299643e-13,Rank-
TCTATTGGCTTCGATC-1,1,15,109,3847,0,0,5,1568.50087936,437.42962688,2,0.0,2.4142222173395567e-05,Rank-
TCTGAGTCAGATCTTG-1,1,36,44,3848,0,0,3,671.72134912,931.16133376,0,0.0,1.0,Rank+
TCTGATCATAATGATT-1,1,71,53,3849,0,0,1,787.8537728,1768.33572864,0,0.0,0.9999927282333374,Rank+
TCTGCAATTCACAAGA-1,1,41,53,3850,0,0,6,794.2346752,1051.7228544,2,0.0,1.889460889969996e-07,Rank-
TCTGCCTGGATGTCAG-1,1,42,22,3851,0,0,2,368.44081152,1071.8414643200001,5,0.0,0.9999979734420776,Rank+
TCTGCGCTTGCAGATA-1,1,7,49,3852,0,0,6,746.49051136,239.02109696,2,0.0,0.004349721595644951,Rank-
TCTGCGTGCTATTCTA-1,1,35,89,3853,0,0,0,1289.6929792,912.76932096,1,0.0,9.1191674228626e-34,Rank-
TCTGCGTGCTTCAGAC-1,1,44,82,3854,0,0,5,1191.72736,1126.86736384,2,0.0,3.0770953189291406e-21,Rank-
TCTGCGTTAGATAGGT-1,1,15,31,3855,0,0,6,497.63531776,427.97087744,2,0.0,1.9213767729620024e-11,Rank-
TCTGGACGCTAAGACA-1,1,11,31,3856,0,0,0,498.53615104,332.40748032,1,0.0,6.890607315949175e-25,Rank-
TCTGGATATTAACCTA-1,1,24,56,3857,0,0,7,838.97606144,645.9725312,3,0.0,0.0005700276815332472,Rank-
TCTGGTAATCGTCCAA-1,1,57,121,3858,0,0,3,1724.3450368000001,1442.15901184,3,1.0,0.5958518981933594,Background
TCTGGTATCTGTAGCC-1,1,28,108,3859,0,0,6,1552.060672,747.84176128,2,0.0,1.5260227697219697e-22,Rank-
TCTGGTCACTATCTGT-1,1,63,123,3860,0,0,1,1750.54427136,1585.69178112,0,0.0,0.9999998807907104,Rank+
TCTGGTCCTCCACTGT-1,1,25,21,3861,0,0,1,358.30643712,665.64072448,0,0.0,1.0,Rank+
TCTGTACCTCACTCGC-1,1,6,44,3862,0,0,6,678.02718208,214.54845952,1,0.0,1.340678019395895e-21,Rank-
TCTGTACGCTGTCCTC-1,1,33,87,3863,0,0,5,1262.6679808000001,864.72487936,2,0.0,1.7906862502895615e-24,Rank-
TCTGTCACCGTTAATA-1,1,34,112,3864,0,0,0,1605.66025216,891.67480832,4,0.0,7.031508909876487e-15,Rank-
TCTTACATTACTTCGC-1,1,54,40,3865,0,0,1,613.01704704,1360.6336000000001,0,0.0,1.0,Rank+
TCTTACCATTCTAAGC-1,1,15,117,3866,0,0,0,1678.32747008,438.4055296,1,0.0,5.923059554934288e-25,Rank-
TCTTACCGCTCGTATG-1,1,43,95,3867,0,0,5,1370.3926272,1104.57174016,2,0.0,0.9989230036735535,Rank+
TCTTACGAATCAGTGC-1,1,17,63,3868,0,0,3,936.56633344,479.61865216,3,0.0,0.00366669287905097,Rank-
TCTTACGAGGCCGACA-1,1,12,48,3869,0,0,5,731.70183168,358.38150656,2,0.0,0.9957846999168396,Rank+
TCTTACTCTGTATGCG-1,1,40,56,3870,0,0,6,835.5979366400001,1028.15105024,2,0.0,2.0068268895556685e-06,Rank-
TCTTACTGAGACTAGT-1,1,33,95,3871,0,0,0,1372.49457152,865.7007820800001,1,0.0,4.478533996332757e-27,Rank-
TCTTAGATGCCTCCGA-1,1,26,38,3872,0,0,3,591.4721177600001,691.53968128,5,1.0,0.22999149560928345,Background
TCTTAGGCCTGGCGTA-1,1,53,125,3873,0,0,3,1780.12163072,1347.1211008,3,0.0,1.0,Rank+
TCTTAGTCGCGGCAGA-1,1,20,12,3874,0,0,0,235.79311104,545.07920384,1,0.0,1.5393224472859401e-09,Rank-
TCTTAGTCGTCTCGGC-1,1,38,66,3875,0,0,6,973.2752896000001,981.60799744,1,0.0,1.166573817528074e-24,Rank-
TCTTAGTCTGCCATCA-1,1,26,2,3876,0,0,12,97.2149248,687.18565376,0,1.0,0.749273419380188,Background
TCTTCGAACAGCGTTA-1,1,51,87,3877,0,0,4,1258.83943936,1294.72263168,2,1.0,0.9813588261604309,Background
TCTTCGCCATTCGAAT-1,1,37,79,3878,0,0,0,1152.01562624,959.31237376,1,0.0,1.9544171316244524e-33,Rank-
TCTTCGTCAGACCAGG-1,1,47,111,3879,0,0,7,1589.2200448,1202.08694272,3,0.0,1.2358143397506183e-09,Rank-
TCTTGAGCGGCAACGC-1,1,77,67,3880,0,0,1,978.83042816,1913.36988672,0,0.0,1.0,Rank+
TCTTGAGTCATTATAC-1,1,31,93,3881,0,0,5,1345.46957312,817.65634048,2,1.0,0.0063216062262654305,Background
TCTTGAGTCTCCGAAT-1,1,20,122,3882,0,0,0,1745.88996608,558.44156416,4,0.0,2.554816447286612e-08,Rank-
TCTTGCACCAATCTAT-1,1,63,41,3883,0,0,3,624.80294912,1575.78261504,3,0.0,0.9999998807907104,Rank+
TCTTGCACGGTGAGCC-1,1,48,0,3884,0,0,1,65.08520448,1212.44652544,2,1.0,0.27063438296318054,Background
TCTTGCACGTATGGAC-1,1,5,127,3885,0,0,10,1817.73142016,200.73568256000001,1,0.0,0.9993543028831482,Rank+
TCTTGCACGTCTAATG-1,1,69,77,3886,0,0,3,1117.7839616,1723.44420352,0,0.0,1.0,Rank+
TCTTGCACTATTCAGA-1,1,29,53,3887,0,0,2,796.71196672,765.03266304,3,1.0,0.20624318718910217,Background
TCTTGCACTGGTGCTC-1,1,66,60,3888,0,0,6,884.99362816,1649.72601344,1,0.0,8.929684928123221e-29,Rank-
TCTTGCAGACTGCGAG-1,1,17,13,3889,0,0,0,250.13137408,473.53802752,4,0.0,0.9999983310699463,Rank+
TCTTGCATAGACAATA-1,1,76,76,3890,0,0,3,1102.54486528,1890.54877696,0,0.0,1.0,Rank+
TCTTGCCACGTTCACT-1,1,58,106,3891,0,0,2,1518.20435456,1464.2294272,3,0.0,0.0028074190486222506,Rank-
TCTTGCCATCGTTGTA-1,1,55,41,3892,0,0,1,626.5295462400001,1384.6558208000001,0,0.0,1.0,Rank+
TCTTGCCGGAGCCAGA-1,1,76,64,3893,0,0,1,937.84251392,1889.1224576,0,0.0,1.0,Rank+
TCTTGCCGGCAGTCTA-1,1,50,56,3894,0,0,0,833.49599232,1267.02200832,1,0.0,2.123387593143053e-13,Rank-
TCTTGCGGCCTTAGTG-1,1,3,39,3895,0,0,0,610.01426944,142.2565888,4,0.0,4.00526047874758e-13,Rank-
TCTTGCTCCGTCGGCA-1,1,24,32,3896,0,0,11,509.49628928,643.04482304,0,0.0,1.0,Rank+
TCTTGCTGTCCTAGGC-1,1,64,86,3897,0,0,7,1242.399232,1605.13476608,3,0.0,0.9970481991767883,Rank+
TCTTGTTATTCTTGAT-1,1,54,102,3898,0,0,3,1464.15435776,1368.21561344,0,0.0,0.9999992847442627,Rank+
TGAACCAATGTTGAGC-1,1,11,115,3899,0,0,0,1651.6778188800001,342.61692416,4,0.0,6.725419101886483e-17,Rank-
TGAACGAATCTTAATT-1,1,63,115,3900,0,0,2,1640.71768064,1584.79094784,3,1.0,0.01458541676402092,Background
TGAACGGACACGTATC-1,1,39,49,3901,0,0,4,739.73426176,1003.4532044800001,0,0.0,0.9999997615814209,Rank+
TGAACGGATCTGGTAC-1,1,34,40,3902,0,0,2,617.22093568,882.89168384,5,1.0,0.017842277884483337,Background
TGAACGGATTCAAGTT-1,1,66,86,3903,0,0,2,1241.94881536,1652.87892992,3,1.0,0.500016987323761,Background
TGAAGATACAATCTGC-1,1,46,6,3904,0,0,11,147.8867968,1165.453056,0,0.0,0.9999877214431763,Rank+
TGAAGCACCGTCATGA-1,1,46,68,3905,0,0,0,999.09917696,1172.96,1,0.0,4.074748724203379e-28,Rank-
TGAAGTATGATCGTGC-1,1,35,71,3906,0,0,12,1042.56438272,910.5923072,2,1.0,0.08373952656984329,Background
TGAATACAGACTGCTC-1,1,11,123,3907,0,0,8,1761.57947904,343.59282688,4,0.0,0.9997671246528625,Rank+
TGAATATGGCCTGCCA-1,1,5,117,3908,0,0,13,1680.4294144,199.53457152000001,1,0.0,5.669034904969997e-24,Rank-
TGAATGCGGTTATGGA-1,1,31,13,3909,0,0,9,247.20366592,807.97238272,0,0.0,0.9998283386230469,Rank+
TGAATGGTGCTTCGAT-1,1,11,9,3910,0,0,8,196.45672448,329.70498048,4,1.0,0.8682986497879028,Background
TGAATGTACCTTCGTC-1,1,31,109,3911,0,0,0,1565.12275456,819.60814592,1,0.0,2.4824220901109584e-08,Rank-
TGAATGTTGACATCGT-1,1,29,93,3912,0,0,4,1345.91998976,769.91217664,2,1.0,0.03016020730137825,Background
TGAATTATGCCGCAGT-1,1,29,29,3913,0,0,9,467.23219456,762.10495488,3,0.0,0.9957829713821411,Rank+
TGAATTCGTGGTATAA-1,1,37,95,3914,0,0,0,1371.66880768,961.2641792000001,1,0.0,2.0414133670067205e-22,Rank-
TGACAGTACTATTCTA-1,1,60,80,3915,0,0,1,1160.87382016,1508.82067456,0,0.0,1.0,Rank+
TGACATTACAACGCCG-1,1,27,43,3916,0,0,9,659.8603776,716.08738816,3,0.0,0.9999998807907104,Rank+
TGACCAACAGATAGGT-1,1,17,41,3917,0,0,4,634.56197632,476.91615232,2,0.0,2.286717037947028e-09,Rank-
TGACCAACTTGGTCAA-1,1,4,66,3918,0,0,5,980.4819558400001,169.43172608,2,0.0,1.4734151398965167e-11,Rank-
TGACCAAGCTGCACAT-1,1,18,64,3919,0,0,3,950.07883264,503.64087296,3,0.0,7.793967961333692e-05,Rank-
TGACCAAGTAAGGACC-1,1,63,75,3920,0,0,1,1091.58472704,1579.91143424,0,0.0,1.0,Rank+
TGACCAATCAGCCACG-1,1,28,82,3921,0,0,1,1195.1054848,744.6888448,0,0.0,0.9999983310699463,Rank+
TGACCAGCACTCCAGC-1,1,42,94,3922,0,0,5,1356.880128,1080.54951936,2,0.0,3.6843051938288685e-13,Rank-
TGACCAGGCTCATGCA-1,1,10,40,3923,0,0,5,622.25058816,309.58637056,2,0.0,4.1684546878206314e-19,Rank-
TGACCAGGTATGACCT-1,1,20,84,3924,0,0,10,1224.23242752,553.78725888,5,0.0,1.0,Rank+
TGACCATCCATCTGCT-1,1,71,69,3925,0,0,1,1007.50695424,1770.2875340800001,0,0.0,1.0,Rank+
TGACCATCCGCCACGT-1,1,77,73,3926,0,0,1,1061.18160384,1914.12058112,0,0.0,1.0,Rank+
TGACCATGTACACTCA-1,1,43,7,3927,0,0,0,162.30012928,1093.91187968,1,0.0,1.375482920677097e-24,Rank-
TGACCTCACGCACGAG-1,1,5,5,3928,0,0,8,142.85714432,185.94700288,4,0.0,4.653945766327908e-16,Rank-
TGACCTCACTCCTTAT-1,1,10,122,3929,0,0,8,1747.9919104,319.57060608,4,0.0,2.0256437472105394e-21,Rank-
TGACCTCCTTCAGATT-1,1,58,54,3930,0,0,0,804.3690496,1457.92359424,1,0.0,5.498517098280139e-24,Rank-
TGACCTGTCTATCTCG-1,1,66,62,3931,0,0,6,912.4690432,1649.95122176,2,0.0,7.271057181166901e-23,Rank-
TGACGCCTGCTTGTGA-1,1,47,125,3932,0,0,10,1781.3978112,1203.7384704,0,0.0,0.999982476234436,Rank+
TGACGCTCACCAAGCC-1,1,15,61,3933,0,0,3,909.54133504,431.57421056,0,0.0,0.9999998807907104,Rank+
TGACGCTGCGATAGTA-1,1,22,94,3934,0,0,3,1361.08401664,602.8076032,3,0.0,1.0,Rank+
TGACGCTTACTAGACA-1,1,19,21,3935,0,0,0,359.50754816,522.25809408,1,0.0,1.065374064523894e-07,Rank-
TGACGGAGCGCTATAC-1,1,39,105,3936,0,0,5,1508.5203968,1010.20945408,2,0.0,2.1890360357712524e-10,Rank-
TGACGGAGTGAGGTTA-1,1,30,120,3937,0,0,0,1716.31260672,797.08731392,4,0.0,0.999968409538269,Rank+
TGACGGCAGCCAGACC-1,1,15,119,3938,0,0,0,1705.80288512,438.63073792,1,0.0,1.824203861524353e-21,Rank-
TGACTCCAAGTCTACC-1,1,48,106,3939,0,0,3,1520.30629888,1225.35846912,0,0.0,1.0,Rank+
TGACTCGGCCGACCGA-1,1,47,7,3940,0,0,11,161.399296,1189.4752768,0,0.0,1.0,Rank+
TGACTCGGTGTCATCG-1,1,14,126,3941,0,0,10,1802.11697664,415.58441984,4,1.0,0.8932170867919922,Background
TGACTCTGCTCGCACG-1,1,53,61,3942,0,0,0,901.50890496,1339.31387904,1,0.0,1.226718091663177e-14,Rank-
TGACTTAATGCGTTGG-1,1,54,8,3943,0,0,2,173.71068416,1356.8050585600001,5,0.0,0.9992432594299316,Rank+
TGACTTCGGCGTAACA-1,1,28,36,3944,0,0,9,563.54628608,739.0586368,0,0.0,0.9999822378158569,Rank+
TGACTTGCACTCACGG-1,1,18,60,3945,0,0,3,895.12800256,503.11538688,3,1.0,0.5905956029891968,Background
TGAGAACGAGTTCTGT-1,1,56,122,3946,0,0,3,1738.30795264,1418.36199936,3,0.0,0.9967936873435974,Rank+
TGAGACAAGGACGACC-1,1,49,89,3947,0,0,4,1286.76527104,1247.20367616,2,1.0,0.009313834831118584,Background
TGAGACAGAAGTGCTC-1,1,35,79,3948,0,0,6,1152.39097344,911.49314048,2,0.0,2.9015360082169205e-20,Rank-
TGAGACCTGAGCCGAG-1,1,70,116,3949,0,0,7,1652.9539993600001,1752.1207296,3,1.0,0.13769036531448364,Background
TGAGACGTGAACGGTC-1,1,59,125,3950,0,0,10,1778.84545024,1490.42866176,0,0.0,1.0,Rank+
TGAGACTATTGAATCT-1,1,57,61,3951,0,0,0,900.68314112,1434.87727616,1,0.0,1.5829658619170934e-24,Rank-
TGAGATGCTCTAATGA-1,1,16,38,3952,0,0,5,593.57406208,452.6687232,2,1.0,0.04150163009762764,Background
TGAGCACCTCGACGTT-1,1,11,103,3953,0,0,4,1486.97546752,341.11553536,2,0.0,1.494693924186663e-09,Rank-
TGAGCATAGTCTTATT-1,1,15,15,3954,0,0,6,277.98213632,426.019072,4,0.0,8.684585169060899e-13,Rank-
TGAGCCGCGTGATCAT-1,1,45,7,3955,0,0,11,161.84971264,1141.65604352,2,0.0,1.0,Rank+
TGAGGAATCCATAGAA-1,1,47,19,3956,0,0,2,326.1767168,1190.90159616,5,0.0,0.9986968636512756,Rank+
TGAGGACCACTGTTAC-1,1,23,5,3957,0,0,12,139.02860288,615.86968576,0,0.0,4.8377025012949795e-28,Rank-
TGAGGTAGGACTACTG-1,1,34,64,3958,0,0,4,946.7007078400001,885.819392,0,0.0,1.0,Rank+
TGAGTAAGCGCAATCC-1,1,55,35,3959,0,0,3,544.10330112,1383.9051264,0,0.0,1.0,Rank+
TGAGTACGCTGCTCAG-1,1,73,67,3960,0,0,1,979.656192,1817.8064896,0,0.0,1.0,Rank+
TGAGTATTCTAGGACT-1,1,44,106,3961,0,0,1,1521.2071321600001,1129.7950720000001,0,0.0,1.0,Rank+
TGAGTCGCCTCCGTCG-1,1,26,0,3962,0,0,0,69.73950976,686.9604454400001,1,0.0,6.044924247154832e-19,Rank-
TGAGTGAGATCGCTAA-1,1,20,68,3963,0,0,7,1004.57924608,551.91052288,3,1.0,0.646635890007019,Background
TGAGTGAGGCACGCCT-1,1,44,102,3964,0,0,4,1466.25630208,1129.34465536,0,0.0,0.9999998807907104,Rank+
TGAGTGCAGAGGACCA-1,1,31,3,3965,0,0,12,109.90166016,806.77127168,0,0.0,0.9999953508377075,Rank+
TGAGTTGTCCTCGCTT-1,1,11,17,3966,0,0,8,306.2833152,330.6808832,4,0.0,1.0,Rank+
TGAGTTGTTAGCACCG-1,1,59,115,3967,0,0,2,1641.54344448,1489.22755072,3,1.0,0.6794120073318481,Background
TGATAAGCAGTAAGAA-1,1,43,103,3968,0,0,4,1480.2192179200001,1105.54764288,0,0.0,0.9999997615814209,Rank+
TGATAGGAGCATCAAC-1,1,47,49,3969,0,0,0,738.00766464,1194.50492928,1,0.0,1.7410185421776698e-22,Rank-
TGATCCGCACTCCTTA-1,1,39,19,3970,0,0,11,327.82824448,999.77480192,3,0.0,0.9999990463256836,Rank+
TGATCGGACCTGGATG-1,1,50,76,3971,0,0,5,1108.0249344000001,1269.49929984,2,0.0,0.00016814566333778203,Rank-
TGATCTTGCCTATTGT-1,1,6,8,3972,0,0,8,183.84505856,210.194432,4,0.0,2.0850152160356572e-10,Rank-
TGATGGAACTAACGAA-1,1,63,97,3973,0,0,2,1393.58908416,1582.53886464,3,0.0,1.7593290713158183e-10,Rank-
TGATGGCCGGCATCGC-1,1,45,55,3974,0,0,0,820.80925696,1147.51145984,1,0.0,6.309587100388677e-25,Rank-
TGATGGCGCAGGCTAG-1,1,5,21,3975,0,0,8,362.51032576,187.82373888,4,0.0,4.7132325562415645e-05,Rank-
TGATGGCTAATCCATA-1,1,71,115,3976,0,0,2,1639.06615296,1775.84267264,3,0.0,7.52183737517953e-08,Rank-
TGATGGCTGCGACGAT-1,1,56,40,3977,0,0,1,612.5666304,1408.45283328,0,0.0,1.0,Rank+
TGATGGTTCCACTGAT-1,1,54,112,3978,0,0,2,1601.45636352,1369.41672448,3,0.0,2.3741037580293778e-08,Rank-
TGATTAGAATGACATA-1,1,29,55,3979,0,0,2,824.18738176,765.25787136,3,0.0,0.9954814910888672,Rank+
TGATTCAAGATCGAGC-1,1,18,18,3980,0,0,0,318.59470336,498.01066496,1,0.0,1.7130678386240161e-12,Rank-
TGATTCGTCTGGATCT-1,1,56,48,3981,0,0,6,722.39322112,1409.428736,2,0.0,8.259354745002268e-24,Rank-
TGCAACAGTGAAGCTC-1,1,23,57,3982,0,0,7,852.93897728,622.17551872,3,0.0,0.9999868869781494,Rank+
TGCAACGTTACCTGGT-1,1,43,75,3983,0,0,0,1095.78861568,1102.16951808,1,0.0,2.5085750835665367e-39,Rank-
TGCACCGGTCACCTCC-1,1,17,25,3984,0,0,0,414.90879488,474.96434688,1,0.0,3.1921816354540047e-17,Rank-
TGCACGAATGTACTAA-1,1,7,13,3985,0,0,8,252.2333184,234.66706944,4,0.0,1.4735698304120142e-22,Rank-
TGCACGAGTAGAGTTA-1,1,14,76,3986,0,0,3,1115.68201728,409.5037952,3,1.0,0.032899048179388046,Background
TGCACGAGTGTCAGCC-1,1,47,91,3987,0,0,4,1314.61603328,1199.6096512,2,1.0,0.3968985080718994,Background
TGCACGCTCCTATCCG-1,1,23,21,3988,0,0,4,358.68178432,617.8214912,2,0.0,0.995740532875061,Rank+
TGCACGGCTGAGACTT-1,1,38,34,3989,0,0,2,533.96892672,977.70438656,3,0.0,1.9538048945832998e-05,Rank-
TGCACGGCTGGTAAGG-1,1,71,73,3990,0,0,3,1062.45778432,1770.73795072,0,0.0,1.0,Rank+
TGCACGGTAGACGGTA-1,1,67,93,3991,0,0,2,1337.88755968,1677.65184512,5,0.0,1.0,Rank+
TGCACGTAGTTCGAAG-1,1,46,78,3992,0,0,5,1136.40118272,1174.16111104,2,0.0,7.342518338163703e-17,Rank-
TGCACGTGATTATCAA-1,1,51,115,3993,0,0,2,1643.2700416,1298.10075648,3,1.0,0.07694102823734283,Background
TGCACTCCAGCTACTC-1,1,29,111,3994,0,0,0,1592.9735168,772.0891904,1,0.0,2.2644115716769232e-21,Rank-
TGCAGAAGCAGTAGGC-1,1,14,12,3995,0,0,0,237.06929152,401.77164288,5,1.0,0.41081729531288147,Background
TGCAGAATCGGAGGCT-1,1,71,101,3996,0,0,10,1446.81331712,1774.19114496,5,0.0,1.0,Rank+
TGCAGACAATACTGTT-1,1,45,65,3997,0,0,0,958.11126272,1148.71257088,1,0.0,2.5073072212704027e-21,Rank-
TGCAGACGAACCAGAT-1,1,24,4,3998,0,0,12,125.06568704,639.66669824,0,0.0,0.9999960660934448,Rank+
TGCAGAGCCTTGCCGG-1,1,74,80,3999,0,0,2,1157.87104256,1843.25502976,3,0.0,2.465549986396809e-10,Rank-
TGCAGAGGTCGTAATT-1,1,46,108,4000,0,0,3,1548.23213056,1177.8395136,0,0.0,0.9999984502792358,Rank+
TGCAGTACAACGAGTG-1,1,46,14,4001,0,0,9,257.71338752,1166.42895872,3,0.0,0.0009795462246984243,Rank-
TGCAGTCGAGCACCAA-1,1,57,79,4002,0,0,1,1147.73666816,1437.05428992,0,0.0,1.0,Rank+
TGCAGTTATTCCACTC-1,1,32,60,4003,0,0,1,892.2002944,837.54974208,0,0.0,1.0,Rank+
TGCAGTTGTCGGAGCG-1,1,10,100,4004,0,0,4,1445.98755328,316.86810624000003,2,0.0,4.901914811561436e-12,Rank-
TGCATAAGTTCCTGAA-1,1,0,28,4005,0,0,8,459.65018112,69.28909312,4,0.0,2.492179573820863e-09,Rank-
TGCATTAATGGCCACC-1,1,27,91,4006,0,0,4,1318.81992192,721.86773504,0,0.0,0.9983474016189575,Rank+
TGCATTCACTTCGCCG-1,1,58,0,4007,0,0,2,62.98326016,1451.39255296,3,0.0,0.0002662165788933635,Rank-
TGCATTCGCCAGCGAT-1,1,24,16,4008,0,0,6,289.84310784,641.0930176,2,0.0,0.9997667670249939,Rank+
TGCATTCGCTACAATG-1,1,56,58,4009,0,0,12,859.6952268800001,1410.62984704,1,0.0,8.720538397302691e-13,Rank-
TGCATTCGTCTACAGG-1,1,57,127,4010,0,0,5,1806.77128192,1442.90970624,0,0.0,1.0,Rank+
TGCATTCTTACGGAGG-1,1,43,15,4011,0,0,11,272.12672,1094.8877824,3,0.0,1.0,Rank+
TGCATTGCTGTCGGCG-1,1,43,71,4012,0,0,0,1040.91285504,1101.644032,1,0.0,7.963606834924695e-16,Rank-
TGCCAATCCATGTCTA-1,1,24,62,4013,0,0,2,921.3272371200001,646.7232256,3,0.0,1.0,Rank+
TGCCACAATGCTACCG-1,1,24,20,4014,0,0,6,344.71886848,641.61850368,2,1.0,0.040050264447927475,Background
TGCCACTATCAGGCAG-1,1,66,42,4015,0,0,7,637.94010112,1647.54899968,3,0.0,0.00027640603366307914,Rank-
TGCCACTCAACCGGCC-1,1,22,32,4016,0,0,6,509.94670592,595.3006592,2,1.0,0.07780564576387405,Background
TGCCACTTAAGTGATG-1,1,56,10,4017,0,0,2,200.73568256000001,1404.77443072,3,1.0,0.8783994913101196,Background
TGCCAGACGAGTTAGG-1,1,10,112,4018,0,0,0,1610.76497408,318.36949504,4,0.0,1.389188629487452e-23,Rank-
TGCCAGATACGACTGG-1,1,2,0,4019,0,0,8,74.84423168000001,113.65513216000001,4,0.0,1.0711419307085635e-08,Rank-
TGCCAGCTATTGTAGA-1,1,44,100,4020,0,0,4,1438.78088704,1129.0443776,2,1.0,0.748839795589447,Background
TGCCAGGATGAGGTTC-1,1,31,95,4021,0,0,6,1372.94498816,817.95661824,2,0.0,1.9575297329280095e-13,Rank-
TGCCAGTGATTCGTGC-1,1,41,49,4022,0,0,5,739.28384512,1051.1973683200001,2,0.0,2.993985614985206e-11,Rank-
TGCCAGTTATGCAGCT-1,1,74,124,4023,0,0,1,1761.95482624,1848.5849600000001,0,0.0,1.0,Rank+
TGCCGAATCAAGCGTC-1,1,10,48,4024,0,0,5,732.07717888,310.56227328,2,0.0,7.921455713599812e-10,Rank-
TGCCGAGTTAAGAACG-1,1,54,64,4025,0,0,0,942.4968192,1363.56130816,1,0.0,5.161695515454312e-09,Rank-
TGCCGGCATTATAGAT-1,1,59,95,4026,0,0,7,1367.0145024,1486.7502592,0,0.0,1.0,Rank+
TGCCTAAGTTAATTAT-1,1,37,69,4027,0,0,12,1014.71362048,958.11126272,0,1.0,0.9336679577827454,Background
TGCCTACGCAGGCTGC-1,1,34,122,4028,0,0,6,1742.96225792,892.87591936,2,0.0,1.2224338201917884e-15,Rank-
TGCCTATCAATGCCAT-1,1,35,107,4029,0,0,0,1536.82157568,914.94633472,1,0.0,6.758668110879664e-26,Rank-
TGCCTATCGGCTATGT-1,1,30,26,4030,0,0,9,425.86893312,785.67675904,5,0.0,0.9999961853027344,Rank+
TGCCTATGGACTGGTC-1,1,72,68,4031,0,0,1,993.61910784,1794.00947712,0,0.0,1.0,Rank+
TGCCTTAGGCGTCTAT-1,1,62,66,4032,0,0,6,968.24563712,1554.91331072,1,0.0,1.7590360776439294e-30,Rank-
TGCGAACATATCGGCT-1,1,13,7,4033,0,0,8,168.60596224,377.223936,4,0.0,1.001692869276316e-12,Rank-
TGCGAATCCGGCTTGA-1,1,5,39,4034,0,0,0,609.63892224,190.07582208,4,0.0,2.392708698274043e-13,Rank-
TGCGAATTCTCCGCAC-1,1,37,89,4035,0,0,0,1289.2425625600001,960.5134848,1,0.0,3.104340580355106e-22,Rank-
TGCGACTACGTGCGAG-1,1,51,21,4036,0,0,2,352.75129856,1286.6902016,3,1.0,0.027715671807527542,Background
TGCGAGCCAGACGAAT-1,1,18,100,4037,0,0,1,1444.3360256,507.99490048,0,0.0,1.0,Rank+
TGCGATACGCCTCGCA-1,1,3,43,4038,0,0,0,664.96509952,142.78207488,4,0.0,1.208315999340348e-12,Rank-
TGCGATCGGATTCACT-1,1,75,127,4039,0,0,10,1802.94274048,1872.83238912,0,0.0,1.0,Rank+
TGCGATCTTGCTCGAT-1,1,60,104,4040,0,0,2,1490.35359232,1511.74838272,3,0.0,1.7943056369591585e-14,Rank-
TGCGATGCAGGTGCGA-1,1,38,0,4041,0,0,0,67.26221824,973.57556736,1,0.0,2.617242016442548e-28,Rank-
TGCGATGTGCCTTGGC-1,1,13,9,4042,0,0,0,196.08137728,377.52421376,4,1.0,0.39312753081321716,Background
TGCGATTAGCTCCGCC-1,1,35,105,4043,0,0,0,1509.34616064,914.7211264,1,0.0,2.644424770352771e-31,Rank-
TGCGCCAGTAATGATC-1,1,26,4,4044,0,0,9,124.69033984000001,687.41086208,0,0.0,1.0,Rank+
TGCGCCGAACGGACTC-1,1,47,101,4045,0,0,1,1451.91803904,1200.88583168,0,0.0,1.0,Rank+
TGCGCCGATCGCGAAG-1,1,19,51,4046,0,0,3,771.41356544,525.93649664,0,0.0,1.0,Rank+
TGCGCCTCTGGCTACA-1,1,24,114,4047,0,0,6,1635.23761152,653.0290585600001,2,0.0,9.391399879987716e-10,Rank-
TGCGCCTCTTCGGCGA-1,1,69,49,4048,0,0,1,733.35335936,1720.06607872,0,0.0,1.0,Rank+
TGCGCTCATAGAACGA-1,1,46,88,4049,0,0,5,1273.62811904,1175.36222208,2,0.0,9.370667726216197e-07,Rank-
TGCGGACATTCGCCGG-1,1,21,127,4050,0,0,0,1814.35329536,582.9142016,4,0.0,3.0103639026002327e-10,Rank-
TGCGGACCATGGTACC-1,1,69,85,4051,0,0,2,1227.6105523200001,1724.42010624,3,0.0,0.003246065229177475,Rank-
TGCGGACGATACGGAC-1,1,64,114,4052,0,0,2,1626.7547648,1608.51289088,3,0.0,6.21085282270957e-14,Rank-
TGCGGACTCACGTGAT-1,1,32,70,4053,0,0,4,1029.50230016,838.75085312,0,0.0,1.0,Rank+
TGCGGACTTCTGTCGC-1,1,57,59,4054,0,0,12,873.20772608,1434.65206784,1,0.0,0.00014103228750173002,Rank-
TGCGGATCATCCTAGA-1,1,17,93,4055,0,0,3,1348.39728128,483.22198528,3,0.0,9.703853720566258e-09,Rank-
TGCGGATCGGATCTTA-1,1,41,21,4056,0,0,2,354.92831232000003,1047.81924352,5,0.0,4.871518299864874e-09,Rank-
TGCGTCCTAAGTTCCA-1,1,74,118,4057,0,0,7,1679.60365056,1847.90933504,3,0.0,3.7266509322897434e-11,Rank-
TGCGTCTGGATCGGAT-1,1,28,14,4058,0,0,9,261.54192896,736.4312064000001,0,0.0,0.999874472618103,Rank+
TGCGTGTCAGCCAGTG-1,1,59,57,4059,0,0,0,845.2818944,1482.17102336,4,0.0,9.21488496619105e-10,Rank-
TGCGTGTCGGCGGATA-1,1,34,96,4060,0,0,0,1386.00707072,889.72300288,1,0.0,4.094229926182734e-33,Rank-
TGCGTTAGCACGTACC-1,1,52,28,4061,0,0,2,448.69004288,1311.4631168,3,0.0,1.2734872878450432e-10,Rank-
TGCGTTATGTTCCGGA-1,1,37,83,4062,0,0,0,1206.89138688,959.7627904,1,0.0,2.428124296652106e-38,Rank-
TGCGTTATTGTTGCGA-1,1,76,96,4063,0,0,2,1377.1488768,1893.02606848,5,0.0,0.00012024844909319654,Rank-
TGCGTTGTATTGCCTG-1,1,51,33,4064,0,0,3,517.52871936,1288.1165209600001,0,1.0,0.7403512597084045,Background
TGCTACGCTGCGTGGA-1,1,7,65,4065,0,0,4,966.1436928,240.9729024,0,0.0,1.0,Rank+
TGCTATAATGTCGCTG-1,1,62,96,4066,0,0,2,1380.07658496,1558.59171328,3,0.0,1.3642212359776806e-10,Rank-
TGCTATCCATGTAATA-1,1,33,75,4067,0,0,6,1097.89056,863.2985600000001,2,0.0,0.00012285109551157802,Rank-
TGCTATCCTAAGACGA-1,1,9,65,4068,0,0,1,965.69327616,288.71706624,0,0.0,1.0,Rank+
TGCTATGGTTGCGACA-1,1,15,87,4069,0,0,3,1266.49652224,434.72712704,3,0.0,0.9999839067459106,Rank+
TGCTATTGCGGCGTGG-1,1,29,13,4070,0,0,9,247.57901312,760.15314944,0,0.0,1.0,Rank+
TGCTATTGGTAAGTTC-1,1,54,126,4071,0,0,10,1793.63412992,1371.06825216,0,0.0,1.0,Rank+
TGCTCAGATTGGTAGC-1,1,62,102,4072,0,0,2,1462.50283008,1559.26733824,3,0.0,5.744503484006458e-11,Rank-
TGCTCCTAACGGAAGA-1,1,52,8,4073,0,0,2,174.08603136,1308.98582528,5,0.0,1.0,Rank+
TGCTGTATTAGCGGTC-1,1,67,97,4074,0,0,2,1392.76332032,1678.10226176,5,0.0,1.0,Rank+
TGCTGTCAGAACGAAG-1,1,31,47,4075,0,0,2,713.9103744,812.10120192,3,1.0,0.9264497756958008,Background
TGCTGTCTTGTTAATG-1,1,54,88,4076,0,0,1,1271.97659136,1366.48901632,0,0.0,1.0,Rank+
TGCTGTGAAGTCAAGA-1,1,45,17,4077,0,0,9,299.1517184,1142.85715456,3,0.0,2.2853661237748346e-12,Rank-
TGCTGTTCTGTAGACC-1,1,15,125,4078,0,0,10,1788.1540608,439.38143232,4,0.0,1.0,Rank+
TGCTGTTCTTGTCCAA-1,1,23,125,4079,0,0,0,1786.50253312,630.43315712,4,0.0,1.0,Rank+
TGCTTACTCACCGGTC-1,1,23,105,4080,0,0,4,1511.8985216,628.03093504,2,1.0,0.9108663201332092,Background
TGCTTAGCCTGTTGGT-1,1,11,25,4081,0,0,8,416.10990592,331.65678592,1,0.0,7.955151914984526e-08,Rank-
TGCTTAGCTCCTGGCT-1,1,22,46,4082,0,0,9,702.12447232,596.95218688,0,0.0,1.0,Rank+
TGCTTAGTTGACTTAC-1,1,66,52,4083,0,0,4,775.1670374400001,1648.75011072,2,0.0,4.2757307028296054e-07,Rank-
TGCTTATGAATAAGCA-1,1,43,113,4084,0,0,3,1617.52122368,1106.7487539200001,0,0.0,1.0,Rank+
TGCTTATGACGCTGGC-1,1,47,87,4085,0,0,5,1259.74027264,1199.15923456,2,0.0,4.5107615733286366e-05,Rank-
TGCTTATGCGGTTCTG-1,1,13,87,4086,0,0,3,1266.87186944,386.98296320000003,0,0.0,1.0,Rank+
TGGAAGACGTGAGTAG-1,1,19,11,4087,0,0,0,222.28061184,521.05698304,1,0.0,7.158009854108326e-21,Rank-
TGGAAGACTAGTCTTG-1,1,63,99,4088,0,0,2,1421.0644992,1582.8391424000001,3,0.0,3.747319295144269e-12,Rank-
TGGAAGCCATAACAGT-1,1,16,26,4089,0,0,0,428.79664128,451.24240384,1,0.0,3.029618141334741e-30,Rank-
TGGAAGCTAGTAATAC-1,1,2,6,4090,0,0,8,157.19540736,114.40582656000001,4,0.0,2.281620638949766e-12,Rank-
TGGAAGCTCCATCGAC-1,1,34,14,4091,0,0,11,260.26574848,879.73876736,0,0.0,1.0,Rank+
TGGAAGTCCGCAGTCT-1,1,67,123,4092,0,0,1,1749.71850752,1681.25517824,0,0.0,0.9999994039535522,Rank+
TGGAAGTCTGGACTAA-1,1,70,110,4093,0,0,2,1570.60282368,1751.3700352,5,0.0,1.0,Rank+
TGGACGCCTGCGACCG-1,1,28,54,4094,0,0,2,810.67488256,741.3107200000001,3,1.0,0.08756417781114578,Background
TGGACTGACGTACCAC-1,1,14,22,4095,0,0,8,374.29622784000003,402.97275392,1,0.0,9.911972398181168e-22,Rank-
TGGAGTGAACGCGGTC-1,1,27,19,4096,0,0,9,330.38060544,713.15968,0,0.0,0.9999997615814209,Rank+
TGGAGTGATGGCTCTT-1,1,35,23,4097,0,0,10,383.6048384,904.73689088,1,0.0,0.9999997615814209,Rank+
TGGAGTGCTCCTGATC-1,1,31,103,4098,0,0,0,1482.77157888,818.85745152,1,0.0,1.0191829197788353e-22,Rank-
TGGAGTTGAGTCGACA-1,1,8,82,4099,0,0,1,1199.30937344,266.94692864,0,0.0,1.0,Rank+
TGGATCATTGTAACGG-1,1,41,41,4100,0,0,1,629.4572544,1050.2214656,0,0.0,1.0,Rank+
TGGATCCAGTCACTTC-1,1,37,93,4101,0,0,0,1344.19339264,961.03897088,1,0.0,6.715156114906508e-27,Rank-
TGGATTAGTACATTGC-1,1,4,78,4102,0,0,5,1145.25937664,170.85804544,2,0.0,3.5512427585247086e-19,Rank-
TGGCAAGCGACACTTA-1,1,40,16,4103,0,0,11,286.46498304,1023.34660608,3,1.0,0.9952479004859924,Background
TGGCATCGATCAATTG-1,1,16,22,4104,0,0,8,373.92088064,450.71691776,1,0.0,5.255738119019915e-12,Rank-
TGGCATGCGTTCACGC-1,1,18,36,4105,0,0,5,565.6482304,500.18767872,2,0.0,1.7528163880342618e-06,Rank-
TGGCATGTTCGAACAG-1,1,25,13,4106,0,0,9,248.4798464,664.66482176,0,0.0,1.0,Rank+
TGGCCAACATTCTGAG-1,1,20,56,4107,0,0,3,839.80182528,550.4091340800001,3,0.0,1.0,Rank+
TGGCCAAGCGTACAAG-1,1,26,120,4108,0,0,0,1717.21344,701.5239168,4,0.0,2.7086219009896106e-13,Rank-
TGGCCAAGCTGGCACC-1,1,41,3,4109,0,0,0,107.79971584,1045.64222976,1,0.0,2.556696159393201e-17,Rank-
TGGCCACTCCGCGGAC-1,1,52,102,4110,0,0,3,1464.6047744,1320.39638016,0,0.0,1.0,Rank+
TGGCCACTCCTGAGTG-1,1,61,95,4111,0,0,2,1366.5640857600001,1534.56949248,3,0.0,5.896139826377933e-11,Rank-
TGGCCAGAATCACTTG-1,1,6,94,4112,0,0,6,1364.46214144,220.62908416,1,0.0,1.1844414700783289e-19,Rank-
TGGCCAGAGTATCTCC-1,1,27,107,4113,0,0,5,1538.47310336,723.81954048,2,0.0,4.563444022664953e-08,Rank-
TGGCCAGATCCGGACA-1,1,48,76,4114,0,0,5,1108.47535104,1221.6800665600001,2,0.0,8.00157329283735e-10,Rank-
TGGCCGTCTATCAGGA-1,1,53,5,4115,0,0,2,132.72276992,1332.55762944,5,0.0,1.0,Rank+
TGGCCTGACATACTCA-1,1,39,61,4116,0,0,6,904.4366131200001,1004.87952384,2,0.0,3.0537347206107487e-19,Rank-
TGGCCTGGCACTGTGG-1,1,45,49,4117,0,0,6,738.45808128,1146.7607654400001,2,0.0,8.257573227629655e-13,Rank-
TGGCGAATTCTATGGT-1,1,73,61,4118,0,0,1,897.30501632,1817.0557952,0,0.0,0.9999996423721313,Rank+
TGGCGACACTGCCGGA-1,1,21,63,4119,0,0,7,935.7405696,575.18204928,3,1.0,0.035220157355070114,Background
TGGCGACAGCACGGCC-1,1,60,106,4120,0,0,2,1517.82900736,1511.97359104,3,1.0,0.9931500554084778,Background
TGGCGACATACGCTCA-1,1,66,124,4121,0,0,1,1763.68142336,1657.5332352,0,0.0,1.0,Rank+
TGGCGACTGCTATCAA-1,1,2,124,4122,0,0,13,1777.19392256,128.66902016,1,0.0,1.5087728399976186e-08,Rank-
TGGCGAGCCACTAGCG-1,1,40,2,4123,0,0,0,94.28721664,1021.6200089600001,1,1.0,0.670063316822052,Background
TGGCGAGCTCCACGTG-1,1,7,63,4124,0,0,4,938.66827776,240.74769408,0,0.0,0.9999998807907104,Rank+
TGGCTCACTCAATCAC-1,1,12,4,4125,0,0,8,127.618048,352.97650688,4,0.0,4.5864475396228954e-05,Rank-
TGGCTCCGCATCAGAT-1,1,26,76,4126,0,0,1,1113.12965632,696.19398656,0,0.0,1.0,Rank+
TGGCTGGACCTTAGGA-1,1,16,2,4127,0,0,0,99.31686912,448.31469568,4,0.0,2.4240228964703125e-13,Rank-
TGGCTGGAGTTATTGT-1,1,77,125,4128,0,0,1,1775.0919782400001,1920.42641408,0,1.0,0.9497907757759094,Background
TGGTACAAGACACTGA-1,1,61,61,4129,0,0,0,899.78230784,1530.44067328,4,0.0,1.2065410714967584e-07,Rank-
TGGTACCAATACTTAC-1,1,55,5,4130,0,0,2,132.27235328,1380.30179328,3,0.0,0.0023841294459998608,Rank-
TGGTACCAGATTGTTA-1,1,11,57,4131,0,0,1,855.49133824,335.5603968,0,0.0,1.0,Rank+
TGGTACGGACGTAGTT-1,1,30,82,4132,0,0,4,1194.65506816,792.43300864,0,0.0,1.0,Rank+
TGGTACGGTCGGCGAA-1,1,20,44,4133,0,0,1,675.09947392,548.98281472,0,0.0,0.9999916553497314,Rank+
TGGTACGTGCTGTTGA-1,1,19,107,4134,0,0,4,1540.19970048,532.69274624,2,1.0,0.9876106977462769,Background
TGGTACTGACCGCTGC-1,1,73,77,4135,0,0,7,1116.95819776,1819.00760064,3,0.0,0.9972911477088928,Rank+
TGGTACTGGTATCTTG-1,1,18,38,4136,0,0,4,593.12364544,500.48795648,2,0.0,3.601679782150313e-05,Rank-
TGGTAGACGTATTAAT-1,1,5,61,4137,0,0,5,911.6432793600001,192.70325248,2,0.0,3.247574986708912e-10,Rank-
TGGTAGCATCAAGTCT-1,1,35,65,4138,0,0,4,960.21320704,909.8416128,2,0.0,7.188413420067263e-09,Rank-
TGGTAGCCAGTTGACA-1,1,21,71,4139,0,0,2,1045.56716032,576.157952,5,0.0,3.6215863641331225e-09,Rank-
TGGTATGCAAGTCTAT-1,1,27,83,4140,0,0,1,1208.9933312,720.89183232,0,0.0,1.0,Rank+
TGGTATTCCTAGTCCA-1,1,36,56,4141,0,0,1,836.42370048,932.58765312,0,0.0,0.9999997615814209,Rank+
TGGTATTGAGTTGTAA-1,1,53,51,4142,0,0,0,764.2068992000001,1338.112768,1,0.0,2.1321784169181746e-24,Rank-
TGGTCATCTAGGTCAT-1,1,5,41,4143,0,0,0,637.03926784,190.3010304,4,0.0,5.2125840955310044e-18,Rank-
TGGTCGAGATCTGTAA-1,1,74,88,4144,0,0,2,1267.77270272,1844.23093248,5,0.0,1.0,Rank+
TGGTCGCCGGCTTACT-1,1,44,68,4145,0,0,0,999.47452416,1125.21583616,1,0.0,2.5561410765817527e-09,Rank-
TGGTCTCAGAATGCAC-1,1,25,119,4146,0,0,0,1703.7009408000001,677.501696,1,0.0,5.451515086219976e-20,Rank-
TGGTCTGCTCAGGTTG-1,1,53,67,4147,0,0,0,983.86008064,1340.06457344,1,0.0,5.3170975380847224e-14,Rank-
TGGTGCACGACCTTAG-1,1,33,43,4148,0,0,2,658.58419712,859.39494912,3,1.0,0.15835922956466675,Background
TGGTGCAGACCGAAGT-1,1,46,58,4149,0,0,0,861.7971712,1171.75888896,1,0.0,9.89781369753473e-07,Rank-
TGGTGCAGTACCATGC-1,1,55,107,4150,0,0,2,1532.61768704,1392.68825088,3,1.0,0.1507061868906021,Background
TGGTGCATTGTAATCC-1,1,37,5,4151,0,0,12,136.10089472,950.3040409600001,0,0.0,5.398418905537474e-18,Rank-
TGGTGCCGCTGCAACA-1,1,28,8,4152,0,0,9,179.19075328,735.680512,0,0.0,9.018303330776689e-07,Rank-
TGGTGCCTAGCACGGC-1,1,43,97,4153,0,0,5,1397.86804224,1104.79694848,2,0.0,1.744578668194663e-07,Rank-
TGGTGCCTGTGGTTAC-1,1,2,14,4154,0,0,8,267.02199808,115.30665984000001,4,0.0,4.983097490196542e-09,Rank-
TGGTGCCTTCCGCTAA-1,1,13,115,4155,0,0,0,1651.30247168,390.361088,1,0.0,7.796467200183783e-34,Rank-
TGGTGCGAACGTGGCG-1,1,15,11,4156,0,0,0,223.10637568,425.49358592,5,0.0,0.9999990463256836,Rank+
TGGTGCGAATCCTGCT-1,1,9,11,4157,0,0,8,224.38255616,282.18602496,4,1.0,0.9948662519454956,Background
TGGTGCGAGGTCGTAT-1,1,22,84,4158,0,0,10,1223.78201088,601.60649216,5,0.0,0.9999988079071045,Rank+
TGGTTGAACACGCCAA-1,1,33,53,4159,0,0,3,795.88620288,860.59606016,0,0.0,1.0,Rank+
TGGTTGCCTCCGGCTT-1,1,27,55,4160,0,0,2,824.6377984000001,717.51370752,5,0.0,0.9985211491584778,Rank+
TGGTTGGCGAAGCCTT-1,1,33,123,4161,0,0,0,1756.92517376,869.07890688,1,0.0,1.398284305433114e-17,Rank-
TGGTTGGTATCGGCAT-1,1,71,61,4162,0,0,4,897.68036352,1769.31163136,0,0.0,1.0,Rank+
TGTAAGATCTTCACAT-1,1,39,81,4163,0,0,0,1179.04062464,1007.35681536,1,0.0,2.191277107682632e-12,Rank-
TGTAAGGTGAGCGACC-1,1,47,67,4164,0,0,6,985.13626112,1196.75701248,1,0.0,6.21144230047949e-30,Rank-
TGTAATAGCCGATTAT-1,1,32,120,4165,0,0,0,1715.93725952,844.83147776,1,0.0,2.0365270356809613e-31,Rank-
TGTAATCATATGAGAC-1,1,40,40,4166,0,0,1,615.9447552,1026.1992448,0,0.0,1.0,Rank+
TGTAATCGAGACTGGC-1,1,70,44,4167,0,0,3,664.51468288,1743.33760512,3,0.0,5.157507985131815e-05,Rank-
TGTAATGCACTACGAG-1,1,63,89,4168,0,0,7,1283.76249344,1581.5629619200001,3,0.0,3.944235750560769e-19,Rank-
TGTAATGCCTAACACC-1,1,68,48,4169,0,0,1,719.84086016,1696.04385792,0,0.0,1.0,Rank+
TGTAATTGTATCCTCG-1,1,19,97,4170,0,0,3,1402.8976947200001,531.4916352,0,0.0,1.0,Rank+
TGTACCAACTACGCAT-1,1,25,107,4171,0,0,4,1538.92352,676.0753766400001,2,0.0,0.9974036812782288,Rank+
TGTACCACATACTGGT-1,1,39,113,4172,0,0,4,1618.34698752,1011.1853568,2,0.0,3.3846535529846733e-07,Rank-
TGTAGCCGTACATAAC-1,1,73,63,4173,0,0,1,924.70536192,1817.3560729600001,0,0.0,0.999994158744812,Rank+
TGTAGGAGCTTCAATA-1,1,8,102,4174,0,0,6,1473.91338496,269.34915072,1,0.0,4.374950383805686e-22,Rank-
TGTAGGATCAGAGCGT-1,1,50,30,4175,0,0,2,476.54080512,1263.86909184,3,0.0,1.8177841176747478e-11,Rank-
TGTAGGCACGTACCTC-1,1,15,9,4176,0,0,0,195.63096064,425.2683776,5,0.0,0.9992239475250244,Rank+
TGTAGGCAGGTCTAGC-1,1,74,74,4177,0,0,3,1075.51986688,1842.5794048,0,0.0,1.0,Rank+
TGTAGGTCACTACATG-1,1,38,102,4178,0,0,6,1467.53248256,985.96202496,1,0.0,7.545066637248965e-06,Rank-
TGTAGGTCTGAACGCA-1,1,48,16,4179,0,0,2,284.73838592,1214.39833088,3,0.0,0.00016631290782243013,Rank-
TGTAGGTTCTGGCTTA-1,1,21,43,4180,0,0,1,661.13655808,572.70475776,0,0.0,1.0,Rank+
TGTATCGGCGGTCGCA-1,1,21,13,4181,0,0,6,249.30561024,569.10142464,5,0.0,0.9999998807907104,Rank+
TGTATGATTGTAGGTG-1,1,65,53,4182,0,0,4,789.12995328,1625.02816768,2,1.0,0.025601403787732124,Background
TGTATGCAGGATTCAC-1,1,74,100,4183,0,0,2,1432.47505408,1845.73232128,5,0.0,1.0,Rank+
TGTATGCTCGCCTAGT-1,1,65,107,4184,0,0,10,1530.51574272,1631.55920896,5,0.0,0.9999998807907104,Rank+
TGTATGGTGCCAAGGT-1,1,46,40,4185,0,0,1,614.66857472,1169.5818752,0,1.0,0.005528488662093878,Background
TGTATGTCGAGGAAGC-1,1,68,122,4186,0,0,1,1735.75559168,1705.05219072,0,0.0,1.0,Rank+
TGTCAACTCATCAACG-1,1,22,52,4187,0,0,3,784.475648,597.70288128,0,0.0,1.0,Rank+
TGTCAACTTATTCAAT-1,1,76,80,4188,0,0,7,1157.4956953600001,1891.07426304,0,0.0,0.9999998807907104,Rank+
TGTCAAGAACTCGGCG-1,1,1,39,4189,0,0,0,610.46468608,94.51242496,4,1.0,0.8330397605895996,Background
TGTCAAGCGGATCGGT-1,1,53,101,4190,0,0,3,1450.64185856,1344.19339264,0,0.0,1.0,Rank+
TGTCACAGACGTATCC-1,1,68,62,4191,0,0,6,912.093696,1697.7704550400001,2,0.0,6.272255632211454e-06,Rank-
TGTCACTAGCTCAGAC-1,1,74,54,4192,0,0,1,800.9909248,1840.1021132800001,0,0.0,1.0,Rank+
TGTCAGAAGTTGTAAC-1,1,32,44,4193,0,0,2,672.54711296,835.5979366400001,5,0.0,9.818511898629367e-05,Rank-
TGTCAGATAAGGTGAC-1,1,17,1,4194,0,0,0,85.35395328,472.11170816000003,5,0.0,3.7830017438934826e-13,Rank-
TGTCAGTGGCTTCCAT-1,1,55,67,4195,0,0,0,983.48473344,1387.80873728,1,0.0,2.134392929065143e-08,Rank-
TGTCATCCAAGCTGCG-1,1,24,124,4196,0,0,0,1772.5396172800001,654.2301696,4,1.0,0.9125754237174988,Background
TGTCATGCATGAGCAC-1,1,34,108,4197,0,0,0,1550.78449152,891.1493222400001,4,0.0,0.0010221622651442885,Rank-
TGTCATGTGACACGCT-1,1,7,11,4198,0,0,8,224.75790336,234.44186112,4,0.0,0.9999997615814209,Rank+
TGTCCATGTATGGAAT-1,1,27,97,4199,0,0,4,1401.24616704,722.61842944,2,1.0,0.005576679483056068,Background
TGTCCTCAACGTTCTA-1,1,13,35,4200,0,0,6,553.03656448,380.67713024,1,0.0,1.5185476209822468e-09,Rank-
TGTCCTTCGCCTCGTA-1,1,2,40,4201,0,0,0,623.97718528,118.53464576,4,1.0,0.05348656699061394,Background
TGTCGAGTGCGTTAGC-1,1,18,30,4202,0,0,6,483.29705472,499.51205376,2,0.0,3.587549883832253e-07,Rank-
TGTCGATTCACGTAGT-1,1,58,46,4203,0,0,4,694.54245888,1456.94769152,2,0.0,1.1638572744443465e-10,Rank-
TGTCGCGGAAGAGCTA-1,1,61,31,4204,0,0,2,487.95136,1526.76227072,5,1.0,0.9453344941139221,Background
TGTCGTTCATACGATA-1,1,59,43,4205,0,0,1,653.1041280000001,1480.44442624,0,0.0,1.0,Rank+
TGTCTAAGCAGACGTA-1,1,12,62,4206,0,0,1,923.87959808,360.03303424,0,0.0,1.0,Rank+
TGTCTGGCTTGTCTGT-1,1,12,108,4207,0,0,5,1555.4387968,365.66324224,2,0.0,1.4135379065166598e-12,Rank-
TGTCTGTAAGCGAACT-1,1,18,76,4208,0,0,10,1114.85625344,505.06719232,5,0.0,0.9958517551422119,Rank+
TGTCTTGCGACTAATT-1,1,36,50,4209,0,0,1,754.0725248,931.91202816,0,0.0,1.83239571924787e-05,Rank-
TGTCTTGGAATTGGCA-1,1,41,45,4210,0,0,4,684.40808448,1050.74695168,2,0.0,0.00011235455895075575,Rank-
TGTTAAGGAAGTCTTA-1,1,54,96,4211,0,0,1,1381.80318208,1367.46491904,0,0.0,1.0,Rank+
TGTTACCTATTGGACA-1,1,54,60,4212,0,0,0,887.5459891200001,1363.11089152,1,0.0,4.653692503461186e-33,Rank-
TGTTCACTCACGGTAA-1,1,15,123,4213,0,0,0,1760.67864576,439.08115456,4,0.0,7.746489674763726e-14,Rank-
TGTTCACTGTCTTCCT-1,1,23,13,4214,0,0,11,248.8551936,616.8455884800001,0,0.0,1.0,Rank+
TGTTCAGAACGGTGTA-1,1,44,44,4215,0,0,5,669.9947520000001,1122.288128,2,0.0,0.0001725552574498579,Rank-
TGTTCAGATAACGGTC-1,1,68,120,4216,0,0,3,1708.28017664,1704.8269824000001,0,0.0,0.9999998807907104,Rank+
TGTTCATAGTATGACG-1,1,49,33,4217,0,0,3,517.979136,1240.37235712,0,0.0,0.9999996423721313,Rank+
TGTTCATTGGTCCAAG-1,1,55,99,4218,0,0,3,1422.79109632,1391.71234816,0,0.0,1.0,Rank+
TGTTCCTCACATTAAT-1,1,36,100,4219,0,0,0,1440.50748416,937.9926528,1,0.0,1.0398299049454142e-33,Rank-
TGTTCGTGACCAGTAG-1,1,75,117,4220,0,0,7,1665.64073472,1871.6312780800001,3,0.0,1.0134165034925147e-10,Rank-
TGTTCTGCTCTGTCGT-1,1,39,39,4221,0,0,1,602.432256,1002.2520934400001,0,0.0,1.0,Rank+
TGTTGCGTCCAAGATT-1,1,51,65,4222,0,0,0,956.83508224,1292.02013184,1,0.0,1.4752489000308248e-33,Rank-
TGTTGGAACGAGGTCA-1,1,28,72,4223,0,0,1,1057.80347904,743.48773376,0,0.0,0.9999823570251465,Rank+
TGTTGGATGGACTTCT-1,1,13,53,4224,0,0,1,800.09009152,382.854144,0,0.0,1.0,Rank+
TGTTGGCCAGACCTAC-1,1,49,47,4225,0,0,6,710.1569024,1242.09895424,2,0.0,1.0078633619955285e-13,Rank-
TGTTGGCCTACACGTG-1,1,37,127,4226,0,0,10,1810.97517056,965.16779008,2,0.0,1.0,Rank+
